[main 553743a] Daglig UU-rapport 2026-04-21 [skip ci]
 34 files changed, 11399 insertions(+), 242 deletions(-)
 create mode 100644 docs/arkiv/2026-04-20/monkey-rapport-00-16.html
 create mode 100644 docs/arkiv/2026-04-20/negativ-rapport-00-17.html
 create mode 100644 docs/arkiv/2026-04-20/sikkerhet-rapport-00-17.html
 create mode 100644 docs/arkiv/2026-04-20/uu-rapport-00-16.html
 create mode 100644 docs/arkiv/2026-04-20/uu-rapport-13-08.html
 create mode 100644 rapporter/2026-04-20/monkey-rapport-00-16.html
 create mode 100644 rapporter/2026-04-20/monkey-resultat-00-16.json
 create mode 100644 rapporter/2026-04-20/negativ-rapport-00-17.html
 create mode 100644 rapporter/2026-04-20/negativ-resultat-00-17.json
 create mode 100644 rapporter/2026-04-20/resultat-00-16.json
 create mode 100644 rapporter/2026-04-20/resultat-13-08.json
 create mode 100644 rapporter/2026-04-20/sikkerhet-rapport-00-17.html
 create mode 100644 rapporter/2026-04-20/sikkerhet-resultat-00-17.json
 create mode 100644 rapporter/2026-04-20/uu-rapport-00-16.html
 create mode 100644 rapporter/2026-04-20/uu-rapport-13-08.html
[main 5f25a29] Daglig UU-rapport 2026-04-21 [skip ci]
 74 files changed, 8391 insertions(+), 118 deletions(-)
 create mode 100644 docs/arkiv/2026-04-20/monkey-rapport-01-35.html
 create mode 100644 docs/arkiv/2026-04-20/negativ-rapport-01-36.html
 create mode 100644 docs/arkiv/2026-04-20/sikkerhet-rapport-01-36.html
 create mode 100644 docs/arkiv/2026-04-20/skjermbilder-monkey/monkey-feilside-10.png
 create mode 100644 docs/arkiv/2026-04-20/skjermbilder-monkey/monkey-feilside-12.png
 create mode 100644 docs/arkiv/2026-04-20/skjermbilder-monkey/monkey-feilside-14.png
 create mode 100644 docs/arkiv/2026-04-20/skjermbilder-monkey/monkey-feilside-15.png
 create mode 100644 docs/arkiv/2026-04-20/skjermbilder-monkey/monkey-feilside-4.png
 create mode 100644 docs/arkiv/2026-04-20/skjermbilder-monkey/monkey-feilside-5.png
 create mode 100644 docs/arkiv/2026-04-20/skjermbilder-monkey/monkey-feilside-8.png
 create mode 100644 docs/arkiv/2026-04-20/skjermbilder-monkey/monkey-pre-submit-1.png
 create mode 100644 docs/arkiv/2026-04-20/skjermbilder-monkey/monkey-pre-submit-11.png
 create mode 100644 docs/arkiv/2026-04-20/skjermbilder-monkey/monkey-pre-submit-13.png
 create mode 100644 docs/arkiv/2026-04-20/skjermbilder-monkey/monkey-pre-submit-6.png
 create mode 100644 docs/arkiv/2026-04-20/skjermbilder-monkey/monkey-pre-submit-7.png
 create mode 100644 docs/arkiv/2026-04-20/skjermbilder-monkey/monkey-pre-submit-9.png
 create mode 100644 docs/arkiv/2026-04-20/uu-rapport-01-35.html
 create mode 100644 docs/skjermbilder-monkey/monkey-feilside-12.png
 create mode 100644 docs/skjermbilder-monkey/monkey-feilside-14.png
 create mode 100644 docs/skjermbilder-monkey/monkey-feilside-15.png
 create mode 100644 docs/skjermbilder-monkey/monkey-pre-submit-11.png
 create mode 100644 docs/skjermbilder-monkey/monkey-pre-submit-13.png
 create mode 100644 rapporter/2026-04-20/monkey-rapport-01-35.html
 create mode 100644 rapporter/2026-04-20/monkey-resultat-01-35.json
 create mode 100644 rapporter/2026-04-20/negativ-rapport-01-36.html
 create mode 100644 rapporter/2026-04-20/negativ-resultat-01-36.json
 create mode 100644 rapporter/2026-04-20/resultat-01-35.json
 create mode 100644 rapporter/2026-04-20/sikkerhet-rapport-01-36.html
 create mode 100644 rapporter/2026-04-20/sikkerhet-resultat-01-36.json
 create mode 100644 rapporter/2026-04-20/skjermbilder-monkey/monkey-feilside-10.png
 create mode 100644 rapporter/2026-04-20/skjermbilder-monkey/monkey-feilside-12.png
 create mode 100644 rapporter/2026-04-20/skjermbilder-monkey/monkey-feilside-14.png
 create mode 100644 rapporter/2026-04-20/skjermbilder-monkey/monkey-feilside-15.png
 create mode 100644 rapporter/2026-04-20/skjermbilder-monkey/monkey-feilside-4.png
 create mode 100644 rapporter/2026-04-20/skjermbilder-monkey/monkey-feilside-5.png
 create mode 100644 rapporter/2026-04-20/skjermbilder-monkey/monkey-feilside-8.png
 create mode 100644 rapporter/2026-04-20/skjermbilder-monkey/monkey-pre-submit-1.png
 create mode 100644 rapporter/2026-04-20/skjermbilder-monkey/monkey-pre-submit-11.png
 create mode 100644 rapporter/2026-04-20/skjermbilder-monkey/monkey-pre-submit-13.png
 create mode 100644 rapporter/2026-04-20/skjermbilder-monkey/monkey-pre-submit-6.png
 create mode 100644 rapporter/2026-04-20/skjermbilder-monkey/monkey-pre-submit-7.png
 create mode 100644 rapporter/2026-04-20/skjermbilder-monkey/monkey-pre-submit-9.png
 create mode 100644 rapporter/2026-04-20/uu-rapport-01-35.html
[main 61cda5d] Daglig UU-rapport 2026-04-21 [skip ci]
 78 files changed, 14486 insertions(+), 264 deletions(-)
 create mode 100644 docs/arkiv/2026-04-21/monkey-rapport-02-07.html
 create mode 100644 docs/arkiv/2026-04-21/monkey-rapport.html
 create mode 100644 docs/arkiv/2026-04-21/negativ-rapport-02-08.html
 create mode 100644 docs/arkiv/2026-04-21/negativ-rapport.html
 create mode 100644 docs/arkiv/2026-04-21/sikkerhet-rapport-02-08.html
 create mode 100644 docs/arkiv/2026-04-21/sikkerhet-rapport.html
 create mode 100644 docs/arkiv/2026-04-21/skjermbilder-monkey/monkey-feilside-3.png
 create mode 100644 docs/arkiv/2026-04-21/skjermbilder-monkey/monkey-feilside-8.png
 create mode 100644 docs/arkiv/2026-04-21/skjermbilder-monkey/monkey-pre-submit-1.png
 create mode 100644 docs/arkiv/2026-04-21/skjermbilder-monkey/monkey-pre-submit-2.png
 create mode 100644 docs/arkiv/2026-04-21/skjermbilder-monkey/monkey-pre-submit-4.png
 create mode 100644 docs/arkiv/2026-04-21/skjermbilder-monkey/monkey-pre-submit-5.png
 create mode 100644 docs/arkiv/2026-04-21/skjermbilder-monkey/monkey-pre-submit-6.png
 create mode 100644 docs/arkiv/2026-04-21/skjermbilder-monkey/monkey-pre-submit-7.png
 create mode 100644 docs/arkiv/2026-04-21/skjermbilder-negativ/negativ-mobil-5.png
 create mode 100644 docs/arkiv/2026-04-21/skjermbilder-negativ/negativ-url-ingen-feilside-1.png
 create mode 100644 docs/arkiv/2026-04-21/skjermbilder-negativ/negativ-url-ingen-feilside-2.png
 create mode 100644 docs/arkiv/2026-04-21/skjermbilder-negativ/negativ-url-ingen-feilside-3.png
 create mode 100644 docs/arkiv/2026-04-21/skjermbilder-negativ/negativ-url-ingen-feilside-4.png
 create mode 100644 docs/arkiv/2026-04-21/skjermbilder/s2-page-has-heading-one-0-element.png
 create mode 100644 docs/arkiv/2026-04-21/skjermbilder/s2-page-has-heading-one-0-side.png
 create mode 100644 docs/arkiv/2026-04-21/skjermbilder/s4-doede-lenker-side.png
 create mode 100644 docs/arkiv/2026-04-21/skjermbilder/s5-doede-lenker-side.png
 create mode 100644 docs/arkiv/2026-04-21/skjermbilder/s6-doede-lenker-side.png
 create mode 100644 docs/arkiv/2026-04-21/skjermbilder/s7-doede-lenker-side.png
 create mode 100644 docs/arkiv/2026-04-21/skjermbilder/s8-doede-lenker-side.png
 create mode 100644 docs/arkiv/2026-04-21/uu-rapport-02-07.html
 create mode 100644 docs/arkiv/2026-04-21/uu-rapport.html
 create mode 100644 rapporter/2026-04-21/monkey-rapport-02-07.html
 create mode 100644 rapporter/2026-04-21/monkey-rapport.html
 create mode 100644 rapporter/2026-04-21/monkey-resultat-02-07.json
 create mode 100644 rapporter/2026-04-21/monkey-resultat.json
 create mode 100644 rapporter/2026-04-21/negativ-rapport-02-08.html
 create mode 100644 rapporter/2026-04-21/negativ-rapport.html
 create mode 100644 rapporter/2026-04-21/negativ-resultat-02-08.json
 create mode 100644 rapporter/2026-04-21/negativ-resultat.json
 create mode 100644 rapporter/2026-04-21/resultat-02-07.json
 create mode 100644 rapporter/2026-04-21/resultat.json
 create mode 100644 rapporter/2026-04-21/sikkerhet-rapport-02-08.html
 create mode 100644 rapporter/2026-04-21/sikkerhet-rapport.html
 create mode 100644 rapporter/2026-04-21/sikkerhet-resultat-02-08.json
 create mode 100644 rapporter/2026-04-21/sikkerhet-resultat.json
 create mode 100644 rapporter/2026-04-21/skjermbilder-monkey/monkey-feilside-3.png
 create mode 100644 rapporter/2026-04-21/skjermbilder-monkey/monkey-feilside-8.png
 create mode 100644 rapporter/2026-04-21/skjermbilder-monkey/monkey-pre-submit-1.png
 create mode 100644 rapporter/2026-04-21/skjermbilder-monkey/monkey-pre-submit-2.png
 create mode 100644 rapporter/2026-04-21/skjermbilder-monkey/monkey-pre-submit-4.png
 create mode 100644 rapporter/2026-04-21/skjermbilder-monkey/monkey-pre-submit-5.png
 create mode 100644 rapporter/2026-04-21/skjermbilder-monkey/monkey-pre-submit-6.png
 create mode 100644 rapporter/2026-04-21/skjermbilder-monkey/monkey-pre-submit-7.png
 create mode 100644 rapporter/2026-04-21/skjermbilder-negativ/negativ-mobil-5.png
 create mode 100644 rapporter/2026-04-21/skjermbilder-negativ/negativ-url-ingen-feilside-1.png
 create mode 100644 rapporter/2026-04-21/skjermbilder-negativ/negativ-url-ingen-feilside-2.png
 create mode 100644 rapporter/2026-04-21/skjermbilder-negativ/negativ-url-ingen-feilside-3.png
 create mode 100644 rapporter/2026-04-21/skjermbilder-negativ/negativ-url-ingen-feilside-4.png
 create mode 100644 rapporter/2026-04-21/skjermbilder/s2-page-has-heading-one-0-element.png
 create mode 100644 rapporter/2026-04-21/skjermbilder/s2-page-has-heading-one-0-side.png
 create mode 100644 rapporter/2026-04-21/skjermbilder/s4-doede-lenker-side.png
 create mode 100644 rapporter/2026-04-21/skjermbilder/s5-doede-lenker-side.png
 create mode 100644 rapporter/2026-04-21/skjermbilder/s6-doede-lenker-side.png
 create mode 100644 rapporter/2026-04-21/skjermbilder/s7-doede-lenker-side.png
 create mode 100644 rapporter/2026-04-21/skjermbilder/s8-doede-lenker-side.png
 create mode 100644 rapporter/2026-04-21/uu-rapport-02-07.html
 create mode 100644 rapporter/2026-04-21/uu-rapport.html
[main 734c862] Daglig UU-rapport 2026-04-24 [skip ci]
 73 files changed, 15231 insertions(+), 337 deletions(-)
 create mode 100644 docs/arkiv/2026-04-24/monkey-rapport-08-06.html
 create mode 100644 docs/arkiv/2026-04-24/monkey-rapport.html
 create mode 100644 docs/arkiv/2026-04-24/negativ-rapport-08-08.html
 create mode 100644 docs/arkiv/2026-04-24/negativ-rapport.html
 create mode 100644 docs/arkiv/2026-04-24/sikkerhet-rapport-08-07.html
 create mode 100644 docs/arkiv/2026-04-24/sikkerhet-rapport.html
 create mode 100644 docs/arkiv/2026-04-24/skjermbilder-monkey/monkey-feilside-2.png
 create mode 100644 docs/arkiv/2026-04-24/skjermbilder-monkey/monkey-feilside-4.png
 create mode 100644 docs/arkiv/2026-04-24/skjermbilder-monkey/monkey-pre-submit-1.png
 create mode 100644 docs/arkiv/2026-04-24/skjermbilder-monkey/monkey-pre-submit-3.png
 create mode 100644 docs/arkiv/2026-04-24/skjermbilder-monkey/monkey-pre-submit-5.png
 create mode 100644 docs/arkiv/2026-04-24/skjermbilder-monkey/monkey-pre-submit-6.png
 create mode 100644 docs/arkiv/2026-04-24/skjermbilder-negativ/negativ-mobil-5.png
 create mode 100644 docs/arkiv/2026-04-24/skjermbilder-negativ/negativ-url-ingen-feilside-1.png
 create mode 100644 docs/arkiv/2026-04-24/skjermbilder-negativ/negativ-url-ingen-feilside-2.png
 create mode 100644 docs/arkiv/2026-04-24/skjermbilder-negativ/negativ-url-ingen-feilside-3.png
 create mode 100644 docs/arkiv/2026-04-24/skjermbilder-negativ/negativ-url-ingen-feilside-4.png
 create mode 100644 docs/arkiv/2026-04-24/skjermbilder/s2-page-has-heading-one-0-element.png
 create mode 100644 docs/arkiv/2026-04-24/skjermbilder/s2-page-has-heading-one-0-side.png
 create mode 100644 docs/arkiv/2026-04-24/skjermbilder/s4-doede-lenker-side.png
 create mode 100644 docs/arkiv/2026-04-24/skjermbilder/s5-doede-lenker-side.png
 create mode 100644 docs/arkiv/2026-04-24/skjermbilder/s6-doede-lenker-side.png
 create mode 100644 docs/arkiv/2026-04-24/skjermbilder/s7-doede-lenker-side.png
 create mode 100644 docs/arkiv/2026-04-24/skjermbilder/s8-doede-lenker-side.png
 create mode 100644 docs/arkiv/2026-04-24/uu-rapport-07-45.html
 create mode 100644 docs/arkiv/2026-04-24/uu-rapport.html
 create mode 100644 docs/arkiv/2026-04-24/ytelse-rapport.html
 create mode 100644 rapporter/2026-04-24/monkey-rapport-08-06.html
 create mode 100644 rapporter/2026-04-24/monkey-rapport.html
 create mode 100644 rapporter/2026-04-24/monkey-resultat-08-06.json
 create mode 100644 rapporter/2026-04-24/monkey-resultat.json
 create mode 100644 rapporter/2026-04-24/negativ-rapport-08-08.html
 create mode 100644 rapporter/2026-04-24/negativ-rapport.html
 create mode 100644 rapporter/2026-04-24/negativ-resultat-08-08.json
 create mode 100644 rapporter/2026-04-24/negativ-resultat.json
 create mode 100644 rapporter/2026-04-24/resultat-07-45.json
 create mode 100644 rapporter/2026-04-24/resultat.json
 create mode 100644 rapporter/2026-04-24/sikkerhet-rapport-08-07.html
 create mode 100644 rapporter/2026-04-24/sikkerhet-rapport.html
 create mode 100644 rapporter/2026-04-24/sikkerhet-resultat-08-07.json
 create mode 100644 rapporter/2026-04-24/sikkerhet-resultat.json
 create mode 100644 rapporter/2026-04-24/skjermbilder-monkey/monkey-feilside-2.png
 create mode 100644 rapporter/2026-04-24/skjermbilder-monkey/monkey-feilside-4.png
 create mode 100644 rapporter/2026-04-24/skjermbilder-monkey/monkey-pre-submit-1.png
 create mode 100644 rapporter/2026-04-24/skjermbilder-monkey/monkey-pre-submit-3.png
 create mode 100644 rapporter/2026-04-24/skjermbilder-monkey/monkey-pre-submit-5.png
 create mode 100644 rapporter/2026-04-24/skjermbilder-monkey/monkey-pre-submit-6.png
 create mode 100644 rapporter/2026-04-24/skjermbilder-negativ/negativ-mobil-5.png
 create mode 100644 rapporter/2026-04-24/skjermbilder-negativ/negativ-url-ingen-feilside-1.png
 create mode 100644 rapporter/2026-04-24/skjermbilder-negativ/negativ-url-ingen-feilside-2.png
 create mode 100644 rapporter/2026-04-24/skjermbilder-negativ/negativ-url-ingen-feilside-3.png
 create mode 100644 rapporter/2026-04-24/skjermbilder-negativ/negativ-url-ingen-feilside-4.png
 create mode 100644 rapporter/2026-04-24/skjermbilder/s2-page-has-heading-one-0-element.png
 create mode 100644 rapporter/2026-04-24/skjermbilder/s2-page-has-heading-one-0-side.png
 create mode 100644 rapporter/2026-04-24/skjermbilder/s4-doede-lenker-side.png
 create mode 100644 rapporter/2026-04-24/skjermbilder/s5-doede-lenker-side.png
 create mode 100644 rapporter/2026-04-24/skjermbilder/s6-doede-lenker-side.png
 create mode 100644 rapporter/2026-04-24/skjermbilder/s7-doede-lenker-side.png
 create mode 100644 rapporter/2026-04-24/skjermbilder/s8-doede-lenker-side.png
 create mode 100644 rapporter/2026-04-24/uu-rapport-07-45.html
 create mode 100644 rapporter/2026-04-24/uu-rapport.html
 create mode 100644 rapporter/2026-04-24/ytelse-rapport.html
 create mode 100644 rapporter/2026-04-24/ytelse-resultat.json
[main ee07b8a] Daglig UU-rapport 2026-04-27 [skip ci]
 76 files changed, 14311 insertions(+), 1986 deletions(-)
 create mode 100644 docs/arkiv/2026-04-27/monkey-rapport-05-28.html
 create mode 100644 docs/arkiv/2026-04-27/monkey-rapport.html
 create mode 100644 docs/arkiv/2026-04-27/negativ-rapport-06-03.html
 create mode 100644 docs/arkiv/2026-04-27/negativ-rapport.html
 create mode 100644 docs/arkiv/2026-04-27/sikkerhet-rapport-06-03.html
 create mode 100644 docs/arkiv/2026-04-27/sikkerhet-rapport.html
 create mode 100644 docs/arkiv/2026-04-27/skjermbilder-monkey/monkey-pre-submit-1.png
 create mode 100644 docs/arkiv/2026-04-27/skjermbilder-monkey/monkey-pre-submit-2.png
 create mode 100644 docs/arkiv/2026-04-27/skjermbilder-monkey/monkey-pre-submit-3.png
 create mode 100644 docs/arkiv/2026-04-27/skjermbilder-monkey/monkey-pre-submit-4.png
 create mode 100644 docs/arkiv/2026-04-27/skjermbilder-monkey/monkey-pre-submit-5.png
 create mode 100644 docs/arkiv/2026-04-27/skjermbilder-monkey/monkey-pre-submit-6.png
 create mode 100644 docs/arkiv/2026-04-27/skjermbilder-negativ/negativ-mobil-5.png
 create mode 100644 docs/arkiv/2026-04-27/skjermbilder-negativ/negativ-url-ingen-feilside-1.png
 create mode 100644 docs/arkiv/2026-04-27/skjermbilder-negativ/negativ-url-ingen-feilside-2.png
 create mode 100644 docs/arkiv/2026-04-27/skjermbilder-negativ/negativ-url-ingen-feilside-3.png
 create mode 100644 docs/arkiv/2026-04-27/skjermbilder-negativ/negativ-url-ingen-feilside-4.png
 create mode 100644 docs/arkiv/2026-04-27/skjermbilder/s2-page-has-heading-one-0-element.png
 create mode 100644 docs/arkiv/2026-04-27/skjermbilder/s2-page-has-heading-one-0-side.png
 create mode 100644 docs/arkiv/2026-04-27/skjermbilder/s4-doede-lenker-side.png
 create mode 100644 docs/arkiv/2026-04-27/skjermbilder/s5-doede-lenker-side.png
 create mode 100644 docs/arkiv/2026-04-27/skjermbilder/s6-doede-lenker-side.png
 create mode 100644 docs/arkiv/2026-04-27/skjermbilder/s7-doede-lenker-side.png
 create mode 100644 docs/arkiv/2026-04-27/skjermbilder/s8-doede-lenker-side.png
 create mode 100644 docs/arkiv/2026-04-27/uu-rapport-04-20.html
 create mode 100644 docs/arkiv/2026-04-27/uu-rapport.html
 create mode 100644 docs/arkiv/2026-04-27/ytelse-rapport.html
 create mode 100644 rapporter/2026-04-27/monkey-rapport-05-28.html
 create mode 100644 rapporter/2026-04-27/monkey-rapport.html
 create mode 100644 rapporter/2026-04-27/monkey-resultat-05-28.json
 create mode 100644 rapporter/2026-04-27/monkey-resultat.json
 create mode 100644 rapporter/2026-04-27/negativ-rapport-06-03.html
 create mode 100644 rapporter/2026-04-27/negativ-rapport.html
 create mode 100644 rapporter/2026-04-27/negativ-resultat-06-03.json
 create mode 100644 rapporter/2026-04-27/negativ-resultat.json
 create mode 100644 rapporter/2026-04-27/resultat-04-20.json
 create mode 100644 rapporter/2026-04-27/resultat.json
 create mode 100644 rapporter/2026-04-27/sikkerhet-rapport-06-03.html
 create mode 100644 rapporter/2026-04-27/sikkerhet-rapport.html
 create mode 100644 rapporter/2026-04-27/sikkerhet-resultat-06-03.json
 create mode 100644 rapporter/2026-04-27/sikkerhet-resultat.json
 create mode 100644 rapporter/2026-04-27/skjermbilder-monkey/monkey-pre-submit-1.png
 create mode 100644 rapporter/2026-04-27/skjermbilder-monkey/monkey-pre-submit-2.png
 create mode 100644 rapporter/2026-04-27/skjermbilder-monkey/monkey-pre-submit-3.png
 create mode 100644 rapporter/2026-04-27/skjermbilder-monkey/monkey-pre-submit-4.png
 create mode 100644 rapporter/2026-04-27/skjermbilder-monkey/monkey-pre-submit-5.png
 create mode 100644 rapporter/2026-04-27/skjermbilder-monkey/monkey-pre-submit-6.png
 create mode 100644 rapporter/2026-04-27/skjermbilder-negativ/negativ-mobil-5.png
 create mode 100644 rapporter/2026-04-27/skjermbilder-negativ/negativ-url-ingen-feilside-1.png
 create mode 100644 rapporter/2026-04-27/skjermbilder-negativ/negativ-url-ingen-feilside-2.png
 create mode 100644 rapporter/2026-04-27/skjermbilder-negativ/negativ-url-ingen-feilside-3.png
 create mode 100644 rapporter/2026-04-27/skjermbilder-negativ/negativ-url-ingen-feilside-4.png
 create mode 100644 rapporter/2026-04-27/skjermbilder/s2-page-has-heading-one-0-element.png
 create mode 100644 rapporter/2026-04-27/skjermbilder/s2-page-has-heading-one-0-side.png
 create mode 100644 rapporter/2026-04-27/skjermbilder/s4-doede-lenker-side.png
 create mode 100644 rapporter/2026-04-27/skjermbilder/s5-doede-lenker-side.png
 create mode 100644 rapporter/2026-04-27/skjermbilder/s6-doede-lenker-side.png
 create mode 100644 rapporter/2026-04-27/skjermbilder/s7-doede-lenker-side.png
 create mode 100644 rapporter/2026-04-27/skjermbilder/s8-doede-lenker-side.png
 create mode 100644 rapporter/2026-04-27/uu-rapport-04-20.html
 create mode 100644 rapporter/2026-04-27/uu-rapport.html
 create mode 100644 rapporter/2026-04-27/ytelse-rapport.html
 create mode 100644 rapporter/2026-04-27/ytelse-resultat.json
[main d3f89aa] Daglig UU-rapport 2026-04-28 [skip ci]
 70 files changed, 12673 insertions(+), 293 deletions(-)
 create mode 100644 docs/arkiv/2026-04-28/monkey-rapport-08-32.html
 create mode 100644 docs/arkiv/2026-04-28/negativ-rapport-08-32.html
 create mode 100644 docs/arkiv/2026-04-28/sikkerhet-rapport-08-32.html
 create mode 100644 docs/arkiv/2026-04-28/uu-rapport-08-31.html
 create mode 100644 rapporter/2026-04-28/monkey-rapport-08-32.html
 create mode 100644 rapporter/2026-04-28/monkey-resultat-08-32.json
 create mode 100644 rapporter/2026-04-28/negativ-rapport-08-32.html
 create mode 100644 rapporter/2026-04-28/negativ-resultat-08-32.json
 create mode 100644 rapporter/2026-04-28/resultat-08-31.json
 create mode 100644 rapporter/2026-04-28/sikkerhet-rapport-08-32.html
 create mode 100644 rapporter/2026-04-28/sikkerhet-resultat-08-32.json
 create mode 100644 rapporter/2026-04-28/uu-rapport-08-31.html
[main 007e875] Daglig UU-rapport 2026-04-29 [skip ci]
 154 files changed, 25212 insertions(+), 327 deletions(-)
 create mode 100644 docs/arkiv/2026-04-29/monkey-rapport-08-48.html
 create mode 100644 docs/arkiv/2026-04-29/monkey-rapport.html
 create mode 100644 docs/arkiv/2026-04-29/negativ-rapport-08-48.html
 create mode 100644 docs/arkiv/2026-04-29/negativ-rapport.html
 create mode 100644 docs/arkiv/2026-04-29/sikkerhet-rapport-08-48.html
 create mode 100644 docs/arkiv/2026-04-29/sikkerhet-rapport.html
 create mode 100644 docs/arkiv/2026-04-29/skjermbilder-monkey/monkey-pre-submit-1.png
 create mode 100644 docs/arkiv/2026-04-29/skjermbilder-monkey/monkey-pre-submit-2.png
 create mode 100644 docs/arkiv/2026-04-29/skjermbilder-monkey/monkey-pre-submit-3.png
 create mode 100644 docs/arkiv/2026-04-29/skjermbilder-monkey/monkey-pre-submit-4.png
 create mode 100644 docs/arkiv/2026-04-29/skjermbilder-monkey/monkey-pre-submit-5.png
 create mode 100644 docs/arkiv/2026-04-29/skjermbilder-monkey/monkey-pre-submit-6.png
 create mode 100644 docs/arkiv/2026-04-29/skjermbilder-monkey/monkey-pre-submit-7.png
 create mode 100644 docs/arkiv/2026-04-29/skjermbilder-monkey/monkey-pre-submit-8.png
 create mode 100644 docs/arkiv/2026-04-29/skjermbilder-negativ/negativ-mobil-5.png
 create mode 100644 docs/arkiv/2026-04-29/skjermbilder-negativ/negativ-url-ingen-feilside-1.png
 create mode 100644 docs/arkiv/2026-04-29/skjermbilder-negativ/negativ-url-ingen-feilside-2.png
 create mode 100644 docs/arkiv/2026-04-29/skjermbilder-negativ/negativ-url-ingen-feilside-3.png
 create mode 100644 docs/arkiv/2026-04-29/skjermbilder-negativ/negativ-url-ingen-feilside-4.png
 create mode 100644 docs/arkiv/2026-04-29/skjermbilder/s10-landmark-one-main-0-element.png
 create mode 100644 docs/arkiv/2026-04-29/skjermbilder/s10-landmark-one-main-0-side.png
 create mode 100644 docs/arkiv/2026-04-29/skjermbilder/s10-region-1-element.png
 create mode 100644 docs/arkiv/2026-04-29/skjermbilder/s10-region-1-side.png
 create mode 100644 docs/arkiv/2026-04-29/skjermbilder/s11-landmark-one-main-0-element.png
 create mode 100644 docs/arkiv/2026-04-29/skjermbilder/s11-landmark-one-main-0-side.png
 create mode 100644 docs/arkiv/2026-04-29/skjermbilder/s11-region-1-element.png
 create mode 100644 docs/arkiv/2026-04-29/skjermbilder/s11-region-1-side.png
 create mode 100644 docs/arkiv/2026-04-29/skjermbilder/s12-landmark-one-main-0-element.png
 create mode 100644 docs/arkiv/2026-04-29/skjermbilder/s12-landmark-one-main-0-side.png
 create mode 100644 docs/arkiv/2026-04-29/skjermbilder/s12-region-1-element.png
 create mode 100644 docs/arkiv/2026-04-29/skjermbilder/s12-region-1-side.png
 create mode 100644 docs/arkiv/2026-04-29/skjermbilder/s13-landmark-one-main-0-element.png
 create mode 100644 docs/arkiv/2026-04-29/skjermbilder/s13-landmark-one-main-0-side.png
 create mode 100644 docs/arkiv/2026-04-29/skjermbilder/s13-region-1-element.png
 create mode 100644 docs/arkiv/2026-04-29/skjermbilder/s13-region-1-side.png
 create mode 100644 docs/arkiv/2026-04-29/skjermbilder/s14-landmark-one-main-0-element.png
 create mode 100644 docs/arkiv/2026-04-29/skjermbilder/s14-landmark-one-main-0-side.png
 create mode 100644 docs/arkiv/2026-04-29/skjermbilder/s14-region-1-element.png
 create mode 100644 docs/arkiv/2026-04-29/skjermbilder/s14-region-1-side.png
 create mode 100644 docs/arkiv/2026-04-29/skjermbilder/s15-landmark-one-main-0-element.png
 create mode 100644 docs/arkiv/2026-04-29/skjermbilder/s15-landmark-one-main-0-side.png
 create mode 100644 docs/arkiv/2026-04-29/skjermbilder/s15-region-1-element.png
 create mode 100644 docs/arkiv/2026-04-29/skjermbilder/s15-region-1-side.png
 create mode 100644 docs/arkiv/2026-04-29/skjermbilder/s16-landmark-one-main-0-element.png
 create mode 100644 docs/arkiv/2026-04-29/skjermbilder/s16-landmark-one-main-0-side.png
 create mode 100644 docs/arkiv/2026-04-29/skjermbilder/s16-region-1-element.png
 create mode 100644 docs/arkiv/2026-04-29/skjermbilder/s16-region-1-side.png
 create mode 100644 docs/arkiv/2026-04-29/skjermbilder/s17-doede-lenker-side.png
 create mode 100644 docs/arkiv/2026-04-29/skjermbilder/s2-page-has-heading-one-0-element.png
 create mode 100644 docs/arkiv/2026-04-29/skjermbilder/s2-page-has-heading-one-0-side.png
 create mode 100644 docs/arkiv/2026-04-29/skjermbilder/s3-doede-lenker-side.png
 create mode 100644 docs/arkiv/2026-04-29/skjermbilder/s4-doede-lenker-side.png
 create mode 100644 docs/arkiv/2026-04-29/skjermbilder/s5-doede-lenker-side.png
 create mode 100644 docs/arkiv/2026-04-29/skjermbilder/s6-doede-lenker-side.png
 create mode 100644 docs/arkiv/2026-04-29/skjermbilder/s7-doede-lenker-side.png
 create mode 100644 docs/arkiv/2026-04-29/skjermbilder/s8-doede-lenker-side.png
 create mode 100644 docs/arkiv/2026-04-29/skjermbilder/s9-landmark-one-main-0-element.png
 create mode 100644 docs/arkiv/2026-04-29/skjermbilder/s9-landmark-one-main-0-side.png
 create mode 100644 docs/arkiv/2026-04-29/skjermbilder/s9-region-1-element.png
 create mode 100644 docs/arkiv/2026-04-29/skjermbilder/s9-region-1-side.png
 create mode 100644 docs/arkiv/2026-04-29/uu-rapport-08-47.html
 create mode 100644 docs/arkiv/2026-04-29/uu-rapport.html
 create mode 100644 docs/arkiv/2026-04-29/ytelse-rapport.html
 create mode 100644 rapporter/2026-04-29/monkey-rapport-08-48.html
 create mode 100644 rapporter/2026-04-29/monkey-rapport.html
 create mode 100644 rapporter/2026-04-29/monkey-resultat-08-48.json
 create mode 100644 rapporter/2026-04-29/monkey-resultat.json
 create mode 100644 rapporter/2026-04-29/negativ-rapport-08-48.html
 create mode 100644 rapporter/2026-04-29/negativ-rapport.html
 create mode 100644 rapporter/2026-04-29/negativ-resultat-08-48.json
 create mode 100644 rapporter/2026-04-29/negativ-resultat.json
 create mode 100644 rapporter/2026-04-29/resultat-08-47.json
 create mode 100644 rapporter/2026-04-29/resultat.json
 create mode 100644 rapporter/2026-04-29/sikkerhet-rapport-08-48.html
 create mode 100644 rapporter/2026-04-29/sikkerhet-rapport.html
 create mode 100644 rapporter/2026-04-29/sikkerhet-resultat-08-48.json
 create mode 100644 rapporter/2026-04-29/sikkerhet-resultat.json
 create mode 100644 rapporter/2026-04-29/skjermbilder-monkey/monkey-pre-submit-1.png
 create mode 100644 rapporter/2026-04-29/skjermbilder-monkey/monkey-pre-submit-2.png
 create mode 100644 rapporter/2026-04-29/skjermbilder-monkey/monkey-pre-submit-3.png
 create mode 100644 rapporter/2026-04-29/skjermbilder-monkey/monkey-pre-submit-4.png
 create mode 100644 rapporter/2026-04-29/skjermbilder-monkey/monkey-pre-submit-5.png
 create mode 100644 rapporter/2026-04-29/skjermbilder-monkey/monkey-pre-submit-6.png
 create mode 100644 rapporter/2026-04-29/skjermbilder-monkey/monkey-pre-submit-7.png
 create mode 100644 rapporter/2026-04-29/skjermbilder-monkey/monkey-pre-submit-8.png
 create mode 100644 rapporter/2026-04-29/skjermbilder-negativ/negativ-mobil-5.png
 create mode 100644 rapporter/2026-04-29/skjermbilder-negativ/negativ-url-ingen-feilside-1.png
 create mode 100644 rapporter/2026-04-29/skjermbilder-negativ/negativ-url-ingen-feilside-2.png
 create mode 100644 rapporter/2026-04-29/skjermbilder-negativ/negativ-url-ingen-feilside-3.png
 create mode 100644 rapporter/2026-04-29/skjermbilder-negativ/negativ-url-ingen-feilside-4.png
 create mode 100644 rapporter/2026-04-29/skjermbilder/s10-landmark-one-main-0-element.png
 create mode 100644 rapporter/2026-04-29/skjermbilder/s10-landmark-one-main-0-side.png
 create mode 100644 rapporter/2026-04-29/skjermbilder/s10-region-1-element.png
 create mode 100644 rapporter/2026-04-29/skjermbilder/s10-region-1-side.png
 create mode 100644 rapporter/2026-04-29/skjermbilder/s11-landmark-one-main-0-element.png
 create mode 100644 rapporter/2026-04-29/skjermbilder/s11-landmark-one-main-0-side.png
 create mode 100644 rapporter/2026-04-29/skjermbilder/s11-region-1-element.png
 create mode 100644 rapporter/2026-04-29/skjermbilder/s11-region-1-side.png
 create mode 100644 rapporter/2026-04-29/skjermbilder/s12-landmark-one-main-0-element.png
 create mode 100644 rapporter/2026-04-29/skjermbilder/s12-landmark-one-main-0-side.png
 create mode 100644 rapporter/2026-04-29/skjermbilder/s12-region-1-element.png
 create mode 100644 rapporter/2026-04-29/skjermbilder/s12-region-1-side.png
 create mode 100644 rapporter/2026-04-29/skjermbilder/s13-landmark-one-main-0-element.png
 create mode 100644 rapporter/2026-04-29/skjermbilder/s13-landmark-one-main-0-side.png
 create mode 100644 rapporter/2026-04-29/skjermbilder/s13-region-1-element.png
 create mode 100644 rapporter/2026-04-29/skjermbilder/s13-region-1-side.png
 create mode 100644 rapporter/2026-04-29/skjermbilder/s14-landmark-one-main-0-element.png
 create mode 100644 rapporter/2026-04-29/skjermbilder/s14-landmark-one-main-0-side.png
 create mode 100644 rapporter/2026-04-29/skjermbilder/s14-region-1-element.png
 create mode 100644 rapporter/2026-04-29/skjermbilder/s14-region-1-side.png
 create mode 100644 rapporter/2026-04-29/skjermbilder/s15-landmark-one-main-0-element.png
 create mode 100644 rapporter/2026-04-29/skjermbilder/s15-landmark-one-main-0-side.png
 create mode 100644 rapporter/2026-04-29/skjermbilder/s15-region-1-element.png
 create mode 100644 rapporter/2026-04-29/skjermbilder/s15-region-1-side.png
 create mode 100644 rapporter/2026-04-29/skjermbilder/s16-landmark-one-main-0-element.png
 create mode 100644 rapporter/2026-04-29/skjermbilder/s16-landmark-one-main-0-side.png
 create mode 100644 rapporter/2026-04-29/skjermbilder/s16-region-1-element.png
 create mode 100644 rapporter/2026-04-29/skjermbilder/s16-region-1-side.png
 create mode 100644 rapporter/2026-04-29/skjermbilder/s17-doede-lenker-side.png
 create mode 100644 rapporter/2026-04-29/skjermbilder/s2-page-has-heading-one-0-element.png
 create mode 100644 rapporter/2026-04-29/skjermbilder/s2-page-has-heading-one-0-side.png
 create mode 100644 rapporter/2026-04-29/skjermbilder/s3-doede-lenker-side.png
 create mode 100644 rapporter/2026-04-29/skjermbilder/s4-doede-lenker-side.png
 create mode 100644 rapporter/2026-04-29/skjermbilder/s5-doede-lenker-side.png
 create mode 100644 rapporter/2026-04-29/skjermbilder/s6-doede-lenker-side.png
 create mode 100644 rapporter/2026-04-29/skjermbilder/s7-doede-lenker-side.png
 create mode 100644 rapporter/2026-04-29/skjermbilder/s8-doede-lenker-side.png
 create mode 100644 rapporter/2026-04-29/skjermbilder/s9-landmark-one-main-0-element.png
 create mode 100644 rapporter/2026-04-29/skjermbilder/s9-landmark-one-main-0-side.png
 create mode 100644 rapporter/2026-04-29/skjermbilder/s9-region-1-element.png
 create mode 100644 rapporter/2026-04-29/skjermbilder/s9-region-1-side.png
 create mode 100644 rapporter/2026-04-29/uu-rapport-08-47.html
 create mode 100644 rapporter/2026-04-29/uu-rapport.html
 create mode 100644 rapporter/2026-04-29/ytelse-rapport.html
 create mode 100644 rapporter/2026-04-29/ytelse-resultat.json
[main 877f725] Daglig UU-rapport 2026-04-30 [skip ci]
 81 files changed, 12703 insertions(+), 823 deletions(-)
 create mode 100644 docs/arkiv/2026-04-29/monkey-rapport-01-04.html
 create mode 100644 docs/arkiv/2026-04-29/negativ-rapport-01-05.html
 create mode 100644 docs/arkiv/2026-04-29/sikkerhet-rapport-01-04.html
 create mode 100644 docs/arkiv/2026-04-29/uu-rapport-00-39.html
 create mode 100644 rapporter/2026-04-29/monkey-rapport-01-04.html
 create mode 100644 rapporter/2026-04-29/monkey-resultat-01-04.json
 create mode 100644 rapporter/2026-04-29/negativ-rapport-01-05.html
 create mode 100644 rapporter/2026-04-29/negativ-resultat-01-05.json
 create mode 100644 rapporter/2026-04-29/resultat-00-39.json
 create mode 100644 rapporter/2026-04-29/sikkerhet-rapport-01-04.html
 create mode 100644 rapporter/2026-04-29/sikkerhet-resultat-01-04.json
 create mode 100644 rapporter/2026-04-29/uu-rapport-00-39.html
[main db92bee] Daglig UU-rapport 2026-05-01 [skip ci]
 97 files changed, 12320 insertions(+), 3866 deletions(-)
 create mode 100644 docs/arkiv/2026-04-30/monkey-rapport-01-00.html
 create mode 100644 docs/arkiv/2026-04-30/negativ-rapport-01-00.html
 create mode 100644 docs/arkiv/2026-04-30/sikkerhet-rapport-01-00.html
 create mode 100644 docs/arkiv/2026-04-30/skjermbilder/s16-doede-lenker-side.png
 create mode 100644 docs/arkiv/2026-04-30/uu-rapport-00-59.html
 create mode 100644 docs/skjermbilder/s16-doede-lenker-side.png
 create mode 100644 rapporter/2026-04-30/monkey-rapport-01-00.html
 create mode 100644 rapporter/2026-04-30/monkey-resultat-01-00.json
 create mode 100644 rapporter/2026-04-30/negativ-rapport-01-00.html
 create mode 100644 rapporter/2026-04-30/negativ-resultat-01-00.json
 create mode 100644 rapporter/2026-04-30/resultat-00-59.json
 create mode 100644 rapporter/2026-04-30/sikkerhet-rapport-01-00.html
 create mode 100644 rapporter/2026-04-30/sikkerhet-resultat-01-00.json
 create mode 100644 rapporter/2026-04-30/skjermbilder/s16-doede-lenker-side.png
 create mode 100644 rapporter/2026-04-30/uu-rapport-00-59.html
[main f797c43] Daglig UU-rapport 2026-05-01 [skip ci]
 81 files changed, 28497 insertions(+), 365 deletions(-)
 create mode 100644 docs/arkiv/2026-05-01/monkey-rapport-19-23.html
 create mode 100644 docs/arkiv/2026-05-01/monkey-rapport.html
 create mode 100644 docs/arkiv/2026-05-01/negativ-rapport-19-24.html
 create mode 100644 docs/arkiv/2026-05-01/negativ-rapport.html
 create mode 100644 docs/arkiv/2026-05-01/sikkerhet-rapport-19-23.html
 create mode 100644 docs/arkiv/2026-05-01/sikkerhet-rapport.html
 create mode 100644 docs/arkiv/2026-05-01/skjermbilder-monkey/monkey-pre-submit-1.png
 create mode 100644 docs/arkiv/2026-05-01/skjermbilder-monkey/monkey-pre-submit-2.png
 create mode 100644 docs/arkiv/2026-05-01/skjermbilder-monkey/monkey-pre-submit-3.png
 create mode 100644 docs/arkiv/2026-05-01/skjermbilder-monkey/monkey-pre-submit-4.png
 create mode 100644 docs/arkiv/2026-05-01/skjermbilder-monkey/monkey-pre-submit-5.png
 create mode 100644 docs/arkiv/2026-05-01/skjermbilder-negativ/negativ-mobil-5.png
 create mode 100644 docs/arkiv/2026-05-01/skjermbilder-negativ/negativ-url-ingen-feilside-1.png
 create mode 100644 docs/arkiv/2026-05-01/skjermbilder-negativ/negativ-url-ingen-feilside-2.png
 create mode 100644 docs/arkiv/2026-05-01/skjermbilder-negativ/negativ-url-ingen-feilside-3.png
 create mode 100644 docs/arkiv/2026-05-01/skjermbilder-negativ/negativ-url-ingen-feilside-4.png
 create mode 100644 docs/arkiv/2026-05-01/skjermbilder/s16-doede-lenker-side.png
 create mode 100644 docs/arkiv/2026-05-01/skjermbilder/s2-page-has-heading-one-0-element.png
 create mode 100644 docs/arkiv/2026-05-01/skjermbilder/s2-page-has-heading-one-0-side.png
 create mode 100644 docs/arkiv/2026-05-01/skjermbilder/s3-doede-lenker-side.png
 create mode 100644 docs/arkiv/2026-05-01/skjermbilder/s4-doede-lenker-side.png
 create mode 100644 docs/arkiv/2026-05-01/skjermbilder/s5-doede-lenker-side.png
 create mode 100644 docs/arkiv/2026-05-01/skjermbilder/s6-doede-lenker-side.png
 create mode 100644 docs/arkiv/2026-05-01/skjermbilder/s7-doede-lenker-side.png
 create mode 100644 docs/arkiv/2026-05-01/uu-rapport-08-31.html
 create mode 100644 docs/arkiv/2026-05-01/uu-rapport-19-22.html
 create mode 100644 docs/arkiv/2026-05-01/uu-rapport.html
 create mode 100644 docs/arkiv/2026-05-01/ytelse-rapport.html
 create mode 100644 rapporter/2026-05-01/monkey-rapport-19-23.html
 create mode 100644 rapporter/2026-05-01/monkey-rapport.html
 create mode 100644 rapporter/2026-05-01/monkey-resultat-19-23.json
 create mode 100644 rapporter/2026-05-01/monkey-resultat.json
 create mode 100644 rapporter/2026-05-01/negativ-rapport-19-24.html
 create mode 100644 rapporter/2026-05-01/negativ-rapport.html
 create mode 100644 rapporter/2026-05-01/negativ-resultat-19-24.json
 create mode 100644 rapporter/2026-05-01/negativ-resultat.json
 create mode 100644 rapporter/2026-05-01/resultat-08-31.json
 create mode 100644 rapporter/2026-05-01/resultat-19-22.json
 create mode 100644 rapporter/2026-05-01/resultat.json
 create mode 100644 rapporter/2026-05-01/sikkerhet-rapport-19-23.html
 create mode 100644 rapporter/2026-05-01/sikkerhet-rapport.html
 create mode 100644 rapporter/2026-05-01/sikkerhet-resultat-19-23.json
 create mode 100644 rapporter/2026-05-01/sikkerhet-resultat.json
 create mode 100644 rapporter/2026-05-01/skjermbilder-monkey/monkey-pre-submit-1.png
 create mode 100644 rapporter/2026-05-01/skjermbilder-monkey/monkey-pre-submit-2.png
 create mode 100644 rapporter/2026-05-01/skjermbilder-monkey/monkey-pre-submit-3.png
 create mode 100644 rapporter/2026-05-01/skjermbilder-monkey/monkey-pre-submit-4.png
 create mode 100644 rapporter/2026-05-01/skjermbilder-monkey/monkey-pre-submit-5.png
 create mode 100644 rapporter/2026-05-01/skjermbilder-negativ/negativ-mobil-5.png
 create mode 100644 rapporter/2026-05-01/skjermbilder-negativ/negativ-url-ingen-feilside-1.png
 create mode 100644 rapporter/2026-05-01/skjermbilder-negativ/negativ-url-ingen-feilside-2.png
 create mode 100644 rapporter/2026-05-01/skjermbilder-negativ/negativ-url-ingen-feilside-3.png
 create mode 100644 rapporter/2026-05-01/skjermbilder-negativ/negativ-url-ingen-feilside-4.png
 create mode 100644 rapporter/2026-05-01/skjermbilder/s16-doede-lenker-side.png
 create mode 100644 rapporter/2026-05-01/skjermbilder/s2-page-has-heading-one-0-element.png
 create mode 100644 rapporter/2026-05-01/skjermbilder/s2-page-has-heading-one-0-side.png
 create mode 100644 rapporter/2026-05-01/skjermbilder/s3-doede-lenker-side.png
 create mode 100644 rapporter/2026-05-01/skjermbilder/s4-doede-lenker-side.png
 create mode 100644 rapporter/2026-05-01/skjermbilder/s5-doede-lenker-side.png
 create mode 100644 rapporter/2026-05-01/skjermbilder/s6-doede-lenker-side.png
 create mode 100644 rapporter/2026-05-01/skjermbilder/s7-doede-lenker-side.png
 create mode 100644 rapporter/2026-05-01/uu-rapport-08-31.html
 create mode 100644 rapporter/2026-05-01/uu-rapport-19-22.html
 create mode 100644 rapporter/2026-05-01/uu-rapport.html
 create mode 100644 rapporter/2026-05-01/ytelse-rapport.html
 create mode 100644 rapporter/2026-05-01/ytelse-resultat.json
[main d5d45a3] Daglig UU-rapport 2026-05-04 [skip ci]
 75 files changed, 22104 insertions(+), 530 deletions(-)
 create mode 100644 docs/arkiv/2026-05-04/monkey-rapport-07-22.html
 create mode 100644 docs/arkiv/2026-05-04/monkey-rapport.html
 create mode 100644 docs/arkiv/2026-05-04/negativ-rapport-07-22.html
 create mode 100644 docs/arkiv/2026-05-04/negativ-rapport.html
 create mode 100644 docs/arkiv/2026-05-04/sikkerhet-rapport-07-22.html
 create mode 100644 docs/arkiv/2026-05-04/sikkerhet-rapport.html
 create mode 100644 docs/arkiv/2026-05-04/skjermbilder-monkey/monkey-pre-submit-1.png
 create mode 100644 docs/arkiv/2026-05-04/skjermbilder-monkey/monkey-pre-submit-2.png
 create mode 100644 docs/arkiv/2026-05-04/skjermbilder-monkey/monkey-pre-submit-3.png
 create mode 100644 docs/arkiv/2026-05-04/skjermbilder-monkey/monkey-pre-submit-4.png
 create mode 100644 docs/arkiv/2026-05-04/skjermbilder-negativ/negativ-unntak-5.png
 create mode 100644 docs/arkiv/2026-05-04/skjermbilder-negativ/negativ-url-ingen-feilside-1.png
 create mode 100644 docs/arkiv/2026-05-04/skjermbilder-negativ/negativ-url-ingen-feilside-2.png
 create mode 100644 docs/arkiv/2026-05-04/skjermbilder-negativ/negativ-url-ingen-feilside-3.png
 create mode 100644 docs/arkiv/2026-05-04/skjermbilder-negativ/negativ-url-ingen-feilside-4.png
 create mode 100644 docs/arkiv/2026-05-04/skjermbilder/s16-doede-lenker-side.png
 create mode 100644 docs/arkiv/2026-05-04/skjermbilder/s2-page-has-heading-one-0-element.png
 create mode 100644 docs/arkiv/2026-05-04/skjermbilder/s2-page-has-heading-one-0-side.png
 create mode 100644 docs/arkiv/2026-05-04/skjermbilder/s3-doede-lenker-side.png
 create mode 100644 docs/arkiv/2026-05-04/skjermbilder/s4-doede-lenker-side.png
 create mode 100644 docs/arkiv/2026-05-04/skjermbilder/s5-doede-lenker-side.png
 create mode 100644 docs/arkiv/2026-05-04/skjermbilder/s6-doede-lenker-side.png
 create mode 100644 docs/arkiv/2026-05-04/skjermbilder/s7-doede-lenker-side.png
 create mode 100644 docs/arkiv/2026-05-04/uu-rapport-07-14.html
 create mode 100644 docs/arkiv/2026-05-04/uu-rapport.html
 create mode 100644 docs/arkiv/2026-05-04/ytelse-rapport.html
 create mode 100644 docs/skjermbilder-negativ/negativ-unntak-5.png
 create mode 100644 rapporter/2026-05-04/monkey-rapport-07-22.html
 create mode 100644 rapporter/2026-05-04/monkey-rapport.html
 create mode 100644 rapporter/2026-05-04/monkey-resultat-07-22.json
 create mode 100644 rapporter/2026-05-04/monkey-resultat.json
 create mode 100644 rapporter/2026-05-04/negativ-rapport-07-22.html
 create mode 100644 rapporter/2026-05-04/negativ-rapport.html
 create mode 100644 rapporter/2026-05-04/negativ-resultat-07-22.json
 create mode 100644 rapporter/2026-05-04/negativ-resultat.json
 create mode 100644 rapporter/2026-05-04/resultat-07-14.json
 create mode 100644 rapporter/2026-05-04/resultat.json
 create mode 100644 rapporter/2026-05-04/sikkerhet-rapport-07-22.html
 create mode 100644 rapporter/2026-05-04/sikkerhet-rapport.html
 create mode 100644 rapporter/2026-05-04/sikkerhet-resultat-07-22.json
 create mode 100644 rapporter/2026-05-04/sikkerhet-resultat.json
 create mode 100644 rapporter/2026-05-04/skjermbilder-monkey/monkey-pre-submit-1.png
 create mode 100644 rapporter/2026-05-04/skjermbilder-monkey/monkey-pre-submit-2.png
 create mode 100644 rapporter/2026-05-04/skjermbilder-monkey/monkey-pre-submit-3.png
 create mode 100644 rapporter/2026-05-04/skjermbilder-monkey/monkey-pre-submit-4.png
 create mode 100644 rapporter/2026-05-04/skjermbilder-negativ/negativ-unntak-5.png
 create mode 100644 rapporter/2026-05-04/skjermbilder-negativ/negativ-url-ingen-feilside-1.png
 create mode 100644 rapporter/2026-05-04/skjermbilder-negativ/negativ-url-ingen-feilside-2.png
 create mode 100644 rapporter/2026-05-04/skjermbilder-negativ/negativ-url-ingen-feilside-3.png
 create mode 100644 rapporter/2026-05-04/skjermbilder-negativ/negativ-url-ingen-feilside-4.png
 create mode 100644 rapporter/2026-05-04/skjermbilder/s16-doede-lenker-side.png
 create mode 100644 rapporter/2026-05-04/skjermbilder/s2-page-has-heading-one-0-element.png
 create mode 100644 rapporter/2026-05-04/skjermbilder/s2-page-has-heading-one-0-side.png
 create mode 100644 rapporter/2026-05-04/skjermbilder/s3-doede-lenker-side.png
 create mode 100644 rapporter/2026-05-04/skjermbilder/s4-doede-lenker-side.png
 create mode 100644 rapporter/2026-05-04/skjermbilder/s5-doede-lenker-side.png
 create mode 100644 rapporter/2026-05-04/skjermbilder/s6-doede-lenker-side.png
 create mode 100644 rapporter/2026-05-04/skjermbilder/s7-doede-lenker-side.png
 create mode 100644 rapporter/2026-05-04/uu-rapport-07-14.html
 create mode 100644 rapporter/2026-05-04/uu-rapport.html
 create mode 100644 rapporter/2026-05-04/ytelse-rapport.html
 create mode 100644 rapporter/2026-05-04/ytelse-resultat.json
[main 675ef33] Daglig UU-rapport 2026-05-07 [skip ci]
 102 files changed, 24789 insertions(+), 542 deletions(-)
 create mode 100644 docs/arkiv/2026-05-07/monkey-rapport-08-29.html
 create mode 100644 docs/arkiv/2026-05-07/monkey-rapport.html
 create mode 100644 docs/arkiv/2026-05-07/negativ-rapport-08-29.html
 create mode 100644 docs/arkiv/2026-05-07/negativ-rapport.html
 create mode 100644 docs/arkiv/2026-05-07/sikkerhet-rapport-08-29.html
 create mode 100644 docs/arkiv/2026-05-07/sikkerhet-rapport.html
 create mode 100644 docs/arkiv/2026-05-07/skjermbilder-monkey/monkey-pre-submit-1.png
 create mode 100644 docs/arkiv/2026-05-07/skjermbilder-monkey/monkey-pre-submit-2.png
 create mode 100644 docs/arkiv/2026-05-07/skjermbilder-monkey/monkey-pre-submit-3.png
 create mode 100644 docs/arkiv/2026-05-07/skjermbilder-monkey/monkey-pre-submit-4.png
 create mode 100644 docs/arkiv/2026-05-07/skjermbilder-monkey/monkey-pre-submit-5.png
 create mode 100644 docs/arkiv/2026-05-07/skjermbilder-monkey/monkey-pre-submit-6.png
 create mode 100644 docs/arkiv/2026-05-07/skjermbilder-monkey/monkey-pre-submit-7.png
 create mode 100644 docs/arkiv/2026-05-07/skjermbilder-monkey/monkey-pre-submit-8.png
 create mode 100644 docs/arkiv/2026-05-07/skjermbilder-negativ/negativ-mobil-7.png
 create mode 100644 docs/arkiv/2026-05-07/skjermbilder-negativ/negativ-reload-krasj-6.png
 create mode 100644 docs/arkiv/2026-05-07/skjermbilder-negativ/negativ-soknad-direkte-krasj-5.png
 create mode 100644 docs/arkiv/2026-05-07/skjermbilder-negativ/negativ-url-ingen-feilside-1.png
 create mode 100644 docs/arkiv/2026-05-07/skjermbilder-negativ/negativ-url-ingen-feilside-2.png
 create mode 100644 docs/arkiv/2026-05-07/skjermbilder-negativ/negativ-url-ingen-feilside-3.png
 create mode 100644 docs/arkiv/2026-05-07/skjermbilder-negativ/negativ-url-ingen-feilside-4.png
 create mode 100644 docs/arkiv/2026-05-07/skjermbilder/innlogging-steg-1.png
 create mode 100644 docs/arkiv/2026-05-07/skjermbilder/innlogging-steg-2.png
 create mode 100644 docs/arkiv/2026-05-07/skjermbilder/innlogging-steg-3.png
 create mode 100644 docs/arkiv/2026-05-07/skjermbilder/innlogging-steg-4.png
 create mode 100644 docs/arkiv/2026-05-07/skjermbilder/innlogging-steg-5.png
 create mode 100644 docs/arkiv/2026-05-07/skjermbilder/s10-landmark-unique-0-element.png
 create mode 100644 docs/arkiv/2026-05-07/skjermbilder/s10-landmark-unique-0-side.png
 create mode 100644 docs/arkiv/2026-05-07/skjermbilder/s11-doede-lenker-side.png
 create mode 100644 docs/arkiv/2026-05-07/skjermbilder/s12-doede-lenker-side.png
 create mode 100644 docs/arkiv/2026-05-07/skjermbilder/s13-doede-lenker-side.png
 create mode 100644 docs/arkiv/2026-05-07/skjermbilder/s14-doede-lenker-side.png
 create mode 100644 docs/arkiv/2026-05-07/skjermbilder/s15-doede-lenker-side.png
 create mode 100644 docs/arkiv/2026-05-07/skjermbilder/s9-page-has-heading-one-0-element.png
 create mode 100644 docs/arkiv/2026-05-07/skjermbilder/s9-page-has-heading-one-0-side.png
 create mode 100644 docs/arkiv/2026-05-07/uu-rapport-08-28.html
 create mode 100644 docs/arkiv/2026-05-07/uu-rapport.html
 create mode 100644 docs/arkiv/2026-05-07/ytelse-rapport.html
 create mode 100644 docs/skjermbilder/s15-doede-lenker-side.png
 create mode 100644 rapporter/2026-05-07/monkey-rapport-08-29.html
 create mode 100644 rapporter/2026-05-07/monkey-rapport.html
 create mode 100644 rapporter/2026-05-07/monkey-resultat-08-29.json
 create mode 100644 rapporter/2026-05-07/monkey-resultat.json
 create mode 100644 rapporter/2026-05-07/negativ-rapport-08-29.html
 create mode 100644 rapporter/2026-05-07/negativ-rapport.html
 create mode 100644 rapporter/2026-05-07/negativ-resultat-08-29.json
 create mode 100644 rapporter/2026-05-07/negativ-resultat.json
 create mode 100644 rapporter/2026-05-07/resultat-08-28.json
 create mode 100644 rapporter/2026-05-07/resultat.json
 create mode 100644 rapporter/2026-05-07/sikkerhet-rapport-08-29.html
 create mode 100644 rapporter/2026-05-07/sikkerhet-rapport.html
 create mode 100644 rapporter/2026-05-07/sikkerhet-resultat-08-29.json
 create mode 100644 rapporter/2026-05-07/sikkerhet-resultat.json
 create mode 100644 rapporter/2026-05-07/skjermbilder-monkey/monkey-pre-submit-1.png
 create mode 100644 rapporter/2026-05-07/skjermbilder-monkey/monkey-pre-submit-2.png
 create mode 100644 rapporter/2026-05-07/skjermbilder-monkey/monkey-pre-submit-3.png
 create mode 100644 rapporter/2026-05-07/skjermbilder-monkey/monkey-pre-submit-4.png
 create mode 100644 rapporter/2026-05-07/skjermbilder-monkey/monkey-pre-submit-5.png
 create mode 100644 rapporter/2026-05-07/skjermbilder-monkey/monkey-pre-submit-6.png
 create mode 100644 rapporter/2026-05-07/skjermbilder-monkey/monkey-pre-submit-7.png
 create mode 100644 rapporter/2026-05-07/skjermbilder-monkey/monkey-pre-submit-8.png
 create mode 100644 rapporter/2026-05-07/skjermbilder-negativ/negativ-mobil-7.png
 create mode 100644 rapporter/2026-05-07/skjermbilder-negativ/negativ-reload-krasj-6.png
 create mode 100644 rapporter/2026-05-07/skjermbilder-negativ/negativ-soknad-direkte-krasj-5.png
 create mode 100644 rapporter/2026-05-07/skjermbilder-negativ/negativ-url-ingen-feilside-1.png
 create mode 100644 rapporter/2026-05-07/skjermbilder-negativ/negativ-url-ingen-feilside-2.png
 create mode 100644 rapporter/2026-05-07/skjermbilder-negativ/negativ-url-ingen-feilside-3.png
 create mode 100644 rapporter/2026-05-07/skjermbilder-negativ/negativ-url-ingen-feilside-4.png
 create mode 100644 rapporter/2026-05-07/skjermbilder/innlogging-steg-1.png
 create mode 100644 rapporter/2026-05-07/skjermbilder/innlogging-steg-2.png
 create mode 100644 rapporter/2026-05-07/skjermbilder/innlogging-steg-3.png
 create mode 100644 rapporter/2026-05-07/skjermbilder/innlogging-steg-4.png
 create mode 100644 rapporter/2026-05-07/skjermbilder/innlogging-steg-5.png
 create mode 100644 rapporter/2026-05-07/skjermbilder/s10-landmark-unique-0-element.png
 create mode 100644 rapporter/2026-05-07/skjermbilder/s10-landmark-unique-0-side.png
 create mode 100644 rapporter/2026-05-07/skjermbilder/s11-doede-lenker-side.png
 create mode 100644 rapporter/2026-05-07/skjermbilder/s12-doede-lenker-side.png
 create mode 100644 rapporter/2026-05-07/skjermbilder/s13-doede-lenker-side.png
 create mode 100644 rapporter/2026-05-07/skjermbilder/s14-doede-lenker-side.png
 create mode 100644 rapporter/2026-05-07/skjermbilder/s15-doede-lenker-side.png
 create mode 100644 rapporter/2026-05-07/skjermbilder/s9-page-has-heading-one-0-element.png
 create mode 100644 rapporter/2026-05-07/skjermbilder/s9-page-has-heading-one-0-side.png
 create mode 100644 rapporter/2026-05-07/uu-rapport-08-28.html
 create mode 100644 rapporter/2026-05-07/uu-rapport.html
 create mode 100644 rapporter/2026-05-07/ytelse-rapport.html
 create mode 100644 rapporter/2026-05-07/ytelse-resultat.json
[main 107b643] Daglig UU-rapport 2026-05-11 [skip ci]
 103 files changed, 24707 insertions(+), 596 deletions(-)
 create mode 100644 docs/arkiv/2026-05-10/monkey-rapport-00-22.html
 create mode 100644 docs/arkiv/2026-05-10/monkey-rapport.html
 create mode 100644 docs/arkiv/2026-05-10/negativ-rapport-00-58.html
 create mode 100644 docs/arkiv/2026-05-10/negativ-rapport.html
 create mode 100644 docs/arkiv/2026-05-10/sikkerhet-rapport-00-58.html
 create mode 100644 docs/arkiv/2026-05-10/sikkerhet-rapport.html
 create mode 100644 docs/arkiv/2026-05-10/skjermbilder-monkey/monkey-pre-submit-1.png
 create mode 100644 docs/arkiv/2026-05-10/skjermbilder-monkey/monkey-pre-submit-2.png
 create mode 100644 docs/arkiv/2026-05-10/skjermbilder-monkey/monkey-pre-submit-3.png
 create mode 100644 docs/arkiv/2026-05-10/skjermbilder-monkey/monkey-pre-submit-4.png
 create mode 100644 docs/arkiv/2026-05-10/skjermbilder-monkey/monkey-pre-submit-5.png
 create mode 100644 docs/arkiv/2026-05-10/skjermbilder-monkey/monkey-pre-submit-6.png
 create mode 100644 docs/arkiv/2026-05-10/skjermbilder-monkey/monkey-pre-submit-7.png
 create mode 100644 docs/arkiv/2026-05-10/skjermbilder-negativ/negativ-mobil-7.png
 create mode 100644 docs/arkiv/2026-05-10/skjermbilder-negativ/negativ-reload-krasj-6.png
 create mode 100644 docs/arkiv/2026-05-10/skjermbilder-negativ/negativ-soknad-direkte-krasj-5.png
 create mode 100644 docs/arkiv/2026-05-10/skjermbilder-negativ/negativ-url-ingen-feilside-1.png
 create mode 100644 docs/arkiv/2026-05-10/skjermbilder-negativ/negativ-url-ingen-feilside-2.png
 create mode 100644 docs/arkiv/2026-05-10/skjermbilder-negativ/negativ-url-ingen-feilside-3.png
 create mode 100644 docs/arkiv/2026-05-10/skjermbilder-negativ/negativ-url-ingen-feilside-4.png
 create mode 100644 docs/arkiv/2026-05-10/skjermbilder/innlogging-steg-1.png
 create mode 100644 docs/arkiv/2026-05-10/skjermbilder/innlogging-steg-2.png
 create mode 100644 docs/arkiv/2026-05-10/skjermbilder/innlogging-steg-3.png
 create mode 100644 docs/arkiv/2026-05-10/skjermbilder/innlogging-steg-4.png
 create mode 100644 docs/arkiv/2026-05-10/skjermbilder/innlogging-steg-5.png
 create mode 100644 docs/arkiv/2026-05-10/skjermbilder/s10-landmark-unique-0-element.png
 create mode 100644 docs/arkiv/2026-05-10/skjermbilder/s10-landmark-unique-0-side.png
 create mode 100644 docs/arkiv/2026-05-10/skjermbilder/s11-doede-lenker-side.png
 create mode 100644 docs/arkiv/2026-05-10/skjermbilder/s12-doede-lenker-side.png
 create mode 100644 docs/arkiv/2026-05-10/skjermbilder/s13-doede-lenker-side.png
 create mode 100644 docs/arkiv/2026-05-10/skjermbilder/s14-doede-lenker-side.png
 create mode 100644 docs/arkiv/2026-05-10/skjermbilder/s15-doede-lenker-side.png
 create mode 100644 docs/arkiv/2026-05-10/skjermbilder/s9-page-has-heading-one-0-element.png
 create mode 100644 docs/arkiv/2026-05-10/skjermbilder/s9-page-has-heading-one-0-side.png
 create mode 100644 docs/arkiv/2026-05-10/uu-rapport-00-08.html
 create mode 100644 docs/arkiv/2026-05-10/uu-rapport.html
 create mode 100644 docs/arkiv/2026-05-10/ytelse-rapport.html
 create mode 100644 rapporter/2026-05-10/monkey-rapport-00-22.html
 create mode 100644 rapporter/2026-05-10/monkey-rapport.html
 create mode 100644 rapporter/2026-05-10/monkey-resultat-00-22.json
 create mode 100644 rapporter/2026-05-10/monkey-resultat.json
 create mode 100644 rapporter/2026-05-10/negativ-rapport-00-58.html
 create mode 100644 rapporter/2026-05-10/negativ-rapport.html
 create mode 100644 rapporter/2026-05-10/negativ-resultat-00-58.json
 create mode 100644 rapporter/2026-05-10/negativ-resultat.json
 create mode 100644 rapporter/2026-05-10/resultat-00-08.json
 create mode 100644 rapporter/2026-05-10/resultat.json
 create mode 100644 rapporter/2026-05-10/sikkerhet-rapport-00-58.html
 create mode 100644 rapporter/2026-05-10/sikkerhet-rapport.html
 create mode 100644 rapporter/2026-05-10/sikkerhet-resultat-00-58.json
 create mode 100644 rapporter/2026-05-10/sikkerhet-resultat.json
 create mode 100644 rapporter/2026-05-10/skjermbilder-monkey/monkey-pre-submit-1.png
 create mode 100644 rapporter/2026-05-10/skjermbilder-monkey/monkey-pre-submit-2.png
 create mode 100644 rapporter/2026-05-10/skjermbilder-monkey/monkey-pre-submit-3.png
 create mode 100644 rapporter/2026-05-10/skjermbilder-monkey/monkey-pre-submit-4.png
 create mode 100644 rapporter/2026-05-10/skjermbilder-monkey/monkey-pre-submit-5.png
 create mode 100644 rapporter/2026-05-10/skjermbilder-monkey/monkey-pre-submit-6.png
 create mode 100644 rapporter/2026-05-10/skjermbilder-monkey/monkey-pre-submit-7.png
 create mode 100644 rapporter/2026-05-10/skjermbilder-negativ/negativ-mobil-7.png
 create mode 100644 rapporter/2026-05-10/skjermbilder-negativ/negativ-reload-krasj-6.png
 create mode 100644 rapporter/2026-05-10/skjermbilder-negativ/negativ-soknad-direkte-krasj-5.png
 create mode 100644 rapporter/2026-05-10/skjermbilder-negativ/negativ-url-ingen-feilside-1.png
 create mode 100644 rapporter/2026-05-10/skjermbilder-negativ/negativ-url-ingen-feilside-2.png
 create mode 100644 rapporter/2026-05-10/skjermbilder-negativ/negativ-url-ingen-feilside-3.png
 create mode 100644 rapporter/2026-05-10/skjermbilder-negativ/negativ-url-ingen-feilside-4.png
 create mode 100644 rapporter/2026-05-10/skjermbilder/innlogging-steg-1.png
 create mode 100644 rapporter/2026-05-10/skjermbilder/innlogging-steg-2.png
 create mode 100644 rapporter/2026-05-10/skjermbilder/innlogging-steg-3.png
 create mode 100644 rapporter/2026-05-10/skjermbilder/innlogging-steg-4.png
 create mode 100644 rapporter/2026-05-10/skjermbilder/innlogging-steg-5.png
 create mode 100644 rapporter/2026-05-10/skjermbilder/s10-landmark-unique-0-element.png
 create mode 100644 rapporter/2026-05-10/skjermbilder/s10-landmark-unique-0-side.png
 create mode 100644 rapporter/2026-05-10/skjermbilder/s11-doede-lenker-side.png
 create mode 100644 rapporter/2026-05-10/skjermbilder/s12-doede-lenker-side.png
 create mode 100644 rapporter/2026-05-10/skjermbilder/s13-doede-lenker-side.png
 create mode 100644 rapporter/2026-05-10/skjermbilder/s14-doede-lenker-side.png
 create mode 100644 rapporter/2026-05-10/skjermbilder/s15-doede-lenker-side.png
 create mode 100644 rapporter/2026-05-10/skjermbilder/s9-page-has-heading-one-0-element.png
 create mode 100644 rapporter/2026-05-10/skjermbilder/s9-page-has-heading-one-0-side.png
 create mode 100644 rapporter/2026-05-10/uu-rapport-00-08.html
 create mode 100644 rapporter/2026-05-10/uu-rapport.html
 create mode 100644 rapporter/2026-05-10/ytelse-rapport.html
 create mode 100644 rapporter/2026-05-10/ytelse-resultat.json
[main 6af0427] Daglig UU-rapport 2026-05-14 [skip ci]
 104 files changed, 25088 insertions(+), 595 deletions(-)
 create mode 100644 docs/arkiv/2026-05-14/monkey-rapport-15-35.html
 create mode 100644 docs/arkiv/2026-05-14/monkey-rapport.html
 create mode 100644 docs/arkiv/2026-05-14/negativ-rapport-15-38.html
 create mode 100644 docs/arkiv/2026-05-14/negativ-rapport.html
 create mode 100644 docs/arkiv/2026-05-14/sikkerhet-rapport-15-36.html
 create mode 100644 docs/arkiv/2026-05-14/sikkerhet-rapport.html
 create mode 100644 docs/arkiv/2026-05-14/skjermbilder-monkey/monkey-pre-submit-1.png
 create mode 100644 docs/arkiv/2026-05-14/skjermbilder-monkey/monkey-pre-submit-2.png
 create mode 100644 docs/arkiv/2026-05-14/skjermbilder-monkey/monkey-pre-submit-3.png
 create mode 100644 docs/arkiv/2026-05-14/skjermbilder-monkey/monkey-pre-submit-4.png
 create mode 100644 docs/arkiv/2026-05-14/skjermbilder-monkey/monkey-pre-submit-5.png
 create mode 100644 docs/arkiv/2026-05-14/skjermbilder-monkey/monkey-pre-submit-6.png
 create mode 100644 docs/arkiv/2026-05-14/skjermbilder-monkey/monkey-pre-submit-7.png
 create mode 100644 docs/arkiv/2026-05-14/skjermbilder-monkey/monkey-pre-submit-8.png
 create mode 100644 docs/arkiv/2026-05-14/skjermbilder-monkey/monkey-pre-submit-9.png
 create mode 100644 docs/arkiv/2026-05-14/skjermbilder-negativ/negativ-mobil-7.png
 create mode 100644 docs/arkiv/2026-05-14/skjermbilder-negativ/negativ-reload-krasj-6.png
 create mode 100644 docs/arkiv/2026-05-14/skjermbilder-negativ/negativ-soknad-direkte-krasj-5.png
 create mode 100644 docs/arkiv/2026-05-14/skjermbilder-negativ/negativ-url-ingen-feilside-1.png
 create mode 100644 docs/arkiv/2026-05-14/skjermbilder-negativ/negativ-url-ingen-feilside-2.png
 create mode 100644 docs/arkiv/2026-05-14/skjermbilder-negativ/negativ-url-ingen-feilside-3.png
 create mode 100644 docs/arkiv/2026-05-14/skjermbilder-negativ/negativ-url-ingen-feilside-4.png
 create mode 100644 docs/arkiv/2026-05-14/skjermbilder/innlogging-steg-1.png
 create mode 100644 docs/arkiv/2026-05-14/skjermbilder/innlogging-steg-2.png
 create mode 100644 docs/arkiv/2026-05-14/skjermbilder/innlogging-steg-3.png
 create mode 100644 docs/arkiv/2026-05-14/skjermbilder/innlogging-steg-4.png
 create mode 100644 docs/arkiv/2026-05-14/skjermbilder/innlogging-steg-5.png
 create mode 100644 docs/arkiv/2026-05-14/skjermbilder/s10-landmark-unique-0-element.png
 create mode 100644 docs/arkiv/2026-05-14/skjermbilder/s10-landmark-unique-0-side.png
 create mode 100644 docs/arkiv/2026-05-14/skjermbilder/s11-doede-lenker-side.png
 create mode 100644 docs/arkiv/2026-05-14/skjermbilder/s13-doede-lenker-side.png
 create mode 100644 docs/arkiv/2026-05-14/skjermbilder/s14-doede-lenker-side.png
 create mode 100644 docs/arkiv/2026-05-14/skjermbilder/s15-doede-lenker-side.png
 create mode 100644 docs/arkiv/2026-05-14/skjermbilder/s16-doede-lenker-side.png
 create mode 100644 docs/arkiv/2026-05-14/uu-rapport-15-28.html
 create mode 100644 docs/arkiv/2026-05-14/uu-rapport.html
 create mode 100644 docs/arkiv/2026-05-14/ytelse-rapport.html
 create mode 100644 rapporter/2026-05-14/monkey-rapport-15-35.html
 create mode 100644 rapporter/2026-05-14/monkey-rapport.html
 create mode 100644 rapporter/2026-05-14/monkey-resultat-15-35.json
 create mode 100644 rapporter/2026-05-14/monkey-resultat.json
 create mode 100644 rapporter/2026-05-14/negativ-rapport-15-38.html
 create mode 100644 rapporter/2026-05-14/negativ-rapport.html
 create mode 100644 rapporter/2026-05-14/negativ-resultat-15-38.json
 create mode 100644 rapporter/2026-05-14/negativ-resultat.json
 create mode 100644 rapporter/2026-05-14/resultat-15-28.json
 create mode 100644 rapporter/2026-05-14/resultat.json
 create mode 100644 rapporter/2026-05-14/sikkerhet-rapport-15-36.html
 create mode 100644 rapporter/2026-05-14/sikkerhet-rapport.html
 create mode 100644 rapporter/2026-05-14/sikkerhet-resultat-15-36.json
 create mode 100644 rapporter/2026-05-14/sikkerhet-resultat.json
 create mode 100644 rapporter/2026-05-14/skjermbilder-monkey/monkey-pre-submit-1.png
 create mode 100644 rapporter/2026-05-14/skjermbilder-monkey/monkey-pre-submit-2.png
 create mode 100644 rapporter/2026-05-14/skjermbilder-monkey/monkey-pre-submit-3.png
 create mode 100644 rapporter/2026-05-14/skjermbilder-monkey/monkey-pre-submit-4.png
 create mode 100644 rapporter/2026-05-14/skjermbilder-monkey/monkey-pre-submit-5.png
 create mode 100644 rapporter/2026-05-14/skjermbilder-monkey/monkey-pre-submit-6.png
 create mode 100644 rapporter/2026-05-14/skjermbilder-monkey/monkey-pre-submit-7.png
 create mode 100644 rapporter/2026-05-14/skjermbilder-monkey/monkey-pre-submit-8.png
 create mode 100644 rapporter/2026-05-14/skjermbilder-monkey/monkey-pre-submit-9.png
 create mode 100644 rapporter/2026-05-14/skjermbilder-negativ/negativ-mobil-7.png
 create mode 100644 rapporter/2026-05-14/skjermbilder-negativ/negativ-reload-krasj-6.png
 create mode 100644 rapporter/2026-05-14/skjermbilder-negativ/negativ-soknad-direkte-krasj-5.png
 create mode 100644 rapporter/2026-05-14/skjermbilder-negativ/negativ-url-ingen-feilside-1.png
 create mode 100644 rapporter/2026-05-14/skjermbilder-negativ/negativ-url-ingen-feilside-2.png
 create mode 100644 rapporter/2026-05-14/skjermbilder-negativ/negativ-url-ingen-feilside-3.png
 create mode 100644 rapporter/2026-05-14/skjermbilder-negativ/negativ-url-ingen-feilside-4.png
 create mode 100644 rapporter/2026-05-14/skjermbilder/innlogging-steg-1.png
 create mode 100644 rapporter/2026-05-14/skjermbilder/innlogging-steg-2.png
 create mode 100644 rapporter/2026-05-14/skjermbilder/innlogging-steg-3.png
 create mode 100644 rapporter/2026-05-14/skjermbilder/innlogging-steg-4.png
 create mode 100644 rapporter/2026-05-14/skjermbilder/innlogging-steg-5.png
 create mode 100644 rapporter/2026-05-14/skjermbilder/s10-landmark-unique-0-element.png
 create mode 100644 rapporter/2026-05-14/skjermbilder/s10-landmark-unique-0-side.png
 create mode 100644 rapporter/2026-05-14/skjermbilder/s11-doede-lenker-side.png
 create mode 100644 rapporter/2026-05-14/skjermbilder/s13-doede-lenker-side.png
 create mode 100644 rapporter/2026-05-14/skjermbilder/s14-doede-lenker-side.png
 create mode 100644 rapporter/2026-05-14/skjermbilder/s15-doede-lenker-side.png
 create mode 100644 rapporter/2026-05-14/skjermbilder/s16-doede-lenker-side.png
 create mode 100644 rapporter/2026-05-14/uu-rapport-15-28.html
 create mode 100644 rapporter/2026-05-14/uu-rapport.html
 create mode 100644 rapporter/2026-05-14/ytelse-rapport.html
 create mode 100644 rapporter/2026-05-14/ytelse-resultat.json
[main a7e9062] Daglig UU-rapport 2026-05-15 [skip ci]
 109 files changed, 32651 insertions(+), 606 deletions(-)
 create mode 100644 docs/arkiv/2026-05-15/monkey-rapport-07-43.html
 create mode 100644 docs/arkiv/2026-05-15/monkey-rapport.html
 create mode 100644 docs/arkiv/2026-05-15/negativ-rapport-07-45.html
 create mode 100644 docs/arkiv/2026-05-15/negativ-rapport.html
 create mode 100644 docs/arkiv/2026-05-15/sikkerhet-rapport-07-45.html
 create mode 100644 docs/arkiv/2026-05-15/sikkerhet-rapport.html
 create mode 100644 docs/arkiv/2026-05-15/skjermbilder-monkey/monkey-pre-submit-1.png
 create mode 100644 docs/arkiv/2026-05-15/skjermbilder-monkey/monkey-pre-submit-2.png
 create mode 100644 docs/arkiv/2026-05-15/skjermbilder-monkey/monkey-pre-submit-3.png
 create mode 100644 docs/arkiv/2026-05-15/skjermbilder-monkey/monkey-pre-submit-4.png
 create mode 100644 docs/arkiv/2026-05-15/skjermbilder-monkey/monkey-pre-submit-5.png
 create mode 100644 docs/arkiv/2026-05-15/skjermbilder-monkey/monkey-pre-submit-6.png
 create mode 100644 docs/arkiv/2026-05-15/skjermbilder-monkey/monkey-pre-submit-7.png
 create mode 100644 docs/arkiv/2026-05-15/skjermbilder-monkey/monkey-pre-submit-8.png
 create mode 100644 docs/arkiv/2026-05-15/skjermbilder-monkey/monkey-pre-submit-9.png
 create mode 100644 docs/arkiv/2026-05-15/skjermbilder-negativ/negativ-mobil-7.png
 create mode 100644 docs/arkiv/2026-05-15/skjermbilder-negativ/negativ-reload-krasj-6.png
 create mode 100644 docs/arkiv/2026-05-15/skjermbilder-negativ/negativ-soknad-direkte-krasj-5.png
 create mode 100644 docs/arkiv/2026-05-15/skjermbilder-negativ/negativ-url-ingen-feilside-1.png
 create mode 100644 docs/arkiv/2026-05-15/skjermbilder-negativ/negativ-url-ingen-feilside-2.png
 create mode 100644 docs/arkiv/2026-05-15/skjermbilder-negativ/negativ-url-ingen-feilside-3.png
 create mode 100644 docs/arkiv/2026-05-15/skjermbilder-negativ/negativ-url-ingen-feilside-4.png
 create mode 100644 docs/arkiv/2026-05-15/skjermbilder/innlogging-steg-1.png
 create mode 100644 docs/arkiv/2026-05-15/skjermbilder/innlogging-steg-2.png
 create mode 100644 docs/arkiv/2026-05-15/skjermbilder/innlogging-steg-3.png
 create mode 100644 docs/arkiv/2026-05-15/skjermbilder/innlogging-steg-4.png
 create mode 100644 docs/arkiv/2026-05-15/skjermbilder/innlogging-steg-5.png
 create mode 100644 docs/arkiv/2026-05-15/skjermbilder/s10-landmark-unique-0-element.png
 create mode 100644 docs/arkiv/2026-05-15/skjermbilder/s10-landmark-unique-0-side.png
 create mode 100644 docs/arkiv/2026-05-15/skjermbilder/s11-doede-lenker-side.png
 create mode 100644 docs/arkiv/2026-05-15/skjermbilder/s13-doede-lenker-side.png
 create mode 100644 docs/arkiv/2026-05-15/skjermbilder/s14-doede-lenker-side.png
 create mode 100644 docs/arkiv/2026-05-15/skjermbilder/s15-doede-lenker-side.png
 create mode 100644 docs/arkiv/2026-05-15/skjermbilder/s16-doede-lenker-side.png
 create mode 100644 docs/arkiv/2026-05-15/uu-rapport-04-05.html
 create mode 100644 docs/arkiv/2026-05-15/uu-rapport-07-43.html
 create mode 100644 docs/arkiv/2026-05-15/uu-rapport.html
 create mode 100644 docs/arkiv/2026-05-15/ytelse-rapport.html
 create mode 100644 rapporter/2026-05-15/monkey-rapport-07-43.html
 create mode 100644 rapporter/2026-05-15/monkey-rapport.html
 create mode 100644 rapporter/2026-05-15/monkey-resultat-07-43.json
 create mode 100644 rapporter/2026-05-15/monkey-resultat.json
 create mode 100644 rapporter/2026-05-15/negativ-rapport-07-45.html
 create mode 100644 rapporter/2026-05-15/negativ-rapport.html
 create mode 100644 rapporter/2026-05-15/negativ-resultat-07-45.json
 create mode 100644 rapporter/2026-05-15/negativ-resultat.json
 create mode 100644 rapporter/2026-05-15/resultat-04-05.json
 create mode 100644 rapporter/2026-05-15/resultat-07-43.json
 create mode 100644 rapporter/2026-05-15/resultat.json
 create mode 100644 rapporter/2026-05-15/sikkerhet-rapport-07-45.html
 create mode 100644 rapporter/2026-05-15/sikkerhet-rapport.html
 create mode 100644 rapporter/2026-05-15/sikkerhet-resultat-07-45.json
 create mode 100644 rapporter/2026-05-15/sikkerhet-resultat.json
 create mode 100644 rapporter/2026-05-15/skjermbilder-monkey/monkey-pre-submit-1.png
 create mode 100644 rapporter/2026-05-15/skjermbilder-monkey/monkey-pre-submit-2.png
 create mode 100644 rapporter/2026-05-15/skjermbilder-monkey/monkey-pre-submit-3.png
 create mode 100644 rapporter/2026-05-15/skjermbilder-monkey/monkey-pre-submit-4.png
 create mode 100644 rapporter/2026-05-15/skjermbilder-monkey/monkey-pre-submit-5.png
 create mode 100644 rapporter/2026-05-15/skjermbilder-monkey/monkey-pre-submit-6.png
 create mode 100644 rapporter/2026-05-15/skjermbilder-monkey/monkey-pre-submit-7.png
 create mode 100644 rapporter/2026-05-15/skjermbilder-monkey/monkey-pre-submit-8.png
 create mode 100644 rapporter/2026-05-15/skjermbilder-monkey/monkey-pre-submit-9.png
 create mode 100644 rapporter/2026-05-15/skjermbilder-negativ/negativ-mobil-7.png
 create mode 100644 rapporter/2026-05-15/skjermbilder-negativ/negativ-reload-krasj-6.png
 create mode 100644 rapporter/2026-05-15/skjermbilder-negativ/negativ-soknad-direkte-krasj-5.png
 create mode 100644 rapporter/2026-05-15/skjermbilder-negativ/negativ-url-ingen-feilside-1.png
 create mode 100644 rapporter/2026-05-15/skjermbilder-negativ/negativ-url-ingen-feilside-2.png
 create mode 100644 rapporter/2026-05-15/skjermbilder-negativ/negativ-url-ingen-feilside-3.png
 create mode 100644 rapporter/2026-05-15/skjermbilder-negativ/negativ-url-ingen-feilside-4.png
 create mode 100644 rapporter/2026-05-15/skjermbilder/innlogging-steg-1.png
 create mode 100644 rapporter/2026-05-15/skjermbilder/innlogging-steg-2.png
 create mode 100644 rapporter/2026-05-15/skjermbilder/innlogging-steg-3.png
 create mode 100644 rapporter/2026-05-15/skjermbilder/innlogging-steg-4.png
 create mode 100644 rapporter/2026-05-15/skjermbilder/innlogging-steg-5.png
 create mode 100644 rapporter/2026-05-15/skjermbilder/s10-landmark-unique-0-element.png
 create mode 100644 rapporter/2026-05-15/skjermbilder/s10-landmark-unique-0-side.png
 create mode 100644 rapporter/2026-05-15/skjermbilder/s11-doede-lenker-side.png
 create mode 100644 rapporter/2026-05-15/skjermbilder/s13-doede-lenker-side.png
 create mode 100644 rapporter/2026-05-15/skjermbilder/s14-doede-lenker-side.png
 create mode 100644 rapporter/2026-05-15/skjermbilder/s15-doede-lenker-side.png
 create mode 100644 rapporter/2026-05-15/skjermbilder/s16-doede-lenker-side.png
 create mode 100644 rapporter/2026-05-15/uu-rapport-04-05.html
 create mode 100644 rapporter/2026-05-15/uu-rapport-07-43.html
 create mode 100644 rapporter/2026-05-15/uu-rapport.html
 create mode 100644 rapporter/2026-05-15/ytelse-rapport.html
 create mode 100644 rapporter/2026-05-15/ytelse-resultat.json
[main 5f8aefc] Daglig UU-rapport 2026-05-18 [skip ci]
 101 files changed, 26478 insertions(+), 669 deletions(-)
 create mode 100644 docs/arkiv/2026-05-18/monkey-rapport-10-35.html
 create mode 100644 docs/arkiv/2026-05-18/monkey-rapport.html
 create mode 100644 docs/arkiv/2026-05-18/negativ-rapport-10-35.html
 create mode 100644 docs/arkiv/2026-05-18/negativ-rapport.html
 create mode 100644 docs/arkiv/2026-05-18/sikkerhet-rapport-10-35.html
 create mode 100644 docs/arkiv/2026-05-18/sikkerhet-rapport.html
 create mode 100644 docs/arkiv/2026-05-18/skjermbilder-monkey/monkey-pre-submit-1.png
 create mode 100644 docs/arkiv/2026-05-18/skjermbilder-monkey/monkey-pre-submit-2.png
 create mode 100644 docs/arkiv/2026-05-18/skjermbilder-monkey/monkey-pre-submit-3.png
 create mode 100644 docs/arkiv/2026-05-18/skjermbilder-monkey/monkey-pre-submit-4.png
 create mode 100644 docs/arkiv/2026-05-18/skjermbilder-monkey/monkey-pre-submit-5.png
 create mode 100644 docs/arkiv/2026-05-18/skjermbilder-monkey/monkey-pre-submit-6.png
 create mode 100644 docs/arkiv/2026-05-18/skjermbilder-negativ/negativ-mobil-7.png
 create mode 100644 docs/arkiv/2026-05-18/skjermbilder-negativ/negativ-reload-krasj-6.png
 create mode 100644 docs/arkiv/2026-05-18/skjermbilder-negativ/negativ-soknad-direkte-krasj-5.png
 create mode 100644 docs/arkiv/2026-05-18/skjermbilder-negativ/negativ-url-ingen-feilside-1.png
 create mode 100644 docs/arkiv/2026-05-18/skjermbilder-negativ/negativ-url-ingen-feilside-2.png
 create mode 100644 docs/arkiv/2026-05-18/skjermbilder-negativ/negativ-url-ingen-feilside-3.png
 create mode 100644 docs/arkiv/2026-05-18/skjermbilder-negativ/negativ-url-ingen-feilside-4.png
 create mode 100644 docs/arkiv/2026-05-18/skjermbilder/innlogging-steg-1.png
 create mode 100644 docs/arkiv/2026-05-18/skjermbilder/innlogging-steg-2.png
 create mode 100644 docs/arkiv/2026-05-18/skjermbilder/innlogging-steg-3.png
 create mode 100644 docs/arkiv/2026-05-18/skjermbilder/innlogging-steg-4.png
 create mode 100644 docs/arkiv/2026-05-18/skjermbilder/innlogging-steg-5.png
 create mode 100644 docs/arkiv/2026-05-18/skjermbilder/s11-landmark-unique-0-element.png
 create mode 100644 docs/arkiv/2026-05-18/skjermbilder/s11-landmark-unique-0-side.png
 create mode 100644 docs/arkiv/2026-05-18/skjermbilder/s12-doede-lenker-side.png
 create mode 100644 docs/arkiv/2026-05-18/skjermbilder/s14-doede-lenker-side.png
 create mode 100644 docs/arkiv/2026-05-18/skjermbilder/s15-doede-lenker-side.png
 create mode 100644 docs/arkiv/2026-05-18/skjermbilder/s16-doede-lenker-side.png
 create mode 100644 docs/arkiv/2026-05-18/skjermbilder/s17-doede-lenker-side.png
 create mode 100644 docs/arkiv/2026-05-18/uu-rapport-10-34.html
 create mode 100644 docs/arkiv/2026-05-18/uu-rapport.html
 create mode 100644 docs/arkiv/2026-05-18/ytelse-rapport.html
 create mode 100644 docs/skjermbilder/s11-landmark-unique-0-element.png
 create mode 100644 docs/skjermbilder/s11-landmark-unique-0-side.png
 create mode 100644 rapporter/2026-05-18/monkey-rapport-10-35.html
 create mode 100644 rapporter/2026-05-18/monkey-rapport.html
 create mode 100644 rapporter/2026-05-18/monkey-resultat-10-35.json
 create mode 100644 rapporter/2026-05-18/monkey-resultat.json
 create mode 100644 rapporter/2026-05-18/negativ-rapport-10-35.html
 create mode 100644 rapporter/2026-05-18/negativ-rapport.html
 create mode 100644 rapporter/2026-05-18/negativ-resultat-10-35.json
 create mode 100644 rapporter/2026-05-18/negativ-resultat.json
 create mode 100644 rapporter/2026-05-18/resultat-10-34.json
 create mode 100644 rapporter/2026-05-18/resultat.json
 create mode 100644 rapporter/2026-05-18/sikkerhet-rapport-10-35.html
 create mode 100644 rapporter/2026-05-18/sikkerhet-rapport.html
 create mode 100644 rapporter/2026-05-18/sikkerhet-resultat-10-35.json
 create mode 100644 rapporter/2026-05-18/sikkerhet-resultat.json
 create mode 100644 rapporter/2026-05-18/skjermbilder-monkey/monkey-pre-submit-1.png
 create mode 100644 rapporter/2026-05-18/skjermbilder-monkey/monkey-pre-submit-2.png
 create mode 100644 rapporter/2026-05-18/skjermbilder-monkey/monkey-pre-submit-3.png
 create mode 100644 rapporter/2026-05-18/skjermbilder-monkey/monkey-pre-submit-4.png
 create mode 100644 rapporter/2026-05-18/skjermbilder-monkey/monkey-pre-submit-5.png
 create mode 100644 rapporter/2026-05-18/skjermbilder-monkey/monkey-pre-submit-6.png
 create mode 100644 rapporter/2026-05-18/skjermbilder-negativ/negativ-mobil-7.png
 create mode 100644 rapporter/2026-05-18/skjermbilder-negativ/negativ-reload-krasj-6.png
 create mode 100644 rapporter/2026-05-18/skjermbilder-negativ/negativ-soknad-direkte-krasj-5.png
 create mode 100644 rapporter/2026-05-18/skjermbilder-negativ/negativ-url-ingen-feilside-1.png
 create mode 100644 rapporter/2026-05-18/skjermbilder-negativ/negativ-url-ingen-feilside-2.png
 create mode 100644 rapporter/2026-05-18/skjermbilder-negativ/negativ-url-ingen-feilside-3.png
 create mode 100644 rapporter/2026-05-18/skjermbilder-negativ/negativ-url-ingen-feilside-4.png
 create mode 100644 rapporter/2026-05-18/skjermbilder/innlogging-steg-1.png
 create mode 100644 rapporter/2026-05-18/skjermbilder/innlogging-steg-2.png
 create mode 100644 rapporter/2026-05-18/skjermbilder/innlogging-steg-3.png
 create mode 100644 rapporter/2026-05-18/skjermbilder/innlogging-steg-4.png
 create mode 100644 rapporter/2026-05-18/skjermbilder/innlogging-steg-5.png
 create mode 100644 rapporter/2026-05-18/skjermbilder/s11-landmark-unique-0-element.png
 create mode 100644 rapporter/2026-05-18/skjermbilder/s11-landmark-unique-0-side.png
 create mode 100644 rapporter/2026-05-18/skjermbilder/s12-doede-lenker-side.png
 create mode 100644 rapporter/2026-05-18/skjermbilder/s14-doede-lenker-side.png
 create mode 100644 rapporter/2026-05-18/skjermbilder/s15-doede-lenker-side.png
 create mode 100644 rapporter/2026-05-18/skjermbilder/s16-doede-lenker-side.png
 create mode 100644 rapporter/2026-05-18/skjermbilder/s17-doede-lenker-side.png
 create mode 100644 rapporter/2026-05-18/uu-rapport-10-34.html
 create mode 100644 rapporter/2026-05-18/uu-rapport.html
 create mode 100644 rapporter/2026-05-18/ytelse-rapport.html
 create mode 100644 rapporter/2026-05-18/ytelse-resultat.json
[main 003687f] Daglig UU-rapport 2026-05-19 [skip ci]
 104 files changed, 27351 insertions(+), 730 deletions(-)
 create mode 100644 docs/arkiv/2026-05-19/brukerhistorie-rapport.html
 create mode 100644 docs/arkiv/2026-05-19/monkey-rapport-08-21.html
 create mode 100644 docs/arkiv/2026-05-19/monkey-rapport.html
 create mode 100644 docs/arkiv/2026-05-19/negativ-rapport-08-21.html
 create mode 100644 docs/arkiv/2026-05-19/negativ-rapport.html
 create mode 100644 docs/arkiv/2026-05-19/sikkerhet-rapport-08-21.html
 create mode 100644 docs/arkiv/2026-05-19/sikkerhet-rapport.html
 create mode 100644 docs/arkiv/2026-05-19/skjermbilder-monkey/monkey-pre-submit-1.png
 create mode 100644 docs/arkiv/2026-05-19/skjermbilder-monkey/monkey-pre-submit-2.png
 create mode 100644 docs/arkiv/2026-05-19/skjermbilder-monkey/monkey-pre-submit-3.png
 create mode 100644 docs/arkiv/2026-05-19/skjermbilder-monkey/monkey-pre-submit-4.png
 create mode 100644 docs/arkiv/2026-05-19/skjermbilder-monkey/monkey-pre-submit-5.png
 create mode 100644 docs/arkiv/2026-05-19/skjermbilder-monkey/monkey-pre-submit-6.png
 create mode 100644 docs/arkiv/2026-05-19/skjermbilder-monkey/monkey-pre-submit-7.png
 create mode 100644 docs/arkiv/2026-05-19/skjermbilder-monkey/monkey-pre-submit-8.png
 create mode 100644 docs/arkiv/2026-05-19/skjermbilder-negativ/negativ-mobil-7.png
 create mode 100644 docs/arkiv/2026-05-19/skjermbilder-negativ/negativ-reload-krasj-6.png
 create mode 100644 docs/arkiv/2026-05-19/skjermbilder-negativ/negativ-soknad-direkte-krasj-5.png
 create mode 100644 docs/arkiv/2026-05-19/skjermbilder-negativ/negativ-url-ingen-feilside-1.png
 create mode 100644 docs/arkiv/2026-05-19/skjermbilder-negativ/negativ-url-ingen-feilside-2.png
 create mode 100644 docs/arkiv/2026-05-19/skjermbilder-negativ/negativ-url-ingen-feilside-3.png
 create mode 100644 docs/arkiv/2026-05-19/skjermbilder-negativ/negativ-url-ingen-feilside-4.png
 create mode 100644 docs/arkiv/2026-05-19/skjermbilder/innlogging-steg-1.png
 create mode 100644 docs/arkiv/2026-05-19/skjermbilder/innlogging-steg-2.png
 create mode 100644 docs/arkiv/2026-05-19/skjermbilder/innlogging-steg-3.png
 create mode 100644 docs/arkiv/2026-05-19/skjermbilder/innlogging-steg-4.png
 create mode 100644 docs/arkiv/2026-05-19/skjermbilder/innlogging-steg-5.png
 create mode 100644 docs/arkiv/2026-05-19/skjermbilder/s11-landmark-unique-0-element.png
 create mode 100644 docs/arkiv/2026-05-19/skjermbilder/s11-landmark-unique-0-side.png
 create mode 100644 docs/arkiv/2026-05-19/skjermbilder/s12-doede-lenker-side.png
 create mode 100644 docs/arkiv/2026-05-19/skjermbilder/s14-doede-lenker-side.png
 create mode 100644 docs/arkiv/2026-05-19/skjermbilder/s15-doede-lenker-side.png
 create mode 100644 docs/arkiv/2026-05-19/skjermbilder/s16-doede-lenker-side.png
 create mode 100644 docs/arkiv/2026-05-19/skjermbilder/s17-doede-lenker-side.png
 create mode 100644 docs/arkiv/2026-05-19/uu-rapport-08-20.html
 create mode 100644 docs/arkiv/2026-05-19/uu-rapport.html
 create mode 100644 docs/arkiv/2026-05-19/ytelse-rapport.html
 create mode 100644 rapporter/2026-05-19/brukerhistorie-rapport.html
 create mode 100644 rapporter/2026-05-19/monkey-rapport-08-21.html
 create mode 100644 rapporter/2026-05-19/monkey-rapport.html
 create mode 100644 rapporter/2026-05-19/monkey-resultat-08-21.json
 create mode 100644 rapporter/2026-05-19/monkey-resultat.json
 create mode 100644 rapporter/2026-05-19/negativ-rapport-08-21.html
 create mode 100644 rapporter/2026-05-19/negativ-rapport.html
 create mode 100644 rapporter/2026-05-19/negativ-resultat-08-21.json
 create mode 100644 rapporter/2026-05-19/negativ-resultat.json
 create mode 100644 rapporter/2026-05-19/resultat-08-20.json
 create mode 100644 rapporter/2026-05-19/resultat.json
 create mode 100644 rapporter/2026-05-19/sikkerhet-rapport-08-21.html
 create mode 100644 rapporter/2026-05-19/sikkerhet-rapport.html
 create mode 100644 rapporter/2026-05-19/sikkerhet-resultat-08-21.json
 create mode 100644 rapporter/2026-05-19/sikkerhet-resultat.json
 create mode 100644 rapporter/2026-05-19/skjermbilder-monkey/monkey-pre-submit-1.png
 create mode 100644 rapporter/2026-05-19/skjermbilder-monkey/monkey-pre-submit-2.png
 create mode 100644 rapporter/2026-05-19/skjermbilder-monkey/monkey-pre-submit-3.png
 create mode 100644 rapporter/2026-05-19/skjermbilder-monkey/monkey-pre-submit-4.png
 create mode 100644 rapporter/2026-05-19/skjermbilder-monkey/monkey-pre-submit-5.png
 create mode 100644 rapporter/2026-05-19/skjermbilder-monkey/monkey-pre-submit-6.png
 create mode 100644 rapporter/2026-05-19/skjermbilder-monkey/monkey-pre-submit-7.png
 create mode 100644 rapporter/2026-05-19/skjermbilder-monkey/monkey-pre-submit-8.png
 create mode 100644 rapporter/2026-05-19/skjermbilder-negativ/negativ-mobil-7.png
 create mode 100644 rapporter/2026-05-19/skjermbilder-negativ/negativ-reload-krasj-6.png
 create mode 100644 rapporter/2026-05-19/skjermbilder-negativ/negativ-soknad-direkte-krasj-5.png
 create mode 100644 rapporter/2026-05-19/skjermbilder-negativ/negativ-url-ingen-feilside-1.png
 create mode 100644 rapporter/2026-05-19/skjermbilder-negativ/negativ-url-ingen-feilside-2.png
 create mode 100644 rapporter/2026-05-19/skjermbilder-negativ/negativ-url-ingen-feilside-3.png
 create mode 100644 rapporter/2026-05-19/skjermbilder-negativ/negativ-url-ingen-feilside-4.png
 create mode 100644 rapporter/2026-05-19/skjermbilder/innlogging-steg-1.png
 create mode 100644 rapporter/2026-05-19/skjermbilder/innlogging-steg-2.png
 create mode 100644 rapporter/2026-05-19/skjermbilder/innlogging-steg-3.png
 create mode 100644 rapporter/2026-05-19/skjermbilder/innlogging-steg-4.png
 create mode 100644 rapporter/2026-05-19/skjermbilder/innlogging-steg-5.png
 create mode 100644 rapporter/2026-05-19/skjermbilder/s11-landmark-unique-0-element.png
 create mode 100644 rapporter/2026-05-19/skjermbilder/s11-landmark-unique-0-side.png
 create mode 100644 rapporter/2026-05-19/skjermbilder/s12-doede-lenker-side.png
 create mode 100644 rapporter/2026-05-19/skjermbilder/s14-doede-lenker-side.png
 create mode 100644 rapporter/2026-05-19/skjermbilder/s15-doede-lenker-side.png
 create mode 100644 rapporter/2026-05-19/skjermbilder/s16-doede-lenker-side.png
 create mode 100644 rapporter/2026-05-19/skjermbilder/s17-doede-lenker-side.png
 create mode 100644 rapporter/2026-05-19/uu-rapport-08-20.html
 create mode 100644 rapporter/2026-05-19/uu-rapport.html
 create mode 100644 rapporter/2026-05-19/ytelse-rapport.html
 create mode 100644 rapporter/2026-05-19/ytelse-resultat.json
[main 904bbc8] Daglig UU-rapport 2026-05-22 [skip ci]
 122 files changed, 28978 insertions(+), 751 deletions(-)
 create mode 100644 docs/arkiv/2026-05-22/brukerhistorie-rapport.html
 create mode 100644 docs/arkiv/2026-05-22/monkey-rapport-10-11.html
 create mode 100644 docs/arkiv/2026-05-22/monkey-rapport.html
 create mode 100644 docs/arkiv/2026-05-22/negativ-rapport-10-11.html
 create mode 100644 docs/arkiv/2026-05-22/negativ-rapport.html
 create mode 100644 docs/arkiv/2026-05-22/sikkerhet-rapport-10-11.html
 create mode 100644 docs/arkiv/2026-05-22/sikkerhet-rapport.html
 create mode 100644 docs/arkiv/2026-05-22/skjermbilder-monkey/monkey-feilside-7.png
 create mode 100644 docs/arkiv/2026-05-22/skjermbilder-monkey/monkey-pre-submit-1.png
 create mode 100644 docs/arkiv/2026-05-22/skjermbilder-monkey/monkey-pre-submit-10.png
 create mode 100644 docs/arkiv/2026-05-22/skjermbilder-monkey/monkey-pre-submit-11.png
 create mode 100644 docs/arkiv/2026-05-22/skjermbilder-monkey/monkey-pre-submit-12.png
 create mode 100644 docs/arkiv/2026-05-22/skjermbilder-monkey/monkey-pre-submit-13.png
 create mode 100644 docs/arkiv/2026-05-22/skjermbilder-monkey/monkey-pre-submit-2.png
 create mode 100644 docs/arkiv/2026-05-22/skjermbilder-monkey/monkey-pre-submit-3.png
 create mode 100644 docs/arkiv/2026-05-22/skjermbilder-monkey/monkey-pre-submit-4.png
 create mode 100644 docs/arkiv/2026-05-22/skjermbilder-monkey/monkey-pre-submit-5.png
 create mode 100644 docs/arkiv/2026-05-22/skjermbilder-monkey/monkey-pre-submit-6.png
 create mode 100644 docs/arkiv/2026-05-22/skjermbilder-monkey/monkey-pre-submit-8.png
 create mode 100644 docs/arkiv/2026-05-22/skjermbilder-monkey/monkey-pre-submit-9.png
 create mode 100644 docs/arkiv/2026-05-22/skjermbilder-negativ/negativ-mobil-7.png
 create mode 100644 docs/arkiv/2026-05-22/skjermbilder-negativ/negativ-reload-krasj-6.png
 create mode 100644 docs/arkiv/2026-05-22/skjermbilder-negativ/negativ-soknad-direkte-krasj-5.png
 create mode 100644 docs/arkiv/2026-05-22/skjermbilder-negativ/negativ-url-ingen-feilside-1.png
 create mode 100644 docs/arkiv/2026-05-22/skjermbilder-negativ/negativ-url-ingen-feilside-2.png
 create mode 100644 docs/arkiv/2026-05-22/skjermbilder-negativ/negativ-url-ingen-feilside-3.png
 create mode 100644 docs/arkiv/2026-05-22/skjermbilder-negativ/negativ-url-ingen-feilside-4.png
 create mode 100644 docs/arkiv/2026-05-22/skjermbilder/innlogging-steg-1.png
 create mode 100644 docs/arkiv/2026-05-22/skjermbilder/innlogging-steg-2.png
 create mode 100644 docs/arkiv/2026-05-22/skjermbilder/innlogging-steg-3.png
 create mode 100644 docs/arkiv/2026-05-22/skjermbilder/innlogging-steg-4.png
 create mode 100644 docs/arkiv/2026-05-22/skjermbilder/innlogging-steg-5.png
 create mode 100644 docs/arkiv/2026-05-22/skjermbilder/s12-landmark-unique-0-element.png
 create mode 100644 docs/arkiv/2026-05-22/skjermbilder/s12-landmark-unique-0-side.png
 create mode 100644 docs/arkiv/2026-05-22/skjermbilder/s13-doede-lenker-side.png
 create mode 100644 docs/arkiv/2026-05-22/skjermbilder/s15-doede-lenker-side.png
 create mode 100644 docs/arkiv/2026-05-22/skjermbilder/s16-doede-lenker-side.png
 create mode 100644 docs/arkiv/2026-05-22/skjermbilder/s17-doede-lenker-side.png
 create mode 100644 docs/arkiv/2026-05-22/skjermbilder/s18-doede-lenker-side.png
 create mode 100644 docs/arkiv/2026-05-22/uu-rapport-10-10.html
 create mode 100644 docs/arkiv/2026-05-22/uu-rapport.html
 create mode 100644 docs/arkiv/2026-05-22/ytelse-rapport.html
 create mode 100644 rapporter/2026-05-22/brukerhistorie-rapport.html
 create mode 100644 rapporter/2026-05-22/brukerhistorie-resultat.json
 create mode 100644 rapporter/2026-05-22/monkey-rapport-10-11.html
 create mode 100644 rapporter/2026-05-22/monkey-rapport.html
 create mode 100644 rapporter/2026-05-22/monkey-resultat-10-11.json
 create mode 100644 rapporter/2026-05-22/monkey-resultat.json
 create mode 100644 rapporter/2026-05-22/negativ-rapport-10-11.html
 create mode 100644 rapporter/2026-05-22/negativ-rapport.html
 create mode 100644 rapporter/2026-05-22/negativ-resultat-10-11.json
 create mode 100644 rapporter/2026-05-22/negativ-resultat.json
 create mode 100644 rapporter/2026-05-22/resultat-10-10.json
 create mode 100644 rapporter/2026-05-22/resultat.json
 create mode 100644 rapporter/2026-05-22/sikkerhet-rapport-10-11.html
 create mode 100644 rapporter/2026-05-22/sikkerhet-rapport.html
 create mode 100644 rapporter/2026-05-22/sikkerhet-resultat-10-11.json
 create mode 100644 rapporter/2026-05-22/sikkerhet-resultat.json
 create mode 100644 rapporter/2026-05-22/skjermbilder-monkey/monkey-feilside-7.png
 create mode 100644 rapporter/2026-05-22/skjermbilder-monkey/monkey-pre-submit-1.png
 create mode 100644 rapporter/2026-05-22/skjermbilder-monkey/monkey-pre-submit-10.png
 create mode 100644 rapporter/2026-05-22/skjermbilder-monkey/monkey-pre-submit-11.png
 create mode 100644 rapporter/2026-05-22/skjermbilder-monkey/monkey-pre-submit-12.png
 create mode 100644 rapporter/2026-05-22/skjermbilder-monkey/monkey-pre-submit-13.png
 create mode 100644 rapporter/2026-05-22/skjermbilder-monkey/monkey-pre-submit-2.png
 create mode 100644 rapporter/2026-05-22/skjermbilder-monkey/monkey-pre-submit-3.png
 create mode 100644 rapporter/2026-05-22/skjermbilder-monkey/monkey-pre-submit-4.png
 create mode 100644 rapporter/2026-05-22/skjermbilder-monkey/monkey-pre-submit-5.png
 create mode 100644 rapporter/2026-05-22/skjermbilder-monkey/monkey-pre-submit-6.png
 create mode 100644 rapporter/2026-05-22/skjermbilder-monkey/monkey-pre-submit-8.png
 create mode 100644 rapporter/2026-05-22/skjermbilder-monkey/monkey-pre-submit-9.png
 create mode 100644 rapporter/2026-05-22/skjermbilder-negativ/negativ-mobil-7.png
 create mode 100644 rapporter/2026-05-22/skjermbilder-negativ/negativ-reload-krasj-6.png
 create mode 100644 rapporter/2026-05-22/skjermbilder-negativ/negativ-soknad-direkte-krasj-5.png
 create mode 100644 rapporter/2026-05-22/skjermbilder-negativ/negativ-url-ingen-feilside-1.png
 create mode 100644 rapporter/2026-05-22/skjermbilder-negativ/negativ-url-ingen-feilside-2.png
 create mode 100644 rapporter/2026-05-22/skjermbilder-negativ/negativ-url-ingen-feilside-3.png
 create mode 100644 rapporter/2026-05-22/skjermbilder-negativ/negativ-url-ingen-feilside-4.png
 create mode 100644 rapporter/2026-05-22/skjermbilder/innlogging-steg-1.png
 create mode 100644 rapporter/2026-05-22/skjermbilder/innlogging-steg-2.png
 create mode 100644 rapporter/2026-05-22/skjermbilder/innlogging-steg-3.png
 create mode 100644 rapporter/2026-05-22/skjermbilder/innlogging-steg-4.png
 create mode 100644 rapporter/2026-05-22/skjermbilder/innlogging-steg-5.png
 create mode 100644 rapporter/2026-05-22/skjermbilder/s12-landmark-unique-0-element.png
 create mode 100644 rapporter/2026-05-22/skjermbilder/s12-landmark-unique-0-side.png
 create mode 100644 rapporter/2026-05-22/skjermbilder/s13-doede-lenker-side.png
 create mode 100644 rapporter/2026-05-22/skjermbilder/s15-doede-lenker-side.png
 create mode 100644 rapporter/2026-05-22/skjermbilder/s16-doede-lenker-side.png
 create mode 100644 rapporter/2026-05-22/skjermbilder/s17-doede-lenker-side.png
 create mode 100644 rapporter/2026-05-22/skjermbilder/s18-doede-lenker-side.png
 create mode 100644 rapporter/2026-05-22/uu-rapport-10-10.html
 create mode 100644 rapporter/2026-05-22/uu-rapport.html
 create mode 100644 rapporter/2026-05-22/ytelse-rapport.html
 create mode 100644 rapporter/2026-05-22/ytelse-resultat.json
[main 88dfe0d] Daglig UU-rapport 2026-05-26 [skip ci]
 107 files changed, 28905 insertions(+), 803 deletions(-)
 create mode 100644 docs/arkiv/2026-05-25/skjermbilder/innlogging-steg-1.png
 create mode 100644 docs/arkiv/2026-05-25/skjermbilder/innlogging-steg-2.png
 create mode 100644 docs/arkiv/2026-05-25/skjermbilder/innlogging-steg-3.png
 create mode 100644 docs/arkiv/2026-05-25/skjermbilder/innlogging-steg-4.png
 create mode 100644 docs/arkiv/2026-05-26/brukerhistorie-rapport.html
 create mode 100644 docs/arkiv/2026-05-26/monkey-rapport-09-10.html
 create mode 100644 docs/arkiv/2026-05-26/monkey-rapport.html
 create mode 100644 docs/arkiv/2026-05-26/negativ-rapport-09-10.html
 create mode 100644 docs/arkiv/2026-05-26/negativ-rapport.html
 create mode 100644 docs/arkiv/2026-05-26/sikkerhet-rapport-09-10.html
 create mode 100644 docs/arkiv/2026-05-26/sikkerhet-rapport.html
 create mode 100644 docs/arkiv/2026-05-26/skjermbilder-monkey/monkey-pre-submit-1.png
 create mode 100644 docs/arkiv/2026-05-26/skjermbilder-monkey/monkey-pre-submit-2.png
 create mode 100644 docs/arkiv/2026-05-26/skjermbilder-monkey/monkey-pre-submit-3.png
 create mode 100644 docs/arkiv/2026-05-26/skjermbilder-monkey/monkey-pre-submit-4.png
 create mode 100644 docs/arkiv/2026-05-26/skjermbilder-monkey/monkey-pre-submit-5.png
 create mode 100644 docs/arkiv/2026-05-26/skjermbilder-monkey/monkey-pre-submit-6.png
 create mode 100644 docs/arkiv/2026-05-26/skjermbilder-negativ/negativ-mobil-7.png
 create mode 100644 docs/arkiv/2026-05-26/skjermbilder-negativ/negativ-reload-krasj-6.png
 create mode 100644 docs/arkiv/2026-05-26/skjermbilder-negativ/negativ-soknad-direkte-krasj-5.png
 create mode 100644 docs/arkiv/2026-05-26/skjermbilder-negativ/negativ-url-ingen-feilside-1.png
 create mode 100644 docs/arkiv/2026-05-26/skjermbilder-negativ/negativ-url-ingen-feilside-2.png
 create mode 100644 docs/arkiv/2026-05-26/skjermbilder-negativ/negativ-url-ingen-feilside-3.png
 create mode 100644 docs/arkiv/2026-05-26/skjermbilder-negativ/negativ-url-ingen-feilside-4.png
 create mode 100644 docs/arkiv/2026-05-26/skjermbilder/innlogging-steg-1.png
 create mode 100644 docs/arkiv/2026-05-26/skjermbilder/innlogging-steg-2.png
 create mode 100644 docs/arkiv/2026-05-26/skjermbilder/innlogging-steg-3.png
 create mode 100644 docs/arkiv/2026-05-26/skjermbilder/innlogging-steg-4.png
 create mode 100644 docs/arkiv/2026-05-26/skjermbilder/innlogging-steg-5.png
 create mode 100644 docs/arkiv/2026-05-26/skjermbilder/s12-landmark-unique-0-element.png
 create mode 100644 docs/arkiv/2026-05-26/skjermbilder/s12-landmark-unique-0-side.png
 create mode 100644 docs/arkiv/2026-05-26/skjermbilder/s13-doede-lenker-side.png
 create mode 100644 docs/arkiv/2026-05-26/skjermbilder/s15-doede-lenker-side.png
 create mode 100644 docs/arkiv/2026-05-26/skjermbilder/s16-doede-lenker-side.png
 create mode 100644 docs/arkiv/2026-05-26/skjermbilder/s17-doede-lenker-side.png
 create mode 100644 docs/arkiv/2026-05-26/skjermbilder/s18-doede-lenker-side.png
 create mode 100644 docs/arkiv/2026-05-26/uu-rapport-09-09.html
 create mode 100644 docs/arkiv/2026-05-26/uu-rapport.html
 create mode 100644 docs/arkiv/2026-05-26/ytelse-rapport.html
 create mode 100644 rapporter/2026-05-25/skjermbilder/innlogging-steg-1.png
 create mode 100644 rapporter/2026-05-25/skjermbilder/innlogging-steg-2.png
 create mode 100644 rapporter/2026-05-25/skjermbilder/innlogging-steg-3.png
 create mode 100644 rapporter/2026-05-25/skjermbilder/innlogging-steg-4.png
 create mode 100644 rapporter/2026-05-26/brukerhistorie-rapport.html
 create mode 100644 rapporter/2026-05-26/brukerhistorie-resultat.json
 create mode 100644 rapporter/2026-05-26/monkey-rapport-09-10.html
 create mode 100644 rapporter/2026-05-26/monkey-rapport.html
 create mode 100644 rapporter/2026-05-26/monkey-resultat-09-10.json
 create mode 100644 rapporter/2026-05-26/monkey-resultat.json
 create mode 100644 rapporter/2026-05-26/negativ-rapport-09-10.html
 create mode 100644 rapporter/2026-05-26/negativ-rapport.html
 create mode 100644 rapporter/2026-05-26/negativ-resultat-09-10.json
 create mode 100644 rapporter/2026-05-26/negativ-resultat.json
 create mode 100644 rapporter/2026-05-26/resultat-09-09.json
 create mode 100644 rapporter/2026-05-26/resultat.json
 create mode 100644 rapporter/2026-05-26/sikkerhet-rapport-09-10.html
 create mode 100644 rapporter/2026-05-26/sikkerhet-rapport.html
 create mode 100644 rapporter/2026-05-26/sikkerhet-resultat-09-10.json
 create mode 100644 rapporter/2026-05-26/sikkerhet-resultat.json
 create mode 100644 rapporter/2026-05-26/skjermbilder-monkey/monkey-pre-submit-1.png
 create mode 100644 rapporter/2026-05-26/skjermbilder-monkey/monkey-pre-submit-2.png
 create mode 100644 rapporter/2026-05-26/skjermbilder-monkey/monkey-pre-submit-3.png
 create mode 100644 rapporter/2026-05-26/skjermbilder-monkey/monkey-pre-submit-4.png
 create mode 100644 rapporter/2026-05-26/skjermbilder-monkey/monkey-pre-submit-5.png
 create mode 100644 rapporter/2026-05-26/skjermbilder-monkey/monkey-pre-submit-6.png
 create mode 100644 rapporter/2026-05-26/skjermbilder-negativ/negativ-mobil-7.png
 create mode 100644 rapporter/2026-05-26/skjermbilder-negativ/negativ-reload-krasj-6.png
 create mode 100644 rapporter/2026-05-26/skjermbilder-negativ/negativ-soknad-direkte-krasj-5.png
 create mode 100644 rapporter/2026-05-26/skjermbilder-negativ/negativ-url-ingen-feilside-1.png
 create mode 100644 rapporter/2026-05-26/skjermbilder-negativ/negativ-url-ingen-feilside-2.png
 create mode 100644 rapporter/2026-05-26/skjermbilder-negativ/negativ-url-ingen-feilside-3.png
 create mode 100644 rapporter/2026-05-26/skjermbilder-negativ/negativ-url-ingen-feilside-4.png
 create mode 100644 rapporter/2026-05-26/skjermbilder/innlogging-steg-1.png
 create mode 100644 rapporter/2026-05-26/skjermbilder/innlogging-steg-2.png
 create mode 100644 rapporter/2026-05-26/skjermbilder/innlogging-steg-3.png
 create mode 100644 rapporter/2026-05-26/skjermbilder/innlogging-steg-4.png
 create mode 100644 rapporter/2026-05-26/skjermbilder/innlogging-steg-5.png
 create mode 100644 rapporter/2026-05-26/skjermbilder/s12-landmark-unique-0-element.png
 create mode 100644 rapporter/2026-05-26/skjermbilder/s12-landmark-unique-0-side.png
 create mode 100644 rapporter/2026-05-26/skjermbilder/s13-doede-lenker-side.png
 create mode 100644 rapporter/2026-05-26/skjermbilder/s15-doede-lenker-side.png
 create mode 100644 rapporter/2026-05-26/skjermbilder/s16-doede-lenker-side.png
 create mode 100644 rapporter/2026-05-26/skjermbilder/s17-doede-lenker-side.png
 create mode 100644 rapporter/2026-05-26/skjermbilder/s18-doede-lenker-side.png
 create mode 100644 rapporter/2026-05-26/uu-rapport-09-09.html
 create mode 100644 rapporter/2026-05-26/uu-rapport.html
 create mode 100644 rapporter/2026-05-26/ytelse-rapport.html
 create mode 100644 rapporter/2026-05-26/ytelse-resultat.json
[main 715bc12] Daglig UU-rapport 2026-05-27 [skip ci]
 94 files changed, 28791 insertions(+), 829 deletions(-)
 create mode 100644 docs/arkiv/2026-05-27/brukerhistorie-rapport.html
 create mode 100644 docs/arkiv/2026-05-27/monkey-rapport-19-48.html
 create mode 100644 docs/arkiv/2026-05-27/monkey-rapport.html
 create mode 100644 docs/arkiv/2026-05-27/negativ-rapport-19-48.html
 create mode 100644 docs/arkiv/2026-05-27/negativ-rapport.html
 create mode 100644 docs/arkiv/2026-05-27/sikkerhet-rapport-19-48.html
 create mode 100644 docs/arkiv/2026-05-27/sikkerhet-rapport.html
 create mode 100644 docs/arkiv/2026-05-27/skjermbilder-monkey/monkey-pre-submit-1.png
 create mode 100644 docs/arkiv/2026-05-27/skjermbilder-monkey/monkey-pre-submit-2.png
 create mode 100644 docs/arkiv/2026-05-27/skjermbilder-monkey/monkey-pre-submit-3.png
 create mode 100644 docs/arkiv/2026-05-27/skjermbilder-negativ/negativ-mobil-7.png
 create mode 100644 docs/arkiv/2026-05-27/skjermbilder-negativ/negativ-reload-krasj-6.png
 create mode 100644 docs/arkiv/2026-05-27/skjermbilder-negativ/negativ-soknad-direkte-krasj-5.png
 create mode 100644 docs/arkiv/2026-05-27/skjermbilder-negativ/negativ-url-ingen-feilside-1.png
 create mode 100644 docs/arkiv/2026-05-27/skjermbilder-negativ/negativ-url-ingen-feilside-2.png
 create mode 100644 docs/arkiv/2026-05-27/skjermbilder-negativ/negativ-url-ingen-feilside-3.png
 create mode 100644 docs/arkiv/2026-05-27/skjermbilder-negativ/negativ-url-ingen-feilside-4.png
 create mode 100644 docs/arkiv/2026-05-27/skjermbilder/innlogging-steg-1.png
 create mode 100644 docs/arkiv/2026-05-27/skjermbilder/innlogging-steg-2.png
 create mode 100644 docs/arkiv/2026-05-27/skjermbilder/innlogging-steg-3.png
 create mode 100644 docs/arkiv/2026-05-27/skjermbilder/innlogging-steg-4.png
 create mode 100644 docs/arkiv/2026-05-27/skjermbilder/innlogging-steg-5.png
 create mode 100644 docs/arkiv/2026-05-27/skjermbilder/s12-landmark-unique-0-element.png
 create mode 100644 docs/arkiv/2026-05-27/skjermbilder/s12-landmark-unique-0-side.png
 create mode 100644 docs/arkiv/2026-05-27/skjermbilder/s13-doede-lenker-side.png
 create mode 100644 docs/arkiv/2026-05-27/skjermbilder/s15-doede-lenker-side.png
 create mode 100644 docs/arkiv/2026-05-27/skjermbilder/s16-doede-lenker-side.png
 create mode 100644 docs/arkiv/2026-05-27/skjermbilder/s17-doede-lenker-side.png
 create mode 100644 docs/arkiv/2026-05-27/skjermbilder/s18-doede-lenker-side.png
 create mode 100644 docs/arkiv/2026-05-27/uu-rapport-19-47.html
 create mode 100644 docs/arkiv/2026-05-27/uu-rapport.html
 create mode 100644 docs/arkiv/2026-05-27/ytelse-rapport.html
 create mode 100644 rapporter/2026-05-27/brukerhistorie-rapport.html
 create mode 100644 rapporter/2026-05-27/brukerhistorie-resultat.json
 create mode 100644 rapporter/2026-05-27/monkey-rapport-19-48.html
 create mode 100644 rapporter/2026-05-27/monkey-rapport.html
 create mode 100644 rapporter/2026-05-27/monkey-resultat-19-48.json
 create mode 100644 rapporter/2026-05-27/monkey-resultat.json
 create mode 100644 rapporter/2026-05-27/negativ-rapport-19-48.html
 create mode 100644 rapporter/2026-05-27/negativ-rapport.html
 create mode 100644 rapporter/2026-05-27/negativ-resultat-19-48.json
 create mode 100644 rapporter/2026-05-27/negativ-resultat.json
 create mode 100644 rapporter/2026-05-27/resultat-19-47.json
 create mode 100644 rapporter/2026-05-27/resultat.json
 create mode 100644 rapporter/2026-05-27/sikkerhet-rapport-19-48.html
 create mode 100644 rapporter/2026-05-27/sikkerhet-rapport.html
 create mode 100644 rapporter/2026-05-27/sikkerhet-resultat-19-48.json
 create mode 100644 rapporter/2026-05-27/sikkerhet-resultat.json
 create mode 100644 rapporter/2026-05-27/skjermbilder-monkey/monkey-pre-submit-1.png
 create mode 100644 rapporter/2026-05-27/skjermbilder-monkey/monkey-pre-submit-2.png
 create mode 100644 rapporter/2026-05-27/skjermbilder-monkey/monkey-pre-submit-3.png
 create mode 100644 rapporter/2026-05-27/skjermbilder-negativ/negativ-mobil-7.png
 create mode 100644 rapporter/2026-05-27/skjermbilder-negativ/negativ-reload-krasj-6.png
 create mode 100644 rapporter/2026-05-27/skjermbilder-negativ/negativ-soknad-direkte-krasj-5.png
 create mode 100644 rapporter/2026-05-27/skjermbilder-negativ/negativ-url-ingen-feilside-1.png
 create mode 100644 rapporter/2026-05-27/skjermbilder-negativ/negativ-url-ingen-feilside-2.png
 create mode 100644 rapporter/2026-05-27/skjermbilder-negativ/negativ-url-ingen-feilside-3.png
 create mode 100644 rapporter/2026-05-27/skjermbilder-negativ/negativ-url-ingen-feilside-4.png
 create mode 100644 rapporter/2026-05-27/skjermbilder/innlogging-steg-1.png
 create mode 100644 rapporter/2026-05-27/skjermbilder/innlogging-steg-2.png
 create mode 100644 rapporter/2026-05-27/skjermbilder/innlogging-steg-3.png
 create mode 100644 rapporter/2026-05-27/skjermbilder/innlogging-steg-4.png
 create mode 100644 rapporter/2026-05-27/skjermbilder/innlogging-steg-5.png
 create mode 100644 rapporter/2026-05-27/skjermbilder/s12-landmark-unique-0-element.png
 create mode 100644 rapporter/2026-05-27/skjermbilder/s12-landmark-unique-0-side.png
 create mode 100644 rapporter/2026-05-27/skjermbilder/s13-doede-lenker-side.png
 create mode 100644 rapporter/2026-05-27/skjermbilder/s15-doede-lenker-side.png
 create mode 100644 rapporter/2026-05-27/skjermbilder/s16-doede-lenker-side.png
 create mode 100644 rapporter/2026-05-27/skjermbilder/s17-doede-lenker-side.png
 create mode 100644 rapporter/2026-05-27/skjermbilder/s18-doede-lenker-side.png
 create mode 100644 rapporter/2026-05-27/uu-rapport-19-47.html
 create mode 100644 rapporter/2026-05-27/uu-rapport.html
 create mode 100644 rapporter/2026-05-27/ytelse-rapport.html
 create mode 100644 rapporter/2026-05-27/ytelse-resultat.json
[main f812f5f] Daglig UU-rapport 2026-05-28 [skip ci]
 98 files changed, 28855 insertions(+), 814 deletions(-)
 create mode 100644 docs/arkiv/2026-05-28/brukerhistorie-rapport.html
 create mode 100644 docs/arkiv/2026-05-28/monkey-rapport-02-09.html
 create mode 100644 docs/arkiv/2026-05-28/monkey-rapport.html
 create mode 100644 docs/arkiv/2026-05-28/negativ-rapport-02-09.html
 create mode 100644 docs/arkiv/2026-05-28/negativ-rapport.html
 create mode 100644 docs/arkiv/2026-05-28/sikkerhet-rapport-02-09.html
 create mode 100644 docs/arkiv/2026-05-28/sikkerhet-rapport.html
 create mode 100644 docs/arkiv/2026-05-28/skjermbilder-monkey/monkey-pre-submit-1.png
 create mode 100644 docs/arkiv/2026-05-28/skjermbilder-monkey/monkey-pre-submit-2.png
 create mode 100644 docs/arkiv/2026-05-28/skjermbilder-monkey/monkey-pre-submit-3.png
 create mode 100644 docs/arkiv/2026-05-28/skjermbilder-monkey/monkey-pre-submit-4.png
 create mode 100644 docs/arkiv/2026-05-28/skjermbilder-monkey/monkey-pre-submit-5.png
 create mode 100644 docs/arkiv/2026-05-28/skjermbilder-negativ/negativ-mobil-7.png
 create mode 100644 docs/arkiv/2026-05-28/skjermbilder-negativ/negativ-reload-krasj-6.png
 create mode 100644 docs/arkiv/2026-05-28/skjermbilder-negativ/negativ-soknad-direkte-krasj-5.png
 create mode 100644 docs/arkiv/2026-05-28/skjermbilder-negativ/negativ-url-ingen-feilside-1.png
 create mode 100644 docs/arkiv/2026-05-28/skjermbilder-negativ/negativ-url-ingen-feilside-2.png
 create mode 100644 docs/arkiv/2026-05-28/skjermbilder-negativ/negativ-url-ingen-feilside-3.png
 create mode 100644 docs/arkiv/2026-05-28/skjermbilder-negativ/negativ-url-ingen-feilside-4.png
 create mode 100644 docs/arkiv/2026-05-28/skjermbilder/innlogging-steg-1.png
 create mode 100644 docs/arkiv/2026-05-28/skjermbilder/innlogging-steg-2.png
 create mode 100644 docs/arkiv/2026-05-28/skjermbilder/innlogging-steg-3.png
 create mode 100644 docs/arkiv/2026-05-28/skjermbilder/innlogging-steg-4.png
 create mode 100644 docs/arkiv/2026-05-28/skjermbilder/innlogging-steg-5.png
 create mode 100644 docs/arkiv/2026-05-28/skjermbilder/s12-landmark-unique-0-element.png
 create mode 100644 docs/arkiv/2026-05-28/skjermbilder/s12-landmark-unique-0-side.png
 create mode 100644 docs/arkiv/2026-05-28/skjermbilder/s13-doede-lenker-side.png
 create mode 100644 docs/arkiv/2026-05-28/skjermbilder/s15-doede-lenker-side.png
 create mode 100644 docs/arkiv/2026-05-28/skjermbilder/s16-doede-lenker-side.png
 create mode 100644 docs/arkiv/2026-05-28/skjermbilder/s17-doede-lenker-side.png
 create mode 100644 docs/arkiv/2026-05-28/skjermbilder/s18-doede-lenker-side.png
 create mode 100644 docs/arkiv/2026-05-28/uu-rapport-02-08.html
 create mode 100644 docs/arkiv/2026-05-28/uu-rapport.html
 create mode 100644 docs/arkiv/2026-05-28/ytelse-rapport.html
 create mode 100644 rapporter/2026-05-28/brukerhistorie-rapport.html
 create mode 100644 rapporter/2026-05-28/brukerhistorie-resultat.json
 create mode 100644 rapporter/2026-05-28/monkey-rapport-02-09.html
 create mode 100644 rapporter/2026-05-28/monkey-rapport.html
 create mode 100644 rapporter/2026-05-28/monkey-resultat-02-09.json
 create mode 100644 rapporter/2026-05-28/monkey-resultat.json
 create mode 100644 rapporter/2026-05-28/negativ-rapport-02-09.html
 create mode 100644 rapporter/2026-05-28/negativ-rapport.html
 create mode 100644 rapporter/2026-05-28/negativ-resultat-02-09.json
 create mode 100644 rapporter/2026-05-28/negativ-resultat.json
 create mode 100644 rapporter/2026-05-28/resultat-02-08.json
 create mode 100644 rapporter/2026-05-28/resultat.json
 create mode 100644 rapporter/2026-05-28/sikkerhet-rapport-02-09.html
 create mode 100644 rapporter/2026-05-28/sikkerhet-rapport.html
 create mode 100644 rapporter/2026-05-28/sikkerhet-resultat-02-09.json
 create mode 100644 rapporter/2026-05-28/sikkerhet-resultat.json
 create mode 100644 rapporter/2026-05-28/skjermbilder-monkey/monkey-pre-submit-1.png
 create mode 100644 rapporter/2026-05-28/skjermbilder-monkey/monkey-pre-submit-2.png
 create mode 100644 rapporter/2026-05-28/skjermbilder-monkey/monkey-pre-submit-3.png
 create mode 100644 rapporter/2026-05-28/skjermbilder-monkey/monkey-pre-submit-4.png
 create mode 100644 rapporter/2026-05-28/skjermbilder-monkey/monkey-pre-submit-5.png
 create mode 100644 rapporter/2026-05-28/skjermbilder-negativ/negativ-mobil-7.png
 create mode 100644 rapporter/2026-05-28/skjermbilder-negativ/negativ-reload-krasj-6.png
 create mode 100644 rapporter/2026-05-28/skjermbilder-negativ/negativ-soknad-direkte-krasj-5.png
 create mode 100644 rapporter/2026-05-28/skjermbilder-negativ/negativ-url-ingen-feilside-1.png
 create mode 100644 rapporter/2026-05-28/skjermbilder-negativ/negativ-url-ingen-feilside-2.png
 create mode 100644 rapporter/2026-05-28/skjermbilder-negativ/negativ-url-ingen-feilside-3.png
 create mode 100644 rapporter/2026-05-28/skjermbilder-negativ/negativ-url-ingen-feilside-4.png
 create mode 100644 rapporter/2026-05-28/skjermbilder/innlogging-steg-1.png
 create mode 100644 rapporter/2026-05-28/skjermbilder/innlogging-steg-2.png
 create mode 100644 rapporter/2026-05-28/skjermbilder/innlogging-steg-3.png
 create mode 100644 rapporter/2026-05-28/skjermbilder/innlogging-steg-4.png
 create mode 100644 rapporter/2026-05-28/skjermbilder/innlogging-steg-5.png
 create mode 100644 rapporter/2026-05-28/skjermbilder/s12-landmark-unique-0-element.png
 create mode 100644 rapporter/2026-05-28/skjermbilder/s12-landmark-unique-0-side.png
 create mode 100644 rapporter/2026-05-28/skjermbilder/s13-doede-lenker-side.png
 create mode 100644 rapporter/2026-05-28/skjermbilder/s15-doede-lenker-side.png
 create mode 100644 rapporter/2026-05-28/skjermbilder/s16-doede-lenker-side.png
 create mode 100644 rapporter/2026-05-28/skjermbilder/s17-doede-lenker-side.png
 create mode 100644 rapporter/2026-05-28/skjermbilder/s18-doede-lenker-side.png
 create mode 100644 rapporter/2026-05-28/uu-rapport-02-08.html
 create mode 100644 rapporter/2026-05-28/uu-rapport.html
 create mode 100644 rapporter/2026-05-28/ytelse-rapport.html
 create mode 100644 rapporter/2026-05-28/ytelse-resultat.json
[main 3db7921] Daglig UU-rapport 2026-05-29 [skip ci]
 107 files changed, 29550 insertions(+), 854 deletions(-)
 create mode 100644 docs/arkiv/2026-05-29/brukerhistorie-rapport.html
 create mode 100644 docs/arkiv/2026-05-29/monkey-rapport-10-09.html
 create mode 100644 docs/arkiv/2026-05-29/monkey-rapport.html
 create mode 100644 docs/arkiv/2026-05-29/negativ-rapport-10-10.html
 create mode 100644 docs/arkiv/2026-05-29/negativ-rapport.html
 create mode 100644 docs/arkiv/2026-05-29/sikkerhet-rapport-10-10.html
 create mode 100644 docs/arkiv/2026-05-29/sikkerhet-rapport.html
 create mode 100644 docs/arkiv/2026-05-29/skjermbilder-monkey/monkey-pre-submit-1.png
 create mode 100644 docs/arkiv/2026-05-29/skjermbilder-monkey/monkey-pre-submit-2.png
 create mode 100644 docs/arkiv/2026-05-29/skjermbilder-monkey/monkey-pre-submit-3.png
 create mode 100644 docs/arkiv/2026-05-29/skjermbilder-monkey/monkey-pre-submit-4.png
 create mode 100644 docs/arkiv/2026-05-29/skjermbilder-monkey/monkey-pre-submit-5.png
 create mode 100644 docs/arkiv/2026-05-29/skjermbilder-monkey/monkey-pre-submit-6.png
 create mode 100644 docs/arkiv/2026-05-29/skjermbilder-monkey/monkey-pre-submit-7.png
 create mode 100644 docs/arkiv/2026-05-29/skjermbilder-monkey/monkey-pre-submit-8.png
 create mode 100644 docs/arkiv/2026-05-29/skjermbilder-monkey/monkey-pre-submit-9.png
 create mode 100644 docs/arkiv/2026-05-29/skjermbilder-negativ/negativ-mobil-7.png
 create mode 100644 docs/arkiv/2026-05-29/skjermbilder-negativ/negativ-reload-krasj-6.png
 create mode 100644 docs/arkiv/2026-05-29/skjermbilder-negativ/negativ-soknad-direkte-krasj-5.png
 create mode 100644 docs/arkiv/2026-05-29/skjermbilder-negativ/negativ-url-ingen-feilside-1.png
 create mode 100644 docs/arkiv/2026-05-29/skjermbilder-negativ/negativ-url-ingen-feilside-2.png
 create mode 100644 docs/arkiv/2026-05-29/skjermbilder-negativ/negativ-url-ingen-feilside-3.png
 create mode 100644 docs/arkiv/2026-05-29/skjermbilder-negativ/negativ-url-ingen-feilside-4.png
 create mode 100644 docs/arkiv/2026-05-29/skjermbilder/innlogging-steg-1.png
 create mode 100644 docs/arkiv/2026-05-29/skjermbilder/innlogging-steg-2.png
 create mode 100644 docs/arkiv/2026-05-29/skjermbilder/innlogging-steg-3.png
 create mode 100644 docs/arkiv/2026-05-29/skjermbilder/innlogging-steg-4.png
 create mode 100644 docs/arkiv/2026-05-29/skjermbilder/innlogging-steg-5.png
 create mode 100644 docs/arkiv/2026-05-29/skjermbilder/s12-landmark-unique-0-element.png
 create mode 100644 docs/arkiv/2026-05-29/skjermbilder/s12-landmark-unique-0-side.png
 create mode 100644 docs/arkiv/2026-05-29/skjermbilder/s13-doede-lenker-side.png
 create mode 100644 docs/arkiv/2026-05-29/skjermbilder/s15-doede-lenker-side.png
 create mode 100644 docs/arkiv/2026-05-29/skjermbilder/s16-doede-lenker-side.png
 create mode 100644 docs/arkiv/2026-05-29/skjermbilder/s17-doede-lenker-side.png
 create mode 100644 docs/arkiv/2026-05-29/skjermbilder/s18-doede-lenker-side.png
 create mode 100644 docs/arkiv/2026-05-29/uu-rapport-10-09.html
 create mode 100644 docs/arkiv/2026-05-29/uu-rapport.html
 create mode 100644 docs/arkiv/2026-05-29/ytelse-rapport.html
 create mode 100644 rapporter/2026-05-29/brukerhistorie-rapport.html
 create mode 100644 rapporter/2026-05-29/brukerhistorie-resultat.json
 create mode 100644 rapporter/2026-05-29/monkey-rapport-10-09.html
 create mode 100644 rapporter/2026-05-29/monkey-rapport.html
 create mode 100644 rapporter/2026-05-29/monkey-resultat-10-09.json
 create mode 100644 rapporter/2026-05-29/monkey-resultat.json
 create mode 100644 rapporter/2026-05-29/negativ-rapport-10-10.html
 create mode 100644 rapporter/2026-05-29/negativ-rapport.html
 create mode 100644 rapporter/2026-05-29/negativ-resultat-10-10.json
 create mode 100644 rapporter/2026-05-29/negativ-resultat.json
 create mode 100644 rapporter/2026-05-29/resultat-10-09.json
 create mode 100644 rapporter/2026-05-29/resultat.json
 create mode 100644 rapporter/2026-05-29/sikkerhet-rapport-10-10.html
 create mode 100644 rapporter/2026-05-29/sikkerhet-rapport.html
 create mode 100644 rapporter/2026-05-29/sikkerhet-resultat-10-10.json
 create mode 100644 rapporter/2026-05-29/sikkerhet-resultat.json
 create mode 100644 rapporter/2026-05-29/skjermbilder-monkey/monkey-pre-submit-1.png
 create mode 100644 rapporter/2026-05-29/skjermbilder-monkey/monkey-pre-submit-2.png
 create mode 100644 rapporter/2026-05-29/skjermbilder-monkey/monkey-pre-submit-3.png
 create mode 100644 rapporter/2026-05-29/skjermbilder-monkey/monkey-pre-submit-4.png
 create mode 100644 rapporter/2026-05-29/skjermbilder-monkey/monkey-pre-submit-5.png
 create mode 100644 rapporter/2026-05-29/skjermbilder-monkey/monkey-pre-submit-6.png
 create mode 100644 rapporter/2026-05-29/skjermbilder-monkey/monkey-pre-submit-7.png
 create mode 100644 rapporter/2026-05-29/skjermbilder-monkey/monkey-pre-submit-8.png
 create mode 100644 rapporter/2026-05-29/skjermbilder-monkey/monkey-pre-submit-9.png
 create mode 100644 rapporter/2026-05-29/skjermbilder-negativ/negativ-mobil-7.png
 create mode 100644 rapporter/2026-05-29/skjermbilder-negativ/negativ-reload-krasj-6.png
 create mode 100644 rapporter/2026-05-29/skjermbilder-negativ/negativ-soknad-direkte-krasj-5.png
 create mode 100644 rapporter/2026-05-29/skjermbilder-negativ/negativ-url-ingen-feilside-1.png
 create mode 100644 rapporter/2026-05-29/skjermbilder-negativ/negativ-url-ingen-feilside-2.png
 create mode 100644 rapporter/2026-05-29/skjermbilder-negativ/negativ-url-ingen-feilside-3.png
 create mode 100644 rapporter/2026-05-29/skjermbilder-negativ/negativ-url-ingen-feilside-4.png
 create mode 100644 rapporter/2026-05-29/skjermbilder/innlogging-steg-1.png
 create mode 100644 rapporter/2026-05-29/skjermbilder/innlogging-steg-2.png
 create mode 100644 rapporter/2026-05-29/skjermbilder/innlogging-steg-3.png
 create mode 100644 rapporter/2026-05-29/skjermbilder/innlogging-steg-4.png
 create mode 100644 rapporter/2026-05-29/skjermbilder/innlogging-steg-5.png
 create mode 100644 rapporter/2026-05-29/skjermbilder/s12-landmark-unique-0-element.png
 create mode 100644 rapporter/2026-05-29/skjermbilder/s12-landmark-unique-0-side.png
 create mode 100644 rapporter/2026-05-29/skjermbilder/s13-doede-lenker-side.png
 create mode 100644 rapporter/2026-05-29/skjermbilder/s15-doede-lenker-side.png
 create mode 100644 rapporter/2026-05-29/skjermbilder/s16-doede-lenker-side.png
 create mode 100644 rapporter/2026-05-29/skjermbilder/s17-doede-lenker-side.png
 create mode 100644 rapporter/2026-05-29/skjermbilder/s18-doede-lenker-side.png
 create mode 100644 rapporter/2026-05-29/uu-rapport-10-09.html
 create mode 100644 rapporter/2026-05-29/uu-rapport.html
 create mode 100644 rapporter/2026-05-29/ytelse-rapport.html
 create mode 100644 rapporter/2026-05-29/ytelse-resultat.json
[main 8003238] Daglig UU-rapport 2026-07-02 [skip ci]
 121 files changed, 41473 insertions(+), 1994 deletions(-)
 create mode 100644 docs/arkiv/2026-07-02/brukerhistorie-rapport.html
 create mode 100644 docs/arkiv/2026-07-02/monkey-rapport-08-43.html
 create mode 100644 docs/arkiv/2026-07-02/monkey-rapport.html
 create mode 100644 docs/arkiv/2026-07-02/negativ-rapport-08-44.html
 create mode 100644 docs/arkiv/2026-07-02/negativ-rapport.html
 create mode 100644 docs/arkiv/2026-07-02/sikkerhet-rapport-08-44.html
 create mode 100644 docs/arkiv/2026-07-02/sikkerhet-rapport.html
 create mode 100644 docs/arkiv/2026-07-02/skjermbilder-negativ/negativ-mobil-14.png
 create mode 100644 docs/arkiv/2026-07-02/skjermbilder-negativ/negativ-mobil-21.png
 create mode 100644 docs/arkiv/2026-07-02/skjermbilder-negativ/negativ-mobil-28.png
 create mode 100644 docs/arkiv/2026-07-02/skjermbilder-negativ/negativ-mobil-7.png
 create mode 100644 docs/arkiv/2026-07-02/skjermbilder-negativ/negativ-reload-krasj-13.png
 create mode 100644 docs/arkiv/2026-07-02/skjermbilder-negativ/negativ-reload-krasj-20.png
 create mode 100644 docs/arkiv/2026-07-02/skjermbilder-negativ/negativ-reload-krasj-27.png
 create mode 100644 docs/arkiv/2026-07-02/skjermbilder-negativ/negativ-reload-krasj-6.png
 create mode 100644 docs/arkiv/2026-07-02/skjermbilder-negativ/negativ-soknad-direkte-krasj-12.png
 create mode 100644 docs/arkiv/2026-07-02/skjermbilder-negativ/negativ-soknad-direkte-krasj-19.png
 create mode 100644 docs/arkiv/2026-07-02/skjermbilder-negativ/negativ-soknad-direkte-krasj-26.png
 create mode 100644 docs/arkiv/2026-07-02/skjermbilder-negativ/negativ-soknad-direkte-krasj-5.png
 create mode 100644 docs/arkiv/2026-07-02/skjermbilder-negativ/negativ-url-ingen-feilside-1.png
 create mode 100644 docs/arkiv/2026-07-02/skjermbilder-negativ/negativ-url-ingen-feilside-10.png
 create mode 100644 docs/arkiv/2026-07-02/skjermbilder-negativ/negativ-url-ingen-feilside-11.png
 create mode 100644 docs/arkiv/2026-07-02/skjermbilder-negativ/negativ-url-ingen-feilside-15.png
 create mode 100644 docs/arkiv/2026-07-02/skjermbilder-negativ/negativ-url-ingen-feilside-16.png
 create mode 100644 docs/arkiv/2026-07-02/skjermbilder-negativ/negativ-url-ingen-feilside-17.png
 create mode 100644 docs/arkiv/2026-07-02/skjermbilder-negativ/negativ-url-ingen-feilside-18.png
 create mode 100644 docs/arkiv/2026-07-02/skjermbilder-negativ/negativ-url-ingen-feilside-2.png
 create mode 100644 docs/arkiv/2026-07-02/skjermbilder-negativ/negativ-url-ingen-feilside-22.png
 create mode 100644 docs/arkiv/2026-07-02/skjermbilder-negativ/negativ-url-ingen-feilside-23.png
 create mode 100644 docs/arkiv/2026-07-02/skjermbilder-negativ/negativ-url-ingen-feilside-24.png
 create mode 100644 docs/arkiv/2026-07-02/skjermbilder-negativ/negativ-url-ingen-feilside-25.png
 create mode 100644 docs/arkiv/2026-07-02/skjermbilder-negativ/negativ-url-ingen-feilside-3.png
 create mode 100644 docs/arkiv/2026-07-02/skjermbilder-negativ/negativ-url-ingen-feilside-4.png
 create mode 100644 docs/arkiv/2026-07-02/skjermbilder-negativ/negativ-url-ingen-feilside-8.png
 create mode 100644 docs/arkiv/2026-07-02/skjermbilder-negativ/negativ-url-ingen-feilside-9.png
 create mode 100644 docs/arkiv/2026-07-02/skjermbilder/innlogging-steg-1.png
 create mode 100644 docs/arkiv/2026-07-02/skjermbilder/innlogging-steg-2.png
 create mode 100644 docs/arkiv/2026-07-02/skjermbilder/innlogging-steg-3.png
 create mode 100644 docs/arkiv/2026-07-02/skjermbilder/innlogging-steg-4.png
 create mode 100644 docs/arkiv/2026-07-02/skjermbilder/innlogging-steg-5.png
 create mode 100644 docs/arkiv/2026-07-02/skjermbilder/s18-landmark-unique-0-element.png
 create mode 100644 docs/arkiv/2026-07-02/skjermbilder/s18-landmark-unique-0-side.png
 create mode 100644 docs/arkiv/2026-07-02/skjermbilder/s3-doede-lenker-side.png
 create mode 100644 docs/arkiv/2026-07-02/uu-rapport-08-40.html
 create mode 100644 docs/arkiv/2026-07-02/uu-rapport.html
 create mode 100644 docs/arkiv/2026-07-02/ytelse-rapport.html
 create mode 100644 rapporter/2026-07-02/brukerhistorie-rapport.html
 create mode 100644 rapporter/2026-07-02/brukerhistorie-resultat.json
 create mode 100644 rapporter/2026-07-02/monkey-rapport-08-43.html
 create mode 100644 rapporter/2026-07-02/monkey-rapport.html
 create mode 100644 rapporter/2026-07-02/monkey-resultat-08-43.json
 create mode 100644 rapporter/2026-07-02/monkey-resultat.json
 create mode 100644 rapporter/2026-07-02/negativ-rapport-08-44.html
 create mode 100644 rapporter/2026-07-02/negativ-rapport.html
 create mode 100644 rapporter/2026-07-02/negativ-resultat-08-44.json
 create mode 100644 rapporter/2026-07-02/negativ-resultat.json
 create mode 100644 rapporter/2026-07-02/resultat-08-40.json
 create mode 100644 rapporter/2026-07-02/resultat.json
 create mode 100644 rapporter/2026-07-02/sikkerhet-rapport-08-44.html
 create mode 100644 rapporter/2026-07-02/sikkerhet-rapport.html
 create mode 100644 rapporter/2026-07-02/sikkerhet-resultat-08-44.json
 create mode 100644 rapporter/2026-07-02/sikkerhet-resultat.json
 create mode 100644 rapporter/2026-07-02/skjermbilder-negativ/negativ-mobil-14.png
 create mode 100644 rapporter/2026-07-02/skjermbilder-negativ/negativ-mobil-21.png
 create mode 100644 rapporter/2026-07-02/skjermbilder-negativ/negativ-mobil-28.png
 create mode 100644 rapporter/2026-07-02/skjermbilder-negativ/negativ-mobil-7.png
 create mode 100644 rapporter/2026-07-02/skjermbilder-negativ/negativ-reload-krasj-13.png
 create mode 100644 rapporter/2026-07-02/skjermbilder-negativ/negativ-reload-krasj-20.png
 create mode 100644 rapporter/2026-07-02/skjermbilder-negativ/negativ-reload-krasj-27.png
 create mode 100644 rapporter/2026-07-02/skjermbilder-negativ/negativ-reload-krasj-6.png
 create mode 100644 rapporter/2026-07-02/skjermbilder-negativ/negativ-soknad-direkte-krasj-12.png
 create mode 100644 rapporter/2026-07-02/skjermbilder-negativ/negativ-soknad-direkte-krasj-19.png
 create mode 100644 rapporter/2026-07-02/skjermbilder-negativ/negativ-soknad-direkte-krasj-26.png
 create mode 100644 rapporter/2026-07-02/skjermbilder-negativ/negativ-soknad-direkte-krasj-5.png
 create mode 100644 rapporter/2026-07-02/skjermbilder-negativ/negativ-url-ingen-feilside-1.png
 create mode 100644 rapporter/2026-07-02/skjermbilder-negativ/negativ-url-ingen-feilside-10.png
 create mode 100644 rapporter/2026-07-02/skjermbilder-negativ/negativ-url-ingen-feilside-11.png
 create mode 100644 rapporter/2026-07-02/skjermbilder-negativ/negativ-url-ingen-feilside-15.png
 create mode 100644 rapporter/2026-07-02/skjermbilder-negativ/negativ-url-ingen-feilside-16.png
 create mode 100644 rapporter/2026-07-02/skjermbilder-negativ/negativ-url-ingen-feilside-17.png
 create mode 100644 rapporter/2026-07-02/skjermbilder-negativ/negativ-url-ingen-feilside-18.png
 create mode 100644 rapporter/2026-07-02/skjermbilder-negativ/negativ-url-ingen-feilside-2.png
 create mode 100644 rapporter/2026-07-02/skjermbilder-negativ/negativ-url-ingen-feilside-22.png
 create mode 100644 rapporter/2026-07-02/skjermbilder-negativ/negativ-url-ingen-feilside-23.png
 create mode 100644 rapporter/2026-07-02/skjermbilder-negativ/negativ-url-ingen-feilside-24.png
 create mode 100644 rapporter/2026-07-02/skjermbilder-negativ/negativ-url-ingen-feilside-25.png
 create mode 100644 rapporter/2026-07-02/skjermbilder-negativ/negativ-url-ingen-feilside-3.png
 create mode 100644 rapporter/2026-07-02/skjermbilder-negativ/negativ-url-ingen-feilside-4.png
 create mode 100644 rapporter/2026-07-02/skjermbilder-negativ/negativ-url-ingen-feilside-8.png
 create mode 100644 rapporter/2026-07-02/skjermbilder-negativ/negativ-url-ingen-feilside-9.png
 create mode 100644 rapporter/2026-07-02/skjermbilder-tilfeldig/s18-landmark-unique-0-element.png
 create mode 100644 rapporter/2026-07-02/skjermbilder-tilfeldig/s18-landmark-unique-0-side.png
 create mode 100644 rapporter/2026-07-02/skjermbilder-tilfeldig/s3-doede-lenker-side.png
 create mode 100644 rapporter/2026-07-02/skjermbilder/innlogging-steg-1.png
 create mode 100644 rapporter/2026-07-02/skjermbilder/innlogging-steg-2.png
 create mode 100644 rapporter/2026-07-02/skjermbilder/innlogging-steg-3.png
 create mode 100644 rapporter/2026-07-02/skjermbilder/innlogging-steg-4.png
 create mode 100644 rapporter/2026-07-02/skjermbilder/innlogging-steg-5.png
 create mode 100644 rapporter/2026-07-02/skjermbilder/s18-landmark-unique-0-element.png
 create mode 100644 rapporter/2026-07-02/skjermbilder/s18-landmark-unique-0-side.png
 create mode 100644 rapporter/2026-07-02/skjermbilder/s3-doede-lenker-side.png
 create mode 100644 rapporter/2026-07-02/uu-rapport-08-40.html
 create mode 100644 rapporter/2026-07-02/uu-rapport.html
 create mode 100644 rapporter/2026-07-02/ytelse-rapport.html
 create mode 100644 rapporter/2026-07-02/ytelse-resultat.json
[main 603726e] Daglig UU-rapport 2026-07-03 [skip ci]
 143 files changed, 41148 insertions(+), 2066 deletions(-)
 create mode 100644 docs/arkiv/2026-07-03/brukerhistorie-rapport.html
 create mode 100644 docs/arkiv/2026-07-03/monkey-rapport-08-25.html
 create mode 100644 docs/arkiv/2026-07-03/monkey-rapport.html
 create mode 100644 docs/arkiv/2026-07-03/negativ-rapport-08-26.html
 create mode 100644 docs/arkiv/2026-07-03/negativ-rapport.html
 create mode 100644 docs/arkiv/2026-07-03/sikkerhet-rapport-08-26.html
 create mode 100644 docs/arkiv/2026-07-03/sikkerhet-rapport.html
 create mode 100644 docs/arkiv/2026-07-03/skjermbilder-monkey/monkey-pre-submit-1.png
 create mode 100644 docs/arkiv/2026-07-03/skjermbilder-monkey/monkey-pre-submit-2.png
 create mode 100644 docs/arkiv/2026-07-03/skjermbilder-monkey/monkey-pre-submit-3.png
 create mode 100644 docs/arkiv/2026-07-03/skjermbilder-monkey/monkey-pre-submit-4.png
 create mode 100644 docs/arkiv/2026-07-03/skjermbilder-monkey/monkey-pre-submit-5.png
 create mode 100644 docs/arkiv/2026-07-03/skjermbilder-monkey/monkey-pre-submit-6.png
 create mode 100644 docs/arkiv/2026-07-03/skjermbilder-monkey/monkey-pre-submit-7.png
 create mode 100644 docs/arkiv/2026-07-03/skjermbilder-negativ/negativ-mobil-14.png
 create mode 100644 docs/arkiv/2026-07-03/skjermbilder-negativ/negativ-mobil-19.png
 create mode 100644 docs/arkiv/2026-07-03/skjermbilder-negativ/negativ-mobil-26.png
 create mode 100644 docs/arkiv/2026-07-03/skjermbilder-negativ/negativ-mobil-7.png
 create mode 100644 docs/arkiv/2026-07-03/skjermbilder-negativ/negativ-reload-krasj-13.png
 create mode 100644 docs/arkiv/2026-07-03/skjermbilder-negativ/negativ-reload-krasj-25.png
 create mode 100644 docs/arkiv/2026-07-03/skjermbilder-negativ/negativ-reload-krasj-6.png
 create mode 100644 docs/arkiv/2026-07-03/skjermbilder-negativ/negativ-soknad-direkte-krasj-12.png
 create mode 100644 docs/arkiv/2026-07-03/skjermbilder-negativ/negativ-soknad-direkte-krasj-24.png
 create mode 100644 docs/arkiv/2026-07-03/skjermbilder-negativ/negativ-soknad-direkte-krasj-5.png
 create mode 100644 docs/arkiv/2026-07-03/skjermbilder-negativ/negativ-url-ingen-feilside-1.png
 create mode 100644 docs/arkiv/2026-07-03/skjermbilder-negativ/negativ-url-ingen-feilside-10.png
 create mode 100644 docs/arkiv/2026-07-03/skjermbilder-negativ/negativ-url-ingen-feilside-11.png
 create mode 100644 docs/arkiv/2026-07-03/skjermbilder-negativ/negativ-url-ingen-feilside-15.png
 create mode 100644 docs/arkiv/2026-07-03/skjermbilder-negativ/negativ-url-ingen-feilside-16.png
 create mode 100644 docs/arkiv/2026-07-03/skjermbilder-negativ/negativ-url-ingen-feilside-17.png
 create mode 100644 docs/arkiv/2026-07-03/skjermbilder-negativ/negativ-url-ingen-feilside-18.png
 create mode 100644 docs/arkiv/2026-07-03/skjermbilder-negativ/negativ-url-ingen-feilside-2.png
 create mode 100644 docs/arkiv/2026-07-03/skjermbilder-negativ/negativ-url-ingen-feilside-20.png
 create mode 100644 docs/arkiv/2026-07-03/skjermbilder-negativ/negativ-url-ingen-feilside-21.png
 create mode 100644 docs/arkiv/2026-07-03/skjermbilder-negativ/negativ-url-ingen-feilside-22.png
 create mode 100644 docs/arkiv/2026-07-03/skjermbilder-negativ/negativ-url-ingen-feilside-23.png
 create mode 100644 docs/arkiv/2026-07-03/skjermbilder-negativ/negativ-url-ingen-feilside-3.png
 create mode 100644 docs/arkiv/2026-07-03/skjermbilder-negativ/negativ-url-ingen-feilside-4.png
 create mode 100644 docs/arkiv/2026-07-03/skjermbilder-negativ/negativ-url-ingen-feilside-8.png
 create mode 100644 docs/arkiv/2026-07-03/skjermbilder-negativ/negativ-url-ingen-feilside-9.png
 create mode 100644 docs/arkiv/2026-07-03/skjermbilder/innlogging-steg-1.png
 create mode 100644 docs/arkiv/2026-07-03/skjermbilder/innlogging-steg-2.png
 create mode 100644 docs/arkiv/2026-07-03/skjermbilder/innlogging-steg-3.png
 create mode 100644 docs/arkiv/2026-07-03/skjermbilder/innlogging-steg-4.png
 create mode 100644 docs/arkiv/2026-07-03/skjermbilder/innlogging-steg-5.png
 create mode 100644 docs/arkiv/2026-07-03/skjermbilder/s18-landmark-unique-0-element.png
 create mode 100644 docs/arkiv/2026-07-03/skjermbilder/s18-landmark-unique-0-side.png
 create mode 100644 docs/arkiv/2026-07-03/skjermbilder/s3-doede-lenker-side.png
 create mode 100644 docs/arkiv/2026-07-03/uu-rapport-08-22.html
 create mode 100644 docs/arkiv/2026-07-03/uu-rapport.html
 create mode 100644 docs/arkiv/2026-07-03/ytelse-rapport.html
 create mode 100644 docs/skjermbilder-negativ/negativ-mobil-19.png
 create mode 100644 docs/skjermbilder-negativ/negativ-mobil-26.png
 create mode 100644 docs/skjermbilder-negativ/negativ-reload-krasj-25.png
 create mode 100644 docs/skjermbilder-negativ/negativ-soknad-direkte-krasj-24.png
 create mode 100644 docs/skjermbilder-negativ/negativ-url-ingen-feilside-20.png
 create mode 100644 docs/skjermbilder-negativ/negativ-url-ingen-feilside-21.png
 create mode 100644 rapporter/2026-07-03/brukerhistorie-rapport.html
 create mode 100644 rapporter/2026-07-03/brukerhistorie-resultat.json
 create mode 100644 rapporter/2026-07-03/monkey-rapport-08-25.html
 create mode 100644 rapporter/2026-07-03/monkey-rapport.html
 create mode 100644 rapporter/2026-07-03/monkey-resultat-08-25.json
 create mode 100644 rapporter/2026-07-03/monkey-resultat.json
 create mode 100644 rapporter/2026-07-03/negativ-rapport-08-26.html
 create mode 100644 rapporter/2026-07-03/negativ-rapport.html
 create mode 100644 rapporter/2026-07-03/negativ-resultat-08-26.json
 create mode 100644 rapporter/2026-07-03/negativ-resultat.json
 create mode 100644 rapporter/2026-07-03/resultat-08-22.json
 create mode 100644 rapporter/2026-07-03/resultat.json
 create mode 100644 rapporter/2026-07-03/sikkerhet-rapport-08-26.html
 create mode 100644 rapporter/2026-07-03/sikkerhet-rapport.html
 create mode 100644 rapporter/2026-07-03/sikkerhet-resultat-08-26.json
 create mode 100644 rapporter/2026-07-03/sikkerhet-resultat.json
 create mode 100644 rapporter/2026-07-03/skjermbilder-monkey/monkey-pre-submit-1.png
 create mode 100644 rapporter/2026-07-03/skjermbilder-monkey/monkey-pre-submit-2.png
 create mode 100644 rapporter/2026-07-03/skjermbilder-monkey/monkey-pre-submit-3.png
 create mode 100644 rapporter/2026-07-03/skjermbilder-monkey/monkey-pre-submit-4.png
 create mode 100644 rapporter/2026-07-03/skjermbilder-monkey/monkey-pre-submit-5.png
 create mode 100644 rapporter/2026-07-03/skjermbilder-monkey/monkey-pre-submit-6.png
 create mode 100644 rapporter/2026-07-03/skjermbilder-monkey/monkey-pre-submit-7.png
 create mode 100644 rapporter/2026-07-03/skjermbilder-negativ/negativ-mobil-14.png
 create mode 100644 rapporter/2026-07-03/skjermbilder-negativ/negativ-mobil-19.png
 create mode 100644 rapporter/2026-07-03/skjermbilder-negativ/negativ-mobil-26.png
 create mode 100644 rapporter/2026-07-03/skjermbilder-negativ/negativ-mobil-7.png
 create mode 100644 rapporter/2026-07-03/skjermbilder-negativ/negativ-reload-krasj-13.png
 create mode 100644 rapporter/2026-07-03/skjermbilder-negativ/negativ-reload-krasj-25.png
 create mode 100644 rapporter/2026-07-03/skjermbilder-negativ/negativ-reload-krasj-6.png
 create mode 100644 rapporter/2026-07-03/skjermbilder-negativ/negativ-soknad-direkte-krasj-12.png
 create mode 100644 rapporter/2026-07-03/skjermbilder-negativ/negativ-soknad-direkte-krasj-24.png
 create mode 100644 rapporter/2026-07-03/skjermbilder-negativ/negativ-soknad-direkte-krasj-5.png
 create mode 100644 rapporter/2026-07-03/skjermbilder-negativ/negativ-url-ingen-feilside-1.png
 create mode 100644 rapporter/2026-07-03/skjermbilder-negativ/negativ-url-ingen-feilside-10.png
 create mode 100644 rapporter/2026-07-03/skjermbilder-negativ/negativ-url-ingen-feilside-11.png
 create mode 100644 rapporter/2026-07-03/skjermbilder-negativ/negativ-url-ingen-feilside-15.png
 create mode 100644 rapporter/2026-07-03/skjermbilder-negativ/negativ-url-ingen-feilside-16.png
 create mode 100644 rapporter/2026-07-03/skjermbilder-negativ/negativ-url-ingen-feilside-17.png
 create mode 100644 rapporter/2026-07-03/skjermbilder-negativ/negativ-url-ingen-feilside-18.png
 create mode 100644 rapporter/2026-07-03/skjermbilder-negativ/negativ-url-ingen-feilside-2.png
 create mode 100644 rapporter/2026-07-03/skjermbilder-negativ/negativ-url-ingen-feilside-20.png
 create mode 100644 rapporter/2026-07-03/skjermbilder-negativ/negativ-url-ingen-feilside-21.png
 create mode 100644 rapporter/2026-07-03/skjermbilder-negativ/negativ-url-ingen-feilside-22.png
 create mode 100644 rapporter/2026-07-03/skjermbilder-negativ/negativ-url-ingen-feilside-23.png
 create mode 100644 rapporter/2026-07-03/skjermbilder-negativ/negativ-url-ingen-feilside-3.png
 create mode 100644 rapporter/2026-07-03/skjermbilder-negativ/negativ-url-ingen-feilside-4.png
 create mode 100644 rapporter/2026-07-03/skjermbilder-negativ/negativ-url-ingen-feilside-8.png
 create mode 100644 rapporter/2026-07-03/skjermbilder-negativ/negativ-url-ingen-feilside-9.png
 create mode 100644 rapporter/2026-07-03/skjermbilder-tilfeldig/s18-landmark-unique-0-element.png
 create mode 100644 rapporter/2026-07-03/skjermbilder-tilfeldig/s18-landmark-unique-0-side.png
 create mode 100644 rapporter/2026-07-03/skjermbilder-tilfeldig/s3-doede-lenker-side.png
 create mode 100644 rapporter/2026-07-03/skjermbilder/innlogging-steg-1.png
 create mode 100644 rapporter/2026-07-03/skjermbilder/innlogging-steg-2.png
 create mode 100644 rapporter/2026-07-03/skjermbilder/innlogging-steg-3.png
 create mode 100644 rapporter/2026-07-03/skjermbilder/innlogging-steg-4.png
 create mode 100644 rapporter/2026-07-03/skjermbilder/innlogging-steg-5.png
 create mode 100644 rapporter/2026-07-03/skjermbilder/s18-landmark-unique-0-element.png
 create mode 100644 rapporter/2026-07-03/skjermbilder/s18-landmark-unique-0-side.png
 create mode 100644 rapporter/2026-07-03/skjermbilder/s3-doede-lenker-side.png
 create mode 100644 rapporter/2026-07-03/uu-rapport-08-22.html
 create mode 100644 rapporter/2026-07-03/uu-rapport.html
 create mode 100644 rapporter/2026-07-03/ytelse-rapport.html
 create mode 100644 rapporter/2026-07-03/ytelse-resultat.json
[main 5f1f6a1] Daglig UU-rapport 2026-07-06 [skip ci]
 198 files changed, 62668 insertions(+), 2860 deletions(-)
 create mode 100644 docs/arkiv/2026-07-06/skjermbilder/innlogging-steg-1.png
 create mode 100644 docs/arkiv/2026-07-06/skjermbilder/innlogging-steg-2.png
 create mode 100644 docs/arkiv/2026-07-06/skjermbilder/innlogging-steg-3.png
 create mode 100644 docs/arkiv/2026-07-06/skjermbilder/innlogging-steg-4.png
 create mode 100644 docs/arkiv/2026-07-06/skjermbilder/innlogging-steg-5.png
 create mode 100644 docs/arkiv/2026-07-06/skjermbilder/s3-doede-lenker-side.png
 create mode 100644 docs/arkiv/2026-07-06/uu-rapport-08-03.html
 create mode 100644 docs/arkiv/2026-07-06/uu-rapport.html
 create mode 100644 docs/arkiv/2026-07-18/brukerhistorie-rapport.html
 create mode 100644 docs/arkiv/2026-07-18/monkey-rapport-11-35.html
 create mode 100644 docs/arkiv/2026-07-18/monkey-rapport-11-37.html
 create mode 100644 docs/arkiv/2026-07-18/monkey-rapport.html
 create mode 100644 docs/arkiv/2026-07-18/negativ-rapport-11-36.html
 create mode 100644 docs/arkiv/2026-07-18/negativ-rapport-11-39.html
 create mode 100644 docs/arkiv/2026-07-18/negativ-rapport.html
 create mode 100644 docs/arkiv/2026-07-18/sikkerhet-rapport-11-36.html
 create mode 100644 docs/arkiv/2026-07-18/sikkerhet-rapport-11-39.html
 create mode 100644 docs/arkiv/2026-07-18/sikkerhet-rapport.html
 create mode 100644 docs/arkiv/2026-07-18/skjermbilder-monkey/monkey-feilside-3.png
 create mode 100644 docs/arkiv/2026-07-18/skjermbilder-monkey/monkey-pre-submit-1.png
 create mode 100644 docs/arkiv/2026-07-18/skjermbilder-monkey/monkey-pre-submit-2.png
 create mode 100644 docs/arkiv/2026-07-18/skjermbilder-monkey/monkey-pre-submit-3.png
 create mode 100644 docs/arkiv/2026-07-18/skjermbilder-monkey/monkey-pre-submit-4.png
 create mode 100644 docs/arkiv/2026-07-18/skjermbilder-negativ/negativ-mobil-14.png
 create mode 100644 docs/arkiv/2026-07-18/skjermbilder-negativ/negativ-mobil-19.png
 create mode 100644 docs/arkiv/2026-07-18/skjermbilder-negativ/negativ-mobil-21.png
 create mode 100644 docs/arkiv/2026-07-18/skjermbilder-negativ/negativ-mobil-24.png
 create mode 100644 docs/arkiv/2026-07-18/skjermbilder-negativ/negativ-mobil-28.png
 create mode 100644 docs/arkiv/2026-07-18/skjermbilder-negativ/negativ-mobil-7.png
 create mode 100644 docs/arkiv/2026-07-18/skjermbilder-negativ/negativ-reload-krasj-13.png
 create mode 100644 docs/arkiv/2026-07-18/skjermbilder-negativ/negativ-reload-krasj-20.png
 create mode 100644 docs/arkiv/2026-07-18/skjermbilder-negativ/negativ-reload-krasj-27.png
 create mode 100644 docs/arkiv/2026-07-18/skjermbilder-negativ/negativ-reload-krasj-6.png
 create mode 100644 docs/arkiv/2026-07-18/skjermbilder-negativ/negativ-soknad-direkte-krasj-12.png
 create mode 100644 docs/arkiv/2026-07-18/skjermbilder-negativ/negativ-soknad-direkte-krasj-19.png
 create mode 100644 docs/arkiv/2026-07-18/skjermbilder-negativ/negativ-soknad-direkte-krasj-26.png
 create mode 100644 docs/arkiv/2026-07-18/skjermbilder-negativ/negativ-soknad-direkte-krasj-5.png
 create mode 100644 docs/arkiv/2026-07-18/skjermbilder-negativ/negativ-url-ingen-feilside-1.png
 create mode 100644 docs/arkiv/2026-07-18/skjermbilder-negativ/negativ-url-ingen-feilside-10.png
 create mode 100644 docs/arkiv/2026-07-18/skjermbilder-negativ/negativ-url-ingen-feilside-11.png
 create mode 100644 docs/arkiv/2026-07-18/skjermbilder-negativ/negativ-url-ingen-feilside-15.png
 create mode 100644 docs/arkiv/2026-07-18/skjermbilder-negativ/negativ-url-ingen-feilside-16.png
 create mode 100644 docs/arkiv/2026-07-18/skjermbilder-negativ/negativ-url-ingen-feilside-17.png
 create mode 100644 docs/arkiv/2026-07-18/skjermbilder-negativ/negativ-url-ingen-feilside-18.png
 create mode 100644 docs/arkiv/2026-07-18/skjermbilder-negativ/negativ-url-ingen-feilside-2.png
 create mode 100644 docs/arkiv/2026-07-18/skjermbilder-negativ/negativ-url-ingen-feilside-20.png
 create mode 100644 docs/arkiv/2026-07-18/skjermbilder-negativ/negativ-url-ingen-feilside-21.png
 create mode 100644 docs/arkiv/2026-07-18/skjermbilder-negativ/negativ-url-ingen-feilside-22.png
 create mode 100644 docs/arkiv/2026-07-18/skjermbilder-negativ/negativ-url-ingen-feilside-23.png
 create mode 100644 docs/arkiv/2026-07-18/skjermbilder-negativ/negativ-url-ingen-feilside-24.png
 create mode 100644 docs/arkiv/2026-07-18/skjermbilder-negativ/negativ-url-ingen-feilside-25.png
 create mode 100644 docs/arkiv/2026-07-18/skjermbilder-negativ/negativ-url-ingen-feilside-3.png
 create mode 100644 docs/arkiv/2026-07-18/skjermbilder-negativ/negativ-url-ingen-feilside-4.png
 create mode 100644 docs/arkiv/2026-07-18/skjermbilder-negativ/negativ-url-ingen-feilside-8.png
 create mode 100644 docs/arkiv/2026-07-18/skjermbilder-negativ/negativ-url-ingen-feilside-9.png
 create mode 100644 docs/arkiv/2026-07-18/skjermbilder/innlogging-steg-1.png
 create mode 100644 docs/arkiv/2026-07-18/skjermbilder/innlogging-steg-2.png
 create mode 100644 docs/arkiv/2026-07-18/skjermbilder/innlogging-steg-3.png
 create mode 100644 docs/arkiv/2026-07-18/skjermbilder/innlogging-steg-4.png
 create mode 100644 docs/arkiv/2026-07-18/skjermbilder/innlogging-steg-5.png
 create mode 100644 docs/arkiv/2026-07-18/skjermbilder/s1-link-name-0-element.png
 create mode 100644 docs/arkiv/2026-07-18/skjermbilder/s1-link-name-0-side.png
 create mode 100644 docs/arkiv/2026-07-18/skjermbilder/s7-landmark-unique-0-element.png
 create mode 100644 docs/arkiv/2026-07-18/skjermbilder/s7-landmark-unique-0-side.png
 create mode 100644 docs/arkiv/2026-07-18/uu-rapport-11-35.html
 create mode 100644 docs/arkiv/2026-07-18/uu-rapport.html
 create mode 100644 docs/arkiv/2026-07-18/ytelse-rapport.html
 create mode 100644 docs/skjermbilder-negativ/negativ-mobil-24.png
 create mode 100644 docs/skjermbilder/s1-link-name-0-element.png
 create mode 100644 docs/skjermbilder/s1-link-name-0-side.png
 create mode 100644 docs/skjermbilder/s7-landmark-unique-0-element.png
 create mode 100644 docs/skjermbilder/s7-landmark-unique-0-side.png
 create mode 100644 rapporter/2026-07-06/resultat-08-03.json
 create mode 100644 rapporter/2026-07-06/resultat.json
 create mode 100644 rapporter/2026-07-06/skjermbilder-tilfeldig/s8-landmark-unique-0-element.png
 create mode 100644 rapporter/2026-07-06/skjermbilder-tilfeldig/s8-landmark-unique-0-side.png
 create mode 100644 rapporter/2026-07-06/skjermbilder/innlogging-steg-1.png
 create mode 100644 rapporter/2026-07-06/skjermbilder/innlogging-steg-2.png
 create mode 100644 rapporter/2026-07-06/skjermbilder/innlogging-steg-3.png
 create mode 100644 rapporter/2026-07-06/skjermbilder/innlogging-steg-4.png
 create mode 100644 rapporter/2026-07-06/skjermbilder/innlogging-steg-5.png
 create mode 100644 rapporter/2026-07-06/skjermbilder/s3-doede-lenker-side.png
 create mode 100644 rapporter/2026-07-06/uu-rapport-08-03.html
 create mode 100644 rapporter/2026-07-06/uu-rapport.html
 create mode 100644 rapporter/2026-07-18/brukerhistorie-rapport.html
 create mode 100644 rapporter/2026-07-18/brukerhistorie-resultat.json
 create mode 100644 rapporter/2026-07-18/monkey-rapport-11-35.html
 create mode 100644 rapporter/2026-07-18/monkey-rapport-11-37.html
 create mode 100644 rapporter/2026-07-18/monkey-rapport.html
 create mode 100644 rapporter/2026-07-18/monkey-resultat-11-35.json
 create mode 100644 rapporter/2026-07-18/monkey-resultat-11-37.json
 create mode 100644 rapporter/2026-07-18/monkey-resultat.json
 create mode 100644 rapporter/2026-07-18/negativ-rapport-11-36.html
 create mode 100644 rapporter/2026-07-18/negativ-rapport-11-39.html
 create mode 100644 rapporter/2026-07-18/negativ-rapport.html
 create mode 100644 rapporter/2026-07-18/negativ-resultat-11-36.json
 create mode 100644 rapporter/2026-07-18/negativ-resultat-11-39.json
 create mode 100644 rapporter/2026-07-18/negativ-resultat.json
 create mode 100644 rapporter/2026-07-18/resultat-11-35.json
 create mode 100644 rapporter/2026-07-18/resultat.json
 create mode 100644 rapporter/2026-07-18/sikkerhet-rapport-11-36.html
 create mode 100644 rapporter/2026-07-18/sikkerhet-rapport-11-39.html
 create mode 100644 rapporter/2026-07-18/sikkerhet-rapport.html
 create mode 100644 rapporter/2026-07-18/sikkerhet-resultat-11-36.json
 create mode 100644 rapporter/2026-07-18/sikkerhet-resultat-11-39.json
 create mode 100644 rapporter/2026-07-18/sikkerhet-resultat.json
 create mode 100644 rapporter/2026-07-18/skjermbilder-monkey/monkey-feilside-3.png
 create mode 100644 rapporter/2026-07-18/skjermbilder-monkey/monkey-pre-submit-1.png
 create mode 100644 rapporter/2026-07-18/skjermbilder-monkey/monkey-pre-submit-2.png
 create mode 100644 rapporter/2026-07-18/skjermbilder-monkey/monkey-pre-submit-3.png
 create mode 100644 rapporter/2026-07-18/skjermbilder-monkey/monkey-pre-submit-4.png
 create mode 100644 rapporter/2026-07-18/skjermbilder-negativ/negativ-mobil-14.png
 create mode 100644 rapporter/2026-07-18/skjermbilder-negativ/negativ-mobil-19.png
 create mode 100644 rapporter/2026-07-18/skjermbilder-negativ/negativ-mobil-21.png
 create mode 100644 rapporter/2026-07-18/skjermbilder-negativ/negativ-mobil-24.png
 create mode 100644 rapporter/2026-07-18/skjermbilder-negativ/negativ-mobil-28.png
 create mode 100644 rapporter/2026-07-18/skjermbilder-negativ/negativ-mobil-7.png
 create mode 100644 rapporter/2026-07-18/skjermbilder-negativ/negativ-reload-krasj-13.png
 create mode 100644 rapporter/2026-07-18/skjermbilder-negativ/negativ-reload-krasj-20.png
 create mode 100644 rapporter/2026-07-18/skjermbilder-negativ/negativ-reload-krasj-27.png
 create mode 100644 rapporter/2026-07-18/skjermbilder-negativ/negativ-reload-krasj-6.png
 create mode 100644 rapporter/2026-07-18/skjermbilder-negativ/negativ-soknad-direkte-krasj-12.png
 create mode 100644 rapporter/2026-07-18/skjermbilder-negativ/negativ-soknad-direkte-krasj-19.png
 create mode 100644 rapporter/2026-07-18/skjermbilder-negativ/negativ-soknad-direkte-krasj-26.png
 create mode 100644 rapporter/2026-07-18/skjermbilder-negativ/negativ-soknad-direkte-krasj-5.png
 create mode 100644 rapporter/2026-07-18/skjermbilder-negativ/negativ-url-ingen-feilside-1.png
 create mode 100644 rapporter/2026-07-18/skjermbilder-negativ/negativ-url-ingen-feilside-10.png
 create mode 100644 rapporter/2026-07-18/skjermbilder-negativ/negativ-url-ingen-feilside-11.png
 create mode 100644 rapporter/2026-07-18/skjermbilder-negativ/negativ-url-ingen-feilside-15.png
 create mode 100644 rapporter/2026-07-18/skjermbilder-negativ/negativ-url-ingen-feilside-16.png
 create mode 100644 rapporter/2026-07-18/skjermbilder-negativ/negativ-url-ingen-feilside-17.png
 create mode 100644 rapporter/2026-07-18/skjermbilder-negativ/negativ-url-ingen-feilside-18.png
 create mode 100644 rapporter/2026-07-18/skjermbilder-negativ/negativ-url-ingen-feilside-2.png
 create mode 100644 rapporter/2026-07-18/skjermbilder-negativ/negativ-url-ingen-feilside-20.png
 create mode 100644 rapporter/2026-07-18/skjermbilder-negativ/negativ-url-ingen-feilside-21.png
 create mode 100644 rapporter/2026-07-18/skjermbilder-negativ/negativ-url-ingen-feilside-22.png
 create mode 100644 rapporter/2026-07-18/skjermbilder-negativ/negativ-url-ingen-feilside-23.png
 create mode 100644 rapporter/2026-07-18/skjermbilder-negativ/negativ-url-ingen-feilside-24.png
 create mode 100644 rapporter/2026-07-18/skjermbilder-negativ/negativ-url-ingen-feilside-25.png
 create mode 100644 rapporter/2026-07-18/skjermbilder-negativ/negativ-url-ingen-feilside-3.png
 create mode 100644 rapporter/2026-07-18/skjermbilder-negativ/negativ-url-ingen-feilside-4.png
 create mode 100644 rapporter/2026-07-18/skjermbilder-negativ/negativ-url-ingen-feilside-8.png
 create mode 100644 rapporter/2026-07-18/skjermbilder-negativ/negativ-url-ingen-feilside-9.png
 create mode 100644 rapporter/2026-07-18/skjermbilder-tilfeldig/s7-landmark-unique-0-element.png
 create mode 100644 rapporter/2026-07-18/skjermbilder-tilfeldig/s7-landmark-unique-0-side.png
 create mode 100644 rapporter/2026-07-18/skjermbilder/innlogging-steg-1.png
 create mode 100644 rapporter/2026-07-18/skjermbilder/innlogging-steg-2.png
 create mode 100644 rapporter/2026-07-18/skjermbilder/innlogging-steg-3.png
 create mode 100644 rapporter/2026-07-18/skjermbilder/innlogging-steg-4.png
 create mode 100644 rapporter/2026-07-18/skjermbilder/innlogging-steg-5.png
 create mode 100644 rapporter/2026-07-18/skjermbilder/s1-link-name-0-element.png
 create mode 100644 rapporter/2026-07-18/skjermbilder/s1-link-name-0-side.png
 create mode 100644 rapporter/2026-07-18/skjermbilder/s7-landmark-unique-0-element.png
 create mode 100644 rapporter/2026-07-18/skjermbilder/s7-landmark-unique-0-side.png
 create mode 100644 rapporter/2026-07-18/uu-rapport-11-35.html
 create mode 100644 rapporter/2026-07-18/uu-rapport.html
 create mode 100644 rapporter/2026-07-18/ytelse-rapport.html
 create mode 100644 rapporter/2026-07-18/ytelse-resultat.json
[main d260ccc] Daglig UU-rapport 2026-07-20 [skip ci]
 122 files changed, 38811 insertions(+), 2290 deletions(-)
 create mode 100644 docs/arkiv/2026-07-20/brukerhistorie-rapport.html
 create mode 100644 docs/arkiv/2026-07-20/monkey-rapport-08-42.html
 create mode 100644 docs/arkiv/2026-07-20/monkey-rapport.html
 create mode 100644 docs/arkiv/2026-07-20/negativ-rapport-09-05.html
 create mode 100644 docs/arkiv/2026-07-20/negativ-rapport.html
 create mode 100644 docs/arkiv/2026-07-20/sikkerhet-rapport-09-05.html
 create mode 100644 docs/arkiv/2026-07-20/sikkerhet-rapport.html
 create mode 100644 docs/arkiv/2026-07-20/skjermbilder-negativ/negativ-mobil-14.png
 create mode 100644 docs/arkiv/2026-07-20/skjermbilder-negativ/negativ-mobil-21.png
 create mode 100644 docs/arkiv/2026-07-20/skjermbilder-negativ/negativ-mobil-28.png
 create mode 100644 docs/arkiv/2026-07-20/skjermbilder-negativ/negativ-mobil-7.png
 create mode 100644 docs/arkiv/2026-07-20/skjermbilder-negativ/negativ-reload-krasj-13.png
 create mode 100644 docs/arkiv/2026-07-20/skjermbilder-negativ/negativ-reload-krasj-20.png
 create mode 100644 docs/arkiv/2026-07-20/skjermbilder-negativ/negativ-reload-krasj-27.png
 create mode 100644 docs/arkiv/2026-07-20/skjermbilder-negativ/negativ-reload-krasj-6.png
 create mode 100644 docs/arkiv/2026-07-20/skjermbilder-negativ/negativ-soknad-direkte-krasj-12.png
 create mode 100644 docs/arkiv/2026-07-20/skjermbilder-negativ/negativ-soknad-direkte-krasj-19.png
 create mode 100644 docs/arkiv/2026-07-20/skjermbilder-negativ/negativ-soknad-direkte-krasj-26.png
 create mode 100644 docs/arkiv/2026-07-20/skjermbilder-negativ/negativ-soknad-direkte-krasj-5.png
 create mode 100644 docs/arkiv/2026-07-20/skjermbilder-negativ/negativ-url-ingen-feilside-1.png
 create mode 100644 docs/arkiv/2026-07-20/skjermbilder-negativ/negativ-url-ingen-feilside-10.png
 create mode 100644 docs/arkiv/2026-07-20/skjermbilder-negativ/negativ-url-ingen-feilside-11.png
 create mode 100644 docs/arkiv/2026-07-20/skjermbilder-negativ/negativ-url-ingen-feilside-15.png
 create mode 100644 docs/arkiv/2026-07-20/skjermbilder-negativ/negativ-url-ingen-feilside-16.png
 create mode 100644 docs/arkiv/2026-07-20/skjermbilder-negativ/negativ-url-ingen-feilside-17.png
 create mode 100644 docs/arkiv/2026-07-20/skjermbilder-negativ/negativ-url-ingen-feilside-18.png
 create mode 100644 docs/arkiv/2026-07-20/skjermbilder-negativ/negativ-url-ingen-feilside-2.png
 create mode 100644 docs/arkiv/2026-07-20/skjermbilder-negativ/negativ-url-ingen-feilside-22.png
 create mode 100644 docs/arkiv/2026-07-20/skjermbilder-negativ/negativ-url-ingen-feilside-23.png
 create mode 100644 docs/arkiv/2026-07-20/skjermbilder-negativ/negativ-url-ingen-feilside-24.png
 create mode 100644 docs/arkiv/2026-07-20/skjermbilder-negativ/negativ-url-ingen-feilside-25.png
 create mode 100644 docs/arkiv/2026-07-20/skjermbilder-negativ/negativ-url-ingen-feilside-3.png
 create mode 100644 docs/arkiv/2026-07-20/skjermbilder-negativ/negativ-url-ingen-feilside-4.png
 create mode 100644 docs/arkiv/2026-07-20/skjermbilder-negativ/negativ-url-ingen-feilside-8.png
 create mode 100644 docs/arkiv/2026-07-20/skjermbilder-negativ/negativ-url-ingen-feilside-9.png
 create mode 100644 docs/arkiv/2026-07-20/skjermbilder/innlogging-steg-1.png
 create mode 100644 docs/arkiv/2026-07-20/skjermbilder/innlogging-steg-2.png
 create mode 100644 docs/arkiv/2026-07-20/skjermbilder/innlogging-steg-3.png
 create mode 100644 docs/arkiv/2026-07-20/skjermbilder/innlogging-steg-4.png
 create mode 100644 docs/arkiv/2026-07-20/skjermbilder/innlogging-steg-5.png
 create mode 100644 docs/arkiv/2026-07-20/skjermbilder/s1-link-name-0-element.png
 create mode 100644 docs/arkiv/2026-07-20/skjermbilder/s1-link-name-0-side.png
 create mode 100644 docs/arkiv/2026-07-20/skjermbilder/s7-landmark-unique-0-element.png
 create mode 100644 docs/arkiv/2026-07-20/skjermbilder/s7-landmark-unique-0-side.png
 create mode 100644 docs/arkiv/2026-07-20/uu-rapport-08-01.html
 create mode 100644 docs/arkiv/2026-07-20/uu-rapport.html
 create mode 100644 docs/arkiv/2026-07-20/ytelse-rapport.html
 create mode 100644 rapporter/2026-07-20/brukerhistorie-rapport.html
 create mode 100644 rapporter/2026-07-20/brukerhistorie-resultat.json
 create mode 100644 rapporter/2026-07-20/monkey-rapport-08-42.html
 create mode 100644 rapporter/2026-07-20/monkey-rapport.html
 create mode 100644 rapporter/2026-07-20/monkey-resultat-08-42.json
 create mode 100644 rapporter/2026-07-20/monkey-resultat.json
 create mode 100644 rapporter/2026-07-20/negativ-rapport-09-05.html
 create mode 100644 rapporter/2026-07-20/negativ-rapport.html
 create mode 100644 rapporter/2026-07-20/negativ-resultat-09-05.json
 create mode 100644 rapporter/2026-07-20/negativ-resultat.json
 create mode 100644 rapporter/2026-07-20/resultat-08-01.json
 create mode 100644 rapporter/2026-07-20/resultat.json
 create mode 100644 rapporter/2026-07-20/sikkerhet-rapport-09-05.html
 create mode 100644 rapporter/2026-07-20/sikkerhet-rapport.html
 create mode 100644 rapporter/2026-07-20/sikkerhet-resultat-09-05.json
 create mode 100644 rapporter/2026-07-20/sikkerhet-resultat.json
 create mode 100644 rapporter/2026-07-20/skjermbilder-negativ/negativ-mobil-14.png
 create mode 100644 rapporter/2026-07-20/skjermbilder-negativ/negativ-mobil-21.png
 create mode 100644 rapporter/2026-07-20/skjermbilder-negativ/negativ-mobil-28.png
 create mode 100644 rapporter/2026-07-20/skjermbilder-negativ/negativ-mobil-7.png
 create mode 100644 rapporter/2026-07-20/skjermbilder-negativ/negativ-reload-krasj-13.png
 create mode 100644 rapporter/2026-07-20/skjermbilder-negativ/negativ-reload-krasj-20.png
 create mode 100644 rapporter/2026-07-20/skjermbilder-negativ/negativ-reload-krasj-27.png
 create mode 100644 rapporter/2026-07-20/skjermbilder-negativ/negativ-reload-krasj-6.png
 create mode 100644 rapporter/2026-07-20/skjermbilder-negativ/negativ-soknad-direkte-krasj-12.png
 create mode 100644 rapporter/2026-07-20/skjermbilder-negativ/negativ-soknad-direkte-krasj-19.png
 create mode 100644 rapporter/2026-07-20/skjermbilder-negativ/negativ-soknad-direkte-krasj-26.png
 create mode 100644 rapporter/2026-07-20/skjermbilder-negativ/negativ-soknad-direkte-krasj-5.png
 create mode 100644 rapporter/2026-07-20/skjermbilder-negativ/negativ-url-ingen-feilside-1.png
 create mode 100644 rapporter/2026-07-20/skjermbilder-negativ/negativ-url-ingen-feilside-10.png
 create mode 100644 rapporter/2026-07-20/skjermbilder-negativ/negativ-url-ingen-feilside-11.png
 create mode 100644 rapporter/2026-07-20/skjermbilder-negativ/negativ-url-ingen-feilside-15.png
 create mode 100644 rapporter/2026-07-20/skjermbilder-negativ/negativ-url-ingen-feilside-16.png
 create mode 100644 rapporter/2026-07-20/skjermbilder-negativ/negativ-url-ingen-feilside-17.png
 create mode 100644 rapporter/2026-07-20/skjermbilder-negativ/negativ-url-ingen-feilside-18.png
 create mode 100644 rapporter/2026-07-20/skjermbilder-negativ/negativ-url-ingen-feilside-2.png
 create mode 100644 rapporter/2026-07-20/skjermbilder-negativ/negativ-url-ingen-feilside-22.png
 create mode 100644 rapporter/2026-07-20/skjermbilder-negativ/negativ-url-ingen-feilside-23.png
 create mode 100644 rapporter/2026-07-20/skjermbilder-negativ/negativ-url-ingen-feilside-24.png
 create mode 100644 rapporter/2026-07-20/skjermbilder-negativ/negativ-url-ingen-feilside-25.png
 create mode 100644 rapporter/2026-07-20/skjermbilder-negativ/negativ-url-ingen-feilside-3.png
 create mode 100644 rapporter/2026-07-20/skjermbilder-negativ/negativ-url-ingen-feilside-4.png
 create mode 100644 rapporter/2026-07-20/skjermbilder-negativ/negativ-url-ingen-feilside-8.png
 create mode 100644 rapporter/2026-07-20/skjermbilder-negativ/negativ-url-ingen-feilside-9.png
 create mode 100644 rapporter/2026-07-20/skjermbilder-tilfeldig/s7-landmark-unique-0-element.png
 create mode 100644 rapporter/2026-07-20/skjermbilder-tilfeldig/s7-landmark-unique-0-side.png
 create mode 100644 rapporter/2026-07-20/skjermbilder/innlogging-steg-1.png
 create mode 100644 rapporter/2026-07-20/skjermbilder/innlogging-steg-2.png
 create mode 100644 rapporter/2026-07-20/skjermbilder/innlogging-steg-3.png
 create mode 100644 rapporter/2026-07-20/skjermbilder/innlogging-steg-4.png
 create mode 100644 rapporter/2026-07-20/skjermbilder/innlogging-steg-5.png
 create mode 100644 rapporter/2026-07-20/skjermbilder/s1-link-name-0-element.png
 create mode 100644 rapporter/2026-07-20/skjermbilder/s1-link-name-0-side.png
 create mode 100644 rapporter/2026-07-20/skjermbilder/s7-landmark-unique-0-element.png
 create mode 100644 rapporter/2026-07-20/skjermbilder/s7-landmark-unique-0-side.png
 create mode 100644 rapporter/2026-07-20/uu-rapport-08-01.html
 create mode 100644 rapporter/2026-07-20/uu-rapport.html
 create mode 100644 rapporter/2026-07-20/ytelse-rapport.html
 create mode 100644 rapporter/2026-07-20/ytelse-resultat.json
[main 5ea1745] Daglig UU-rapport 2026-07-21 [skip ci]
 110 files changed, 34858 insertions(+), 2214 deletions(-)
 create mode 100644 docs/arkiv/2026-07-21/skjermbilder/innlogging-steg-1.png
 create mode 100644 docs/arkiv/2026-07-21/skjermbilder/innlogging-steg-2.png
 create mode 100644 docs/arkiv/2026-07-21/skjermbilder/innlogging-steg-3.png
 create mode 100644 docs/arkiv/2026-07-21/skjermbilder/innlogging-steg-4.png
 create mode 100644 docs/arkiv/2026-07-21/skjermbilder/innlogging-steg-5.png
 create mode 100644 docs/arkiv/2026-07-21/skjermbilder/s1-link-name-0-element.png
 create mode 100644 docs/arkiv/2026-07-21/skjermbilder/s1-link-name-0-side.png
 create mode 100644 docs/arkiv/2026-07-21/uu-rapport-08-01.html
 create mode 100644 docs/arkiv/2026-07-21/uu-rapport.html
 create mode 100644 docs/arkiv/2026-07-26/brukerhistorie-rapport.html
 create mode 100644 docs/arkiv/2026-07-26/monkey-rapport-20-59.html
 create mode 100644 docs/arkiv/2026-07-26/monkey-rapport.html
 create mode 100644 docs/arkiv/2026-07-26/negativ-rapport-21-00.html
 create mode 100644 docs/arkiv/2026-07-26/negativ-rapport.html
 create mode 100644 docs/arkiv/2026-07-26/sikkerhet-rapport-21-00.html
 create mode 100644 docs/arkiv/2026-07-26/sikkerhet-rapport.html
 create mode 100644 docs/arkiv/2026-07-26/skjermbilder-monkey/monkey-feilside-1.png
 create mode 100644 docs/arkiv/2026-07-26/skjermbilder-negativ/negativ-mobil-14.png
 create mode 100644 docs/arkiv/2026-07-26/skjermbilder-negativ/negativ-mobil-21.png
 create mode 100644 docs/arkiv/2026-07-26/skjermbilder-negativ/negativ-mobil-26.png
 create mode 100644 docs/arkiv/2026-07-26/skjermbilder-negativ/negativ-mobil-7.png
 create mode 100644 docs/arkiv/2026-07-26/skjermbilder-negativ/negativ-reload-krasj-13.png
 create mode 100644 docs/arkiv/2026-07-26/skjermbilder-negativ/negativ-reload-krasj-20.png
 create mode 100644 docs/arkiv/2026-07-26/skjermbilder-negativ/negativ-reload-krasj-6.png
 create mode 100644 docs/arkiv/2026-07-26/skjermbilder-negativ/negativ-soknad-direkte-krasj-12.png
 create mode 100644 docs/arkiv/2026-07-26/skjermbilder-negativ/negativ-soknad-direkte-krasj-19.png
 create mode 100644 docs/arkiv/2026-07-26/skjermbilder-negativ/negativ-soknad-direkte-krasj-5.png
 create mode 100644 docs/arkiv/2026-07-26/skjermbilder-negativ/negativ-url-ingen-feilside-1.png
 create mode 100644 docs/arkiv/2026-07-26/skjermbilder-negativ/negativ-url-ingen-feilside-10.png
 create mode 100644 docs/arkiv/2026-07-26/skjermbilder-negativ/negativ-url-ingen-feilside-11.png
 create mode 100644 docs/arkiv/2026-07-26/skjermbilder-negativ/negativ-url-ingen-feilside-15.png
 create mode 100644 docs/arkiv/2026-07-26/skjermbilder-negativ/negativ-url-ingen-feilside-16.png
 create mode 100644 docs/arkiv/2026-07-26/skjermbilder-negativ/negativ-url-ingen-feilside-17.png
 create mode 100644 docs/arkiv/2026-07-26/skjermbilder-negativ/negativ-url-ingen-feilside-18.png
 create mode 100644 docs/arkiv/2026-07-26/skjermbilder-negativ/negativ-url-ingen-feilside-2.png
 create mode 100644 docs/arkiv/2026-07-26/skjermbilder-negativ/negativ-url-ingen-feilside-22.png
 create mode 100644 docs/arkiv/2026-07-26/skjermbilder-negativ/negativ-url-ingen-feilside-23.png
 create mode 100644 docs/arkiv/2026-07-26/skjermbilder-negativ/negativ-url-ingen-feilside-24.png
 create mode 100644 docs/arkiv/2026-07-26/skjermbilder-negativ/negativ-url-ingen-feilside-25.png
 create mode 100644 docs/arkiv/2026-07-26/skjermbilder-negativ/negativ-url-ingen-feilside-3.png
 create mode 100644 docs/arkiv/2026-07-26/skjermbilder-negativ/negativ-url-ingen-feilside-4.png
 create mode 100644 docs/arkiv/2026-07-26/skjermbilder-negativ/negativ-url-ingen-feilside-8.png
 create mode 100644 docs/arkiv/2026-07-26/skjermbilder-negativ/negativ-url-ingen-feilside-9.png
 create mode 100644 docs/arkiv/2026-07-26/ytelse-rapport.html
 create mode 100644 rapporter/2026-07-21/resultat-08-01.json
 create mode 100644 rapporter/2026-07-21/resultat.json
 create mode 100644 rapporter/2026-07-21/skjermbilder/innlogging-steg-1.png
 create mode 100644 rapporter/2026-07-21/skjermbilder/innlogging-steg-2.png
 create mode 100644 rapporter/2026-07-21/skjermbilder/innlogging-steg-3.png
 create mode 100644 rapporter/2026-07-21/skjermbilder/innlogging-steg-4.png
 create mode 100644 rapporter/2026-07-21/skjermbilder/innlogging-steg-5.png
 create mode 100644 rapporter/2026-07-21/skjermbilder/s1-link-name-0-element.png
 create mode 100644 rapporter/2026-07-21/skjermbilder/s1-link-name-0-side.png
 create mode 100644 rapporter/2026-07-21/uu-rapport-08-01.html
 create mode 100644 rapporter/2026-07-21/uu-rapport.html
 create mode 100644 rapporter/2026-07-26/brukerhistorie-rapport.html
 create mode 100644 rapporter/2026-07-26/brukerhistorie-resultat.json
 create mode 100644 rapporter/2026-07-26/monkey-rapport-20-59.html
 create mode 100644 rapporter/2026-07-26/monkey-rapport.html
 create mode 100644 rapporter/2026-07-26/monkey-resultat-20-59.json
 create mode 100644 rapporter/2026-07-26/monkey-resultat.json
 create mode 100644 rapporter/2026-07-26/negativ-rapport-21-00.html
 create mode 100644 rapporter/2026-07-26/negativ-rapport.html
 create mode 100644 rapporter/2026-07-26/negativ-resultat-21-00.json
 create mode 100644 rapporter/2026-07-26/negativ-resultat.json
 create mode 100644 rapporter/2026-07-26/sikkerhet-rapport-21-00.html
 create mode 100644 rapporter/2026-07-26/sikkerhet-rapport.html
 create mode 100644 rapporter/2026-07-26/sikkerhet-resultat-21-00.json
 create mode 100644 rapporter/2026-07-26/sikkerhet-resultat.json
 create mode 100644 rapporter/2026-07-26/skjermbilder-monkey/monkey-feilside-1.png
 create mode 100644 rapporter/2026-07-26/skjermbilder-negativ/negativ-mobil-14.png
 create mode 100644 rapporter/2026-07-26/skjermbilder-negativ/negativ-mobil-21.png
 create mode 100644 rapporter/2026-07-26/skjermbilder-negativ/negativ-mobil-26.png
 create mode 100644 rapporter/2026-07-26/skjermbilder-negativ/negativ-mobil-7.png
 create mode 100644 rapporter/2026-07-26/skjermbilder-negativ/negativ-reload-krasj-13.png
 create mode 100644 rapporter/2026-07-26/skjermbilder-negativ/negativ-reload-krasj-20.png
 create mode 100644 rapporter/2026-07-26/skjermbilder-negativ/negativ-reload-krasj-6.png
 create mode 100644 rapporter/2026-07-26/skjermbilder-negativ/negativ-soknad-direkte-krasj-12.png
 create mode 100644 rapporter/2026-07-26/skjermbilder-negativ/negativ-soknad-direkte-krasj-19.png
 create mode 100644 rapporter/2026-07-26/skjermbilder-negativ/negativ-soknad-direkte-krasj-5.png
 create mode 100644 rapporter/2026-07-26/skjermbilder-negativ/negativ-url-ingen-feilside-1.png
 create mode 100644 rapporter/2026-07-26/skjermbilder-negativ/negativ-url-ingen-feilside-10.png
 create mode 100644 rapporter/2026-07-26/skjermbilder-negativ/negativ-url-ingen-feilside-11.png
 create mode 100644 rapporter/2026-07-26/skjermbilder-negativ/negativ-url-ingen-feilside-15.png
 create mode 100644 rapporter/2026-07-26/skjermbilder-negativ/negativ-url-ingen-feilside-16.png
 create mode 100644 rapporter/2026-07-26/skjermbilder-negativ/negativ-url-ingen-feilside-17.png
 create mode 100644 rapporter/2026-07-26/skjermbilder-negativ/negativ-url-ingen-feilside-18.png
 create mode 100644 rapporter/2026-07-26/skjermbilder-negativ/negativ-url-ingen-feilside-2.png
 create mode 100644 rapporter/2026-07-26/skjermbilder-negativ/negativ-url-ingen-feilside-22.png
 create mode 100644 rapporter/2026-07-26/skjermbilder-negativ/negativ-url-ingen-feilside-23.png
 create mode 100644 rapporter/2026-07-26/skjermbilder-negativ/negativ-url-ingen-feilside-24.png
 create mode 100644 rapporter/2026-07-26/skjermbilder-negativ/negativ-url-ingen-feilside-25.png
 create mode 100644 rapporter/2026-07-26/skjermbilder-negativ/negativ-url-ingen-feilside-3.png
 create mode 100644 rapporter/2026-07-26/skjermbilder-negativ/negativ-url-ingen-feilside-4.png
 create mode 100644 rapporter/2026-07-26/skjermbilder-negativ/negativ-url-ingen-feilside-8.png
 create mode 100644 rapporter/2026-07-26/skjermbilder-negativ/negativ-url-ingen-feilside-9.png
 create mode 100644 rapporter/2026-07-26/ytelse-rapport.html
 create mode 100644 rapporter/2026-07-26/ytelse-resultat.json
[main b34f710] Daglig UU-rapport 2026-07-27 [skip ci]
 137 files changed, 38641 insertions(+), 1970 deletions(-)
 create mode 100644 docs/arkiv/2026-07-27/brukerhistorie-rapport.html
 create mode 100644 docs/arkiv/2026-07-27/monkey-rapport-08-01.html
 create mode 100644 docs/arkiv/2026-07-27/monkey-rapport.html
 create mode 100644 docs/arkiv/2026-07-27/negativ-rapport-08-05.html
 create mode 100644 docs/arkiv/2026-07-27/negativ-rapport.html
 create mode 100644 docs/arkiv/2026-07-27/sikkerhet-rapport-08-05.html
 create mode 100644 docs/arkiv/2026-07-27/sikkerhet-rapport.html
 create mode 100644 docs/arkiv/2026-07-27/skjermbilder-monkey/monkey-pre-submit-1.png
 create mode 100644 docs/arkiv/2026-07-27/skjermbilder-monkey/monkey-pre-submit-2.png
 create mode 100644 docs/arkiv/2026-07-27/skjermbilder-monkey/monkey-pre-submit-3.png
 create mode 100644 docs/arkiv/2026-07-27/skjermbilder-monkey/monkey-pre-submit-4.png
 create mode 100644 docs/arkiv/2026-07-27/skjermbilder-monkey/monkey-pre-submit-5.png
 create mode 100644 docs/arkiv/2026-07-27/skjermbilder-negativ/negativ-mobil-14.png
 create mode 100644 docs/arkiv/2026-07-27/skjermbilder-negativ/negativ-mobil-21.png
 create mode 100644 docs/arkiv/2026-07-27/skjermbilder-negativ/negativ-mobil-28.png
 create mode 100644 docs/arkiv/2026-07-27/skjermbilder-negativ/negativ-mobil-7.png
 create mode 100644 docs/arkiv/2026-07-27/skjermbilder-negativ/negativ-reload-krasj-13.png
 create mode 100644 docs/arkiv/2026-07-27/skjermbilder-negativ/negativ-reload-krasj-20.png
 create mode 100644 docs/arkiv/2026-07-27/skjermbilder-negativ/negativ-reload-krasj-27.png
 create mode 100644 docs/arkiv/2026-07-27/skjermbilder-negativ/negativ-reload-krasj-6.png
 create mode 100644 docs/arkiv/2026-07-27/skjermbilder-negativ/negativ-soknad-direkte-krasj-12.png
 create mode 100644 docs/arkiv/2026-07-27/skjermbilder-negativ/negativ-soknad-direkte-krasj-19.png
 create mode 100644 docs/arkiv/2026-07-27/skjermbilder-negativ/negativ-soknad-direkte-krasj-26.png
 create mode 100644 docs/arkiv/2026-07-27/skjermbilder-negativ/negativ-soknad-direkte-krasj-5.png
 create mode 100644 docs/arkiv/2026-07-27/skjermbilder-negativ/negativ-url-ingen-feilside-1.png
 create mode 100644 docs/arkiv/2026-07-27/skjermbilder-negativ/negativ-url-ingen-feilside-10.png
 create mode 100644 docs/arkiv/2026-07-27/skjermbilder-negativ/negativ-url-ingen-feilside-11.png
 create mode 100644 docs/arkiv/2026-07-27/skjermbilder-negativ/negativ-url-ingen-feilside-15.png
 create mode 100644 docs/arkiv/2026-07-27/skjermbilder-negativ/negativ-url-ingen-feilside-16.png
 create mode 100644 docs/arkiv/2026-07-27/skjermbilder-negativ/negativ-url-ingen-feilside-17.png
 create mode 100644 docs/arkiv/2026-07-27/skjermbilder-negativ/negativ-url-ingen-feilside-18.png
 create mode 100644 docs/arkiv/2026-07-27/skjermbilder-negativ/negativ-url-ingen-feilside-2.png
 create mode 100644 docs/arkiv/2026-07-27/skjermbilder-negativ/negativ-url-ingen-feilside-22.png
 create mode 100644 docs/arkiv/2026-07-27/skjermbilder-negativ/negativ-url-ingen-feilside-23.png
 create mode 100644 docs/arkiv/2026-07-27/skjermbilder-negativ/negativ-url-ingen-feilside-24.png
 create mode 100644 docs/arkiv/2026-07-27/skjermbilder-negativ/negativ-url-ingen-feilside-25.png
 create mode 100644 docs/arkiv/2026-07-27/skjermbilder-negativ/negativ-url-ingen-feilside-3.png
 create mode 100644 docs/arkiv/2026-07-27/skjermbilder-negativ/negativ-url-ingen-feilside-4.png
 create mode 100644 docs/arkiv/2026-07-27/skjermbilder-negativ/negativ-url-ingen-feilside-8.png
 create mode 100644 docs/arkiv/2026-07-27/skjermbilder-negativ/negativ-url-ingen-feilside-9.png
 create mode 100644 docs/arkiv/2026-07-27/skjermbilder/innlogging-steg-1.png
 create mode 100644 docs/arkiv/2026-07-27/skjermbilder/innlogging-steg-2.png
 create mode 100644 docs/arkiv/2026-07-27/skjermbilder/innlogging-steg-3.png
 create mode 100644 docs/arkiv/2026-07-27/skjermbilder/innlogging-steg-4.png
 create mode 100644 docs/arkiv/2026-07-27/skjermbilder/innlogging-steg-5.png
 create mode 100644 docs/arkiv/2026-07-27/skjermbilder/s1-link-name-0-element.png
 create mode 100644 docs/arkiv/2026-07-27/skjermbilder/s1-link-name-0-side.png
 create mode 100644 docs/arkiv/2026-07-27/skjermbilder/s7-landmark-unique-0-element.png
 create mode 100644 docs/arkiv/2026-07-27/skjermbilder/s7-landmark-unique-0-side.png
 create mode 100644 docs/arkiv/2026-07-27/uu-rapport-08-00.html
 create mode 100644 docs/arkiv/2026-07-27/uu-rapport.html
 create mode 100644 docs/arkiv/2026-07-27/ytelse-rapport.html
 create mode 100644 rapporter/2026-07-27/brukerhistorie-rapport.html
 create mode 100644 rapporter/2026-07-27/brukerhistorie-resultat.json
 create mode 100644 rapporter/2026-07-27/monkey-rapport-08-01.html
 create mode 100644 rapporter/2026-07-27/monkey-rapport.html
 create mode 100644 rapporter/2026-07-27/monkey-resultat-08-01.json
 create mode 100644 rapporter/2026-07-27/monkey-resultat.json
 create mode 100644 rapporter/2026-07-27/negativ-rapport-08-05.html
 create mode 100644 rapporter/2026-07-27/negativ-rapport.html
 create mode 100644 rapporter/2026-07-27/negativ-resultat-08-05.json
 create mode 100644 rapporter/2026-07-27/negativ-resultat.json
 create mode 100644 rapporter/2026-07-27/resultat-08-00.json
 create mode 100644 rapporter/2026-07-27/resultat.json
 create mode 100644 rapporter/2026-07-27/sikkerhet-rapport-08-05.html
 create mode 100644 rapporter/2026-07-27/sikkerhet-rapport.html
 create mode 100644 rapporter/2026-07-27/sikkerhet-resultat-08-05.json
 create mode 100644 rapporter/2026-07-27/sikkerhet-resultat.json
 create mode 100644 rapporter/2026-07-27/skjermbilder-monkey/monkey-pre-submit-1.png
 create mode 100644 rapporter/2026-07-27/skjermbilder-monkey/monkey-pre-submit-2.png
 create mode 100644 rapporter/2026-07-27/skjermbilder-monkey/monkey-pre-submit-3.png
 create mode 100644 rapporter/2026-07-27/skjermbilder-monkey/monkey-pre-submit-4.png
 create mode 100644 rapporter/2026-07-27/skjermbilder-monkey/monkey-pre-submit-5.png
 create mode 100644 rapporter/2026-07-27/skjermbilder-negativ/negativ-mobil-14.png
 create mode 100644 rapporter/2026-07-27/skjermbilder-negativ/negativ-mobil-21.png
 create mode 100644 rapporter/2026-07-27/skjermbilder-negativ/negativ-mobil-28.png
 create mode 100644 rapporter/2026-07-27/skjermbilder-negativ/negativ-mobil-7.png
 create mode 100644 rapporter/2026-07-27/skjermbilder-negativ/negativ-reload-krasj-13.png
 create mode 100644 rapporter/2026-07-27/skjermbilder-negativ/negativ-reload-krasj-20.png
 create mode 100644 rapporter/2026-07-27/skjermbilder-negativ/negativ-reload-krasj-27.png
 create mode 100644 rapporter/2026-07-27/skjermbilder-negativ/negativ-reload-krasj-6.png
 create mode 100644 rapporter/2026-07-27/skjermbilder-negativ/negativ-soknad-direkte-krasj-12.png
 create mode 100644 rapporter/2026-07-27/skjermbilder-negativ/negativ-soknad-direkte-krasj-19.png
 create mode 100644 rapporter/2026-07-27/skjermbilder-negativ/negativ-soknad-direkte-krasj-26.png
 create mode 100644 rapporter/2026-07-27/skjermbilder-negativ/negativ-soknad-direkte-krasj-5.png
 create mode 100644 rapporter/2026-07-27/skjermbilder-negativ/negativ-url-ingen-feilside-1.png
 create mode 100644 rapporter/2026-07-27/skjermbilder-negativ/negativ-url-ingen-feilside-10.png
 create mode 100644 rapporter/2026-07-27/skjermbilder-negativ/negativ-url-ingen-feilside-11.png
 create mode 100644 rapporter/2026-07-27/skjermbilder-negativ/negativ-url-ingen-feilside-15.png
 create mode 100644 rapporter/2026-07-27/skjermbilder-negativ/negativ-url-ingen-feilside-16.png
 create mode 100644 rapporter/2026-07-27/skjermbilder-negativ/negativ-url-ingen-feilside-17.png
 create mode 100644 rapporter/2026-07-27/skjermbilder-negativ/negativ-url-ingen-feilside-18.png
 create mode 100644 rapporter/2026-07-27/skjermbilder-negativ/negativ-url-ingen-feilside-2.png
 create mode 100644 rapporter/2026-07-27/skjermbilder-negativ/negativ-url-ingen-feilside-22.png
 create mode 100644 rapporter/2026-07-27/skjermbilder-negativ/negativ-url-ingen-feilside-23.png
 create mode 100644 rapporter/2026-07-27/skjermbilder-negativ/negativ-url-ingen-feilside-24.png
 create mode 100644 rapporter/2026-07-27/skjermbilder-negativ/negativ-url-ingen-feilside-25.png
 create mode 100644 rapporter/2026-07-27/skjermbilder-negativ/negativ-url-ingen-feilside-3.png
 create mode 100644 rapporter/2026-07-27/skjermbilder-negativ/negativ-url-ingen-feilside-4.png
 create mode 100644 rapporter/2026-07-27/skjermbilder-negativ/negativ-url-ingen-feilside-8.png
 create mode 100644 rapporter/2026-07-27/skjermbilder-negativ/negativ-url-ingen-feilside-9.png
 create mode 100644 rapporter/2026-07-27/skjermbilder-tilfeldig/s7-landmark-unique-0-element.png
 create mode 100644 rapporter/2026-07-27/skjermbilder-tilfeldig/s7-landmark-unique-0-side.png
 create mode 100644 rapporter/2026-07-27/skjermbilder/innlogging-steg-1.png
 create mode 100644 rapporter/2026-07-27/skjermbilder/innlogging-steg-2.png
 create mode 100644 rapporter/2026-07-27/skjermbilder/innlogging-steg-3.png
 create mode 100644 rapporter/2026-07-27/skjermbilder/innlogging-steg-4.png
 create mode 100644 rapporter/2026-07-27/skjermbilder/innlogging-steg-5.png
 create mode 100644 rapporter/2026-07-27/skjermbilder/s1-link-name-0-element.png
 create mode 100644 rapporter/2026-07-27/skjermbilder/s1-link-name-0-side.png
 create mode 100644 rapporter/2026-07-27/skjermbilder/s7-landmark-unique-0-element.png
 create mode 100644 rapporter/2026-07-27/skjermbilder/s7-landmark-unique-0-side.png
 create mode 100644 rapporter/2026-07-27/uu-rapport-08-00.html
 create mode 100644 rapporter/2026-07-27/uu-rapport.html
 create mode 100644 rapporter/2026-07-27/ytelse-rapport.html
 create mode 100644 rapporter/2026-07-27/ytelse-resultat.json
[main 7c51572] Daglig UU-rapport 2026-07-28 [skip ci]
 124 files changed, 38927 insertions(+), 1960 deletions(-)
 create mode 100644 docs/arkiv/2026-07-28/brukerhistorie-rapport.html
 create mode 100644 docs/arkiv/2026-07-28/monkey-rapport-08-31.html
 create mode 100644 docs/arkiv/2026-07-28/monkey-rapport.html
 create mode 100644 docs/arkiv/2026-07-28/negativ-rapport-08-34.html
 create mode 100644 docs/arkiv/2026-07-28/negativ-rapport.html
 create mode 100644 docs/arkiv/2026-07-28/sikkerhet-rapport-08-33.html
 create mode 100644 docs/arkiv/2026-07-28/sikkerhet-rapport.html
 create mode 100644 docs/arkiv/2026-07-28/skjermbilder-negativ/negativ-mobil-14.png
 create mode 100644 docs/arkiv/2026-07-28/skjermbilder-negativ/negativ-mobil-21.png
 create mode 100644 docs/arkiv/2026-07-28/skjermbilder-negativ/negativ-mobil-28.png
 create mode 100644 docs/arkiv/2026-07-28/skjermbilder-negativ/negativ-mobil-7.png
 create mode 100644 docs/arkiv/2026-07-28/skjermbilder-negativ/negativ-reload-krasj-13.png
 create mode 100644 docs/arkiv/2026-07-28/skjermbilder-negativ/negativ-reload-krasj-20.png
 create mode 100644 docs/arkiv/2026-07-28/skjermbilder-negativ/negativ-reload-krasj-27.png
 create mode 100644 docs/arkiv/2026-07-28/skjermbilder-negativ/negativ-reload-krasj-6.png
 create mode 100644 docs/arkiv/2026-07-28/skjermbilder-negativ/negativ-soknad-direkte-krasj-12.png
 create mode 100644 docs/arkiv/2026-07-28/skjermbilder-negativ/negativ-soknad-direkte-krasj-19.png
 create mode 100644 docs/arkiv/2026-07-28/skjermbilder-negativ/negativ-soknad-direkte-krasj-26.png
 create mode 100644 docs/arkiv/2026-07-28/skjermbilder-negativ/negativ-soknad-direkte-krasj-5.png
 create mode 100644 docs/arkiv/2026-07-28/skjermbilder-negativ/negativ-url-ingen-feilside-1.png
 create mode 100644 docs/arkiv/2026-07-28/skjermbilder-negativ/negativ-url-ingen-feilside-10.png
 create mode 100644 docs/arkiv/2026-07-28/skjermbilder-negativ/negativ-url-ingen-feilside-11.png
 create mode 100644 docs/arkiv/2026-07-28/skjermbilder-negativ/negativ-url-ingen-feilside-15.png
 create mode 100644 docs/arkiv/2026-07-28/skjermbilder-negativ/negativ-url-ingen-feilside-16.png
 create mode 100644 docs/arkiv/2026-07-28/skjermbilder-negativ/negativ-url-ingen-feilside-17.png
 create mode 100644 docs/arkiv/2026-07-28/skjermbilder-negativ/negativ-url-ingen-feilside-18.png
 create mode 100644 docs/arkiv/2026-07-28/skjermbilder-negativ/negativ-url-ingen-feilside-2.png
 create mode 100644 docs/arkiv/2026-07-28/skjermbilder-negativ/negativ-url-ingen-feilside-22.png
 create mode 100644 docs/arkiv/2026-07-28/skjermbilder-negativ/negativ-url-ingen-feilside-23.png
 create mode 100644 docs/arkiv/2026-07-28/skjermbilder-negativ/negativ-url-ingen-feilside-24.png
 create mode 100644 docs/arkiv/2026-07-28/skjermbilder-negativ/negativ-url-ingen-feilside-25.png
 create mode 100644 docs/arkiv/2026-07-28/skjermbilder-negativ/negativ-url-ingen-feilside-3.png
 create mode 100644 docs/arkiv/2026-07-28/skjermbilder-negativ/negativ-url-ingen-feilside-4.png
 create mode 100644 docs/arkiv/2026-07-28/skjermbilder-negativ/negativ-url-ingen-feilside-8.png
 create mode 100644 docs/arkiv/2026-07-28/skjermbilder-negativ/negativ-url-ingen-feilside-9.png
 create mode 100644 docs/arkiv/2026-07-28/skjermbilder/innlogging-steg-1.png
 create mode 100644 docs/arkiv/2026-07-28/skjermbilder/innlogging-steg-2.png
 create mode 100644 docs/arkiv/2026-07-28/skjermbilder/innlogging-steg-3.png
 create mode 100644 docs/arkiv/2026-07-28/skjermbilder/innlogging-steg-4.png
 create mode 100644 docs/arkiv/2026-07-28/skjermbilder/innlogging-steg-5.png
 create mode 100644 docs/arkiv/2026-07-28/skjermbilder/s1-link-name-0-element.png
 create mode 100644 docs/arkiv/2026-07-28/skjermbilder/s1-link-name-0-side.png
 create mode 100644 docs/arkiv/2026-07-28/skjermbilder/s7-landmark-unique-0-element.png
 create mode 100644 docs/arkiv/2026-07-28/skjermbilder/s7-landmark-unique-0-side.png
 create mode 100644 docs/arkiv/2026-07-28/uu-rapport-08-30.html
 create mode 100644 docs/arkiv/2026-07-28/uu-rapport.html
 create mode 100644 docs/arkiv/2026-07-28/ytelse-rapport.html
 create mode 100644 rapporter/2026-07-28/brukerhistorie-rapport.html
 create mode 100644 rapporter/2026-07-28/brukerhistorie-resultat.json
 create mode 100644 rapporter/2026-07-28/monkey-rapport-08-31.html
 create mode 100644 rapporter/2026-07-28/monkey-rapport.html
 create mode 100644 rapporter/2026-07-28/monkey-resultat-08-31.json
 create mode 100644 rapporter/2026-07-28/monkey-resultat.json
 create mode 100644 rapporter/2026-07-28/negativ-rapport-08-34.html
 create mode 100644 rapporter/2026-07-28/negativ-rapport.html
 create mode 100644 rapporter/2026-07-28/negativ-resultat-08-34.json
 create mode 100644 rapporter/2026-07-28/negativ-resultat.json
 create mode 100644 rapporter/2026-07-28/resultat-08-30.json
 create mode 100644 rapporter/2026-07-28/resultat.json
 create mode 100644 rapporter/2026-07-28/sikkerhet-rapport-08-33.html
 create mode 100644 rapporter/2026-07-28/sikkerhet-rapport.html
 create mode 100644 rapporter/2026-07-28/sikkerhet-resultat-08-33.json
 create mode 100644 rapporter/2026-07-28/sikkerhet-resultat.json
 create mode 100644 rapporter/2026-07-28/skjermbilder-negativ/negativ-mobil-14.png
 create mode 100644 rapporter/2026-07-28/skjermbilder-negativ/negativ-mobil-21.png
 create mode 100644 rapporter/2026-07-28/skjermbilder-negativ/negativ-mobil-28.png
 create mode 100644 rapporter/2026-07-28/skjermbilder-negativ/negativ-mobil-7.png
 create mode 100644 rapporter/2026-07-28/skjermbilder-negativ/negativ-reload-krasj-13.png
 create mode 100644 rapporter/2026-07-28/skjermbilder-negativ/negativ-reload-krasj-20.png
 create mode 100644 rapporter/2026-07-28/skjermbilder-negativ/negativ-reload-krasj-27.png
 create mode 100644 rapporter/2026-07-28/skjermbilder-negativ/negativ-reload-krasj-6.png
 create mode 100644 rapporter/2026-07-28/skjermbilder-negativ/negativ-soknad-direkte-krasj-12.png
 create mode 100644 rapporter/2026-07-28/skjermbilder-negativ/negativ-soknad-direkte-krasj-19.png
 create mode 100644 rapporter/2026-07-28/skjermbilder-negativ/negativ-soknad-direkte-krasj-26.png
 create mode 100644 rapporter/2026-07-28/skjermbilder-negativ/negativ-soknad-direkte-krasj-5.png
 create mode 100644 rapporter/2026-07-28/skjermbilder-negativ/negativ-url-ingen-feilside-1.png
 create mode 100644 rapporter/2026-07-28/skjermbilder-negativ/negativ-url-ingen-feilside-10.png
 create mode 100644 rapporter/2026-07-28/skjermbilder-negativ/negativ-url-ingen-feilside-11.png
 create mode 100644 rapporter/2026-07-28/skjermbilder-negativ/negativ-url-ingen-feilside-15.png
 create mode 100644 rapporter/2026-07-28/skjermbilder-negativ/negativ-url-ingen-feilside-16.png
 create mode 100644 rapporter/2026-07-28/skjermbilder-negativ/negativ-url-ingen-feilside-17.png
 create mode 100644 rapporter/2026-07-28/skjermbilder-negativ/negativ-url-ingen-feilside-18.png
 create mode 100644 rapporter/2026-07-28/skjermbilder-negativ/negativ-url-ingen-feilside-2.png
 create mode 100644 rapporter/2026-07-28/skjermbilder-negativ/negativ-url-ingen-feilside-22.png
 create mode 100644 rapporter/2026-07-28/skjermbilder-negativ/negativ-url-ingen-feilside-23.png
 create mode 100644 rapporter/2026-07-28/skjermbilder-negativ/negativ-url-ingen-feilside-24.png
 create mode 100644 rapporter/2026-07-28/skjermbilder-negativ/negativ-url-ingen-feilside-25.png
 create mode 100644 rapporter/2026-07-28/skjermbilder-negativ/negativ-url-ingen-feilside-3.png
 create mode 100644 rapporter/2026-07-28/skjermbilder-negativ/negativ-url-ingen-feilside-4.png
 create mode 100644 rapporter/2026-07-28/skjermbilder-negativ/negativ-url-ingen-feilside-8.png
 create mode 100644 rapporter/2026-07-28/skjermbilder-negativ/negativ-url-ingen-feilside-9.png
 create mode 100644 rapporter/2026-07-28/skjermbilder-tilfeldig/s7-landmark-unique-0-element.png
 create mode 100644 rapporter/2026-07-28/skjermbilder-tilfeldig/s7-landmark-unique-0-side.png
 create mode 100644 rapporter/2026-07-28/skjermbilder/innlogging-steg-1.png
 create mode 100644 rapporter/2026-07-28/skjermbilder/innlogging-steg-2.png
 create mode 100644 rapporter/2026-07-28/skjermbilder/innlogging-steg-3.png
 create mode 100644 rapporter/2026-07-28/skjermbilder/innlogging-steg-4.png
 create mode 100644 rapporter/2026-07-28/skjermbilder/innlogging-steg-5.png
 create mode 100644 rapporter/2026-07-28/skjermbilder/s1-link-name-0-element.png
 create mode 100644 rapporter/2026-07-28/skjermbilder/s1-link-name-0-side.png
 create mode 100644 rapporter/2026-07-28/skjermbilder/s7-landmark-unique-0-element.png
 create mode 100644 rapporter/2026-07-28/skjermbilder/s7-landmark-unique-0-side.png
 create mode 100644 rapporter/2026-07-28/uu-rapport-08-30.html
 create mode 100644 rapporter/2026-07-28/uu-rapport.html
 create mode 100644 rapporter/2026-07-28/ytelse-rapport.html
 create mode 100644 rapporter/2026-07-28/ytelse-resultat.json
[main 259db81] Daglig UU-rapport 2026-07-29 [skip ci]
 144 files changed, 45441 insertions(+), 2342 deletions(-)
 create mode 100644 docs/arkiv/2026-07-29/brukerhistorie-rapport.html
 create mode 100644 docs/arkiv/2026-07-29/monkey-rapport-09-03.html
 create mode 100644 docs/arkiv/2026-07-29/monkey-rapport.html
 create mode 100644 docs/arkiv/2026-07-29/negativ-rapport-09-05.html
 create mode 100644 docs/arkiv/2026-07-29/negativ-rapport.html
 create mode 100644 docs/arkiv/2026-07-29/sikkerhet-rapport-09-04.html
 create mode 100644 docs/arkiv/2026-07-29/sikkerhet-rapport.html
 create mode 100644 docs/arkiv/2026-07-29/skjermbilder-monkey/monkey-feilside-5.png
 create mode 100644 docs/arkiv/2026-07-29/skjermbilder-monkey/monkey-pre-submit-1.png
 create mode 100644 docs/arkiv/2026-07-29/skjermbilder-monkey/monkey-pre-submit-2.png
 create mode 100644 docs/arkiv/2026-07-29/skjermbilder-monkey/monkey-pre-submit-3.png
 create mode 100644 docs/arkiv/2026-07-29/skjermbilder-monkey/monkey-pre-submit-4.png
 create mode 100644 docs/arkiv/2026-07-29/skjermbilder-negativ/negativ-mobil-14.png
 create mode 100644 docs/arkiv/2026-07-29/skjermbilder-negativ/negativ-mobil-19.png
 create mode 100644 docs/arkiv/2026-07-29/skjermbilder-negativ/negativ-mobil-26.png
 create mode 100644 docs/arkiv/2026-07-29/skjermbilder-negativ/negativ-mobil-7.png
 create mode 100644 docs/arkiv/2026-07-29/skjermbilder-negativ/negativ-reload-krasj-13.png
 create mode 100644 docs/arkiv/2026-07-29/skjermbilder-negativ/negativ-reload-krasj-25.png
 create mode 100644 docs/arkiv/2026-07-29/skjermbilder-negativ/negativ-reload-krasj-6.png
 create mode 100644 docs/arkiv/2026-07-29/skjermbilder-negativ/negativ-soknad-direkte-krasj-12.png
 create mode 100644 docs/arkiv/2026-07-29/skjermbilder-negativ/negativ-soknad-direkte-krasj-24.png
 create mode 100644 docs/arkiv/2026-07-29/skjermbilder-negativ/negativ-soknad-direkte-krasj-5.png
 create mode 100644 docs/arkiv/2026-07-29/skjermbilder-negativ/negativ-url-ingen-feilside-1.png
 create mode 100644 docs/arkiv/2026-07-29/skjermbilder-negativ/negativ-url-ingen-feilside-10.png
 create mode 100644 docs/arkiv/2026-07-29/skjermbilder-negativ/negativ-url-ingen-feilside-11.png
 create mode 100644 docs/arkiv/2026-07-29/skjermbilder-negativ/negativ-url-ingen-feilside-15.png
 create mode 100644 docs/arkiv/2026-07-29/skjermbilder-negativ/negativ-url-ingen-feilside-16.png
 create mode 100644 docs/arkiv/2026-07-29/skjermbilder-negativ/negativ-url-ingen-feilside-17.png
 create mode 100644 docs/arkiv/2026-07-29/skjermbilder-negativ/negativ-url-ingen-feilside-18.png
 create mode 100644 docs/arkiv/2026-07-29/skjermbilder-negativ/negativ-url-ingen-feilside-2.png
 create mode 100644 docs/arkiv/2026-07-29/skjermbilder-negativ/negativ-url-ingen-feilside-20.png
 create mode 100644 docs/arkiv/2026-07-29/skjermbilder-negativ/negativ-url-ingen-feilside-21.png
 create mode 100644 docs/arkiv/2026-07-29/skjermbilder-negativ/negativ-url-ingen-feilside-22.png
 create mode 100644 docs/arkiv/2026-07-29/skjermbilder-negativ/negativ-url-ingen-feilside-23.png
 create mode 100644 docs/arkiv/2026-07-29/skjermbilder-negativ/negativ-url-ingen-feilside-3.png
 create mode 100644 docs/arkiv/2026-07-29/skjermbilder-negativ/negativ-url-ingen-feilside-4.png
 create mode 100644 docs/arkiv/2026-07-29/skjermbilder-negativ/negativ-url-ingen-feilside-8.png
 create mode 100644 docs/arkiv/2026-07-29/skjermbilder-negativ/negativ-url-ingen-feilside-9.png
 create mode 100644 docs/arkiv/2026-07-29/skjermbilder/innlogging-steg-1.png
 create mode 100644 docs/arkiv/2026-07-29/skjermbilder/innlogging-steg-2.png
 create mode 100644 docs/arkiv/2026-07-29/skjermbilder/innlogging-steg-3.png
 create mode 100644 docs/arkiv/2026-07-29/skjermbilder/innlogging-steg-4.png
 create mode 100644 docs/arkiv/2026-07-29/skjermbilder/innlogging-steg-5.png
 create mode 100644 docs/arkiv/2026-07-29/skjermbilder/s1-link-name-0-element.png
 create mode 100644 docs/arkiv/2026-07-29/skjermbilder/s1-link-name-0-side.png
 create mode 100644 docs/arkiv/2026-07-29/skjermbilder/s7-landmark-unique-0-element.png
 create mode 100644 docs/arkiv/2026-07-29/skjermbilder/s7-landmark-unique-0-side.png
 create mode 100644 docs/arkiv/2026-07-29/uu-rapport-08-02.html
 create mode 100644 docs/arkiv/2026-07-29/uu-rapport-09-01.html
 create mode 100644 docs/arkiv/2026-07-29/uu-rapport.html
 create mode 100644 docs/arkiv/2026-07-29/ytelse-rapport.html
 create mode 100644 rapporter/2026-07-29/brukerhistorie-rapport.html
 create mode 100644 rapporter/2026-07-29/brukerhistorie-resultat.json
 create mode 100644 rapporter/2026-07-29/monkey-rapport-09-03.html
 create mode 100644 rapporter/2026-07-29/monkey-rapport.html
 create mode 100644 rapporter/2026-07-29/monkey-resultat-09-03.json
 create mode 100644 rapporter/2026-07-29/monkey-resultat.json
 create mode 100644 rapporter/2026-07-29/negativ-rapport-09-05.html
 create mode 100644 rapporter/2026-07-29/negativ-rapport.html
 create mode 100644 rapporter/2026-07-29/negativ-resultat-09-05.json
 create mode 100644 rapporter/2026-07-29/negativ-resultat.json
 create mode 100644 rapporter/2026-07-29/resultat-08-02.json
 create mode 100644 rapporter/2026-07-29/resultat-09-01.json
 create mode 100644 rapporter/2026-07-29/resultat.json
 create mode 100644 rapporter/2026-07-29/sikkerhet-rapport-09-04.html
 create mode 100644 rapporter/2026-07-29/sikkerhet-rapport.html
 create mode 100644 rapporter/2026-07-29/sikkerhet-resultat-09-04.json
 create mode 100644 rapporter/2026-07-29/sikkerhet-resultat.json
 create mode 100644 rapporter/2026-07-29/skjermbilder-monkey/monkey-feilside-5.png
 create mode 100644 rapporter/2026-07-29/skjermbilder-monkey/monkey-pre-submit-1.png
 create mode 100644 rapporter/2026-07-29/skjermbilder-monkey/monkey-pre-submit-2.png
 create mode 100644 rapporter/2026-07-29/skjermbilder-monkey/monkey-pre-submit-3.png
 create mode 100644 rapporter/2026-07-29/skjermbilder-monkey/monkey-pre-submit-4.png
 create mode 100644 rapporter/2026-07-29/skjermbilder-negativ/negativ-mobil-14.png
 create mode 100644 rapporter/2026-07-29/skjermbilder-negativ/negativ-mobil-19.png
 create mode 100644 rapporter/2026-07-29/skjermbilder-negativ/negativ-mobil-26.png
 create mode 100644 rapporter/2026-07-29/skjermbilder-negativ/negativ-mobil-7.png
 create mode 100644 rapporter/2026-07-29/skjermbilder-negativ/negativ-reload-krasj-13.png
 create mode 100644 rapporter/2026-07-29/skjermbilder-negativ/negativ-reload-krasj-25.png
 create mode 100644 rapporter/2026-07-29/skjermbilder-negativ/negativ-reload-krasj-6.png
 create mode 100644 rapporter/2026-07-29/skjermbilder-negativ/negativ-soknad-direkte-krasj-12.png
 create mode 100644 rapporter/2026-07-29/skjermbilder-negativ/negativ-soknad-direkte-krasj-24.png
 create mode 100644 rapporter/2026-07-29/skjermbilder-negativ/negativ-soknad-direkte-krasj-5.png
 create mode 100644 rapporter/2026-07-29/skjermbilder-negativ/negativ-url-ingen-feilside-1.png
 create mode 100644 rapporter/2026-07-29/skjermbilder-negativ/negativ-url-ingen-feilside-10.png
 create mode 100644 rapporter/2026-07-29/skjermbilder-negativ/negativ-url-ingen-feilside-11.png
 create mode 100644 rapporter/2026-07-29/skjermbilder-negativ/negativ-url-ingen-feilside-15.png
 create mode 100644 rapporter/2026-07-29/skjermbilder-negativ/negativ-url-ingen-feilside-16.png
 create mode 100644 rapporter/2026-07-29/skjermbilder-negativ/negativ-url-ingen-feilside-17.png
 create mode 100644 rapporter/2026-07-29/skjermbilder-negativ/negativ-url-ingen-feilside-18.png
 create mode 100644 rapporter/2026-07-29/skjermbilder-negativ/negativ-url-ingen-feilside-2.png
 create mode 100644 rapporter/2026-07-29/skjermbilder-negativ/negativ-url-ingen-feilside-20.png
 create mode 100644 rapporter/2026-07-29/skjermbilder-negativ/negativ-url-ingen-feilside-21.png
 create mode 100644 rapporter/2026-07-29/skjermbilder-negativ/negativ-url-ingen-feilside-22.png
 create mode 100644 rapporter/2026-07-29/skjermbilder-negativ/negativ-url-ingen-feilside-23.png
 create mode 100644 rapporter/2026-07-29/skjermbilder-negativ/negativ-url-ingen-feilside-3.png
 create mode 100644 rapporter/2026-07-29/skjermbilder-negativ/negativ-url-ingen-feilside-4.png
 create mode 100644 rapporter/2026-07-29/skjermbilder-negativ/negativ-url-ingen-feilside-8.png
 create mode 100644 rapporter/2026-07-29/skjermbilder-negativ/negativ-url-ingen-feilside-9.png
 create mode 100644 rapporter/2026-07-29/skjermbilder-tilfeldig/s7-landmark-unique-0-element.png
 create mode 100644 rapporter/2026-07-29/skjermbilder-tilfeldig/s7-landmark-unique-0-side.png
 create mode 100644 rapporter/2026-07-29/skjermbilder/innlogging-steg-1.png
 create mode 100644 rapporter/2026-07-29/skjermbilder/innlogging-steg-2.png
 create mode 100644 rapporter/2026-07-29/skjermbilder/innlogging-steg-3.png
 create mode 100644 rapporter/2026-07-29/skjermbilder/innlogging-steg-4.png
 create mode 100644 rapporter/2026-07-29/skjermbilder/innlogging-steg-5.png
 create mode 100644 rapporter/2026-07-29/skjermbilder/s1-link-name-0-element.png
 create mode 100644 rapporter/2026-07-29/skjermbilder/s1-link-name-0-side.png
 create mode 100644 rapporter/2026-07-29/skjermbilder/s7-landmark-unique-0-element.png
 create mode 100644 rapporter/2026-07-29/skjermbilder/s7-landmark-unique-0-side.png
 create mode 100644 rapporter/2026-07-29/uu-rapport-08-02.html
 create mode 100644 rapporter/2026-07-29/uu-rapport-09-01.html
 create mode 100644 rapporter/2026-07-29/uu-rapport.html
 create mode 100644 rapporter/2026-07-29/ytelse-rapport.html
 create mode 100644 rapporter/2026-07-29/ytelse-resultat.json
