[main 89fd3f4] Daglig UU-rapport 2026-04-14 [skip ci]
 64 files changed, 6031 insertions(+), 92 deletions(-)
 create mode 100644 docs/arkiv/2026-04-13/skjermbilder/s9-doede-lenker-side.png
 create mode 100644 docs/arkiv/2026-04-14/rapport.html
 rename docs/{skjermbilder => arkiv/2026-04-14}/skjermbilder/s2-page-has-heading-one-0-element.png (100%)
 rename docs/{skjermbilder => arkiv/2026-04-14}/skjermbilder/s2-page-has-heading-one-0-side.png (100%)
 rename docs/{skjermbilder => arkiv/2026-04-14}/skjermbilder/s4-doede-lenker-side.png (100%)
 rename docs/{skjermbilder => arkiv/2026-04-14}/skjermbilder/s5-doede-lenker-side.png (100%)
 rename docs/{skjermbilder => arkiv/2026-04-14}/skjermbilder/s6-doede-lenker-side.png (100%)
 rename docs/{skjermbilder => arkiv/2026-04-14}/skjermbilder/s7-doede-lenker-side.png (100%)
 rename docs/{skjermbilder => arkiv/2026-04-14}/skjermbilder/s8-doede-lenker-side.png (100%)
 delete mode 100644 docs/skjermbilder-monkey/monkey-feilside-6.png
 delete mode 100644 docs/skjermbilder/s1-region-0-element.png
 delete mode 100644 docs/skjermbilder/s1-region-0-side.png
 delete mode 100644 docs/skjermbilder/s2-region-1-element.png
 delete mode 100644 docs/skjermbilder/s4-region-0-element.png
 delete mode 100644 docs/skjermbilder/s4-region-0-side.png
 delete mode 100644 docs/skjermbilder/s5-region-0-element.png
 delete mode 100644 docs/skjermbilder/s6-region-0-element.png
 delete mode 100644 docs/skjermbilder/s6-region-0-side.png
 delete mode 100644 docs/skjermbilder/s7-region-0-element.png
 delete mode 100644 docs/skjermbilder/s8-region-0-element.png
 create mode 100644 rapporter/2026-04-14/monkey-rapport.html
 create mode 100644 rapporter/2026-04-14/monkey-resultat.json
 create mode 100644 rapporter/2026-04-14/negativ-rapport.html
 create mode 100644 rapporter/2026-04-14/negativ-resultat.json
 create mode 100644 rapporter/2026-04-14/rapport.html
 create mode 100644 rapporter/2026-04-14/resultat.json
 create mode 100644 rapporter/2026-04-14/sikkerhet-rapport.html
 create mode 100644 rapporter/2026-04-14/sikkerhet-resultat.json
 rename docs/skjermbilder/s7-region-0-side.png => rapporter/2026-04-14/skjermbilder-monkey/monkey-feilside-2.png (79%)
 rename docs/skjermbilder-monkey/monkey-pre-submit-7.png => rapporter/2026-04-14/skjermbilder-monkey/monkey-pre-submit-1.png (100%)
 rename docs/skjermbilder-monkey/monkey-pre-submit-2.png => rapporter/2026-04-14/skjermbilder-monkey/monkey-pre-submit-3.png (87%)
 rename docs/skjermbilder-monkey/monkey-pre-submit-8.png => rapporter/2026-04-14/skjermbilder-monkey/monkey-pre-submit-4.png (88%)
 create mode 100644 rapporter/2026-04-14/skjermbilder-monkey/monkey-pre-submit-5.png
 create mode 100644 rapporter/2026-04-14/skjermbilder-negativ/negativ-mobil-5.png
 create mode 100644 rapporter/2026-04-14/skjermbilder-negativ/negativ-url-ingen-feilside-1.png
 create mode 100644 rapporter/2026-04-14/skjermbilder-negativ/negativ-url-ingen-feilside-2.png
 create mode 100644 rapporter/2026-04-14/skjermbilder-negativ/negativ-url-ingen-feilside-3.png
 create mode 100644 rapporter/2026-04-14/skjermbilder-negativ/negativ-url-ingen-feilside-4.png
 create mode 100644 rapporter/2026-04-14/skjermbilder/s2-page-has-heading-one-0-element.png
 rename docs/skjermbilder/s2-region-1-side.png => rapporter/2026-04-14/skjermbilder/s2-page-has-heading-one-0-side.png (86%)
 rename docs/skjermbilder-monkey/monkey-feilside-1.png => rapporter/2026-04-14/skjermbilder/s4-doede-lenker-side.png (100%)
 rename docs/skjermbilder/s5-region-0-side.png => rapporter/2026-04-14/skjermbilder/s5-doede-lenker-side.png (76%)
 rename docs/skjermbilder-monkey/monkey-feilside-4.png => rapporter/2026-04-14/skjermbilder/s6-doede-lenker-side.png (100%)
 create mode 100644 rapporter/2026-04-14/skjermbilder/s7-doede-lenker-side.png
 rename docs/skjermbilder/s8-region-0-side.png => rapporter/2026-04-14/skjermbilder/s8-doede-lenker-side.png (85%)
 create mode 100644 rapporter/kjoring.log
 create mode 100644 rapporter/launchd-stderr.log
 create mode 100644 rapporter/launchd-stdout.log
[main 3432dc4] Daglig UU-rapport 2026-04-17 [skip ci]
 91 files changed, 14893 insertions(+), 100 deletions(-)
 create mode 100644 docs/arkiv/2026-04-17/monkey-rapport-08-34.html
 create mode 100644 docs/arkiv/2026-04-17/monkey-rapport.html
 create mode 100644 docs/arkiv/2026-04-17/negativ-rapport-08-35.html
 create mode 100644 docs/arkiv/2026-04-17/negativ-rapport.html
 create mode 100644 docs/arkiv/2026-04-17/sikkerhet-rapport-08-34.html
 create mode 100644 docs/arkiv/2026-04-17/sikkerhet-rapport.html
 create mode 100644 docs/arkiv/2026-04-17/skjermbilder-monkey/monkey-feilside-10.png
 create mode 100644 docs/arkiv/2026-04-17/skjermbilder-monkey/monkey-feilside-11.png
 create mode 100644 docs/arkiv/2026-04-17/skjermbilder-monkey/monkey-feilside-3.png
 create mode 100644 docs/arkiv/2026-04-17/skjermbilder-monkey/monkey-feilside-5.png
 create mode 100644 docs/arkiv/2026-04-17/skjermbilder-monkey/monkey-feilside-9.png
 create mode 100644 docs/arkiv/2026-04-17/skjermbilder-monkey/monkey-pre-submit-1.png
 create mode 100644 docs/arkiv/2026-04-17/skjermbilder-monkey/monkey-pre-submit-12.png
 create mode 100644 docs/arkiv/2026-04-17/skjermbilder-monkey/monkey-pre-submit-2.png
 create mode 100644 docs/arkiv/2026-04-17/skjermbilder-monkey/monkey-pre-submit-4.png
 create mode 100644 docs/arkiv/2026-04-17/skjermbilder-monkey/monkey-pre-submit-6.png
 create mode 100644 docs/arkiv/2026-04-17/skjermbilder-monkey/monkey-pre-submit-7.png
 create mode 100644 docs/arkiv/2026-04-17/skjermbilder-monkey/monkey-pre-submit-8.png
 create mode 100644 docs/arkiv/2026-04-17/skjermbilder-negativ/negativ-mobil-5.png
 create mode 100644 docs/arkiv/2026-04-17/skjermbilder-negativ/negativ-url-ingen-feilside-1.png
 create mode 100644 docs/arkiv/2026-04-17/skjermbilder-negativ/negativ-url-ingen-feilside-2.png
 create mode 100644 docs/arkiv/2026-04-17/skjermbilder-negativ/negativ-url-ingen-feilside-3.png
 create mode 100644 docs/arkiv/2026-04-17/skjermbilder-negativ/negativ-url-ingen-feilside-4.png
 create mode 100644 docs/arkiv/2026-04-17/skjermbilder/s2-page-has-heading-one-0-element.png
 create mode 100644 docs/arkiv/2026-04-17/skjermbilder/s2-page-has-heading-one-0-side.png
 create mode 100644 docs/arkiv/2026-04-17/skjermbilder/s4-doede-lenker-side.png
 create mode 100644 docs/arkiv/2026-04-17/skjermbilder/s5-doede-lenker-side.png
 create mode 100644 docs/arkiv/2026-04-17/skjermbilder/s6-doede-lenker-side.png
 create mode 100644 docs/arkiv/2026-04-17/skjermbilder/s7-doede-lenker-side.png
 create mode 100644 docs/arkiv/2026-04-17/skjermbilder/s8-doede-lenker-side.png
 create mode 100644 docs/arkiv/2026-04-17/uu-rapport-08-33.html
 create mode 100644 docs/arkiv/2026-04-17/uu-rapport.html
 create mode 100644 docs/skjermbilder-monkey/monkey-feilside-10.png
 create mode 100644 rapporter/2026-04-17/monkey-rapport-08-34.html
 create mode 100644 rapporter/2026-04-17/monkey-rapport.html
 create mode 100644 rapporter/2026-04-17/monkey-resultat-08-34.json
 create mode 100644 rapporter/2026-04-17/monkey-resultat.json
 create mode 100644 rapporter/2026-04-17/negativ-rapport-08-35.html
 create mode 100644 rapporter/2026-04-17/negativ-rapport.html
 create mode 100644 rapporter/2026-04-17/negativ-resultat-08-35.json
 create mode 100644 rapporter/2026-04-17/negativ-resultat.json
 create mode 100644 rapporter/2026-04-17/resultat-08-33.json
 create mode 100644 rapporter/2026-04-17/resultat.json
 create mode 100644 rapporter/2026-04-17/sikkerhet-rapport-08-34.html
 create mode 100644 rapporter/2026-04-17/sikkerhet-rapport.html
 create mode 100644 rapporter/2026-04-17/sikkerhet-resultat-08-34.json
 create mode 100644 rapporter/2026-04-17/sikkerhet-resultat.json
 create mode 100644 rapporter/2026-04-17/skjermbilder-monkey/monkey-feilside-10.png
 create mode 100644 rapporter/2026-04-17/skjermbilder-monkey/monkey-feilside-11.png
 create mode 100644 rapporter/2026-04-17/skjermbilder-monkey/monkey-feilside-3.png
 create mode 100644 rapporter/2026-04-17/skjermbilder-monkey/monkey-feilside-5.png
 create mode 100644 rapporter/2026-04-17/skjermbilder-monkey/monkey-feilside-9.png
 create mode 100644 rapporter/2026-04-17/skjermbilder-monkey/monkey-pre-submit-1.png
 create mode 100644 rapporter/2026-04-17/skjermbilder-monkey/monkey-pre-submit-12.png
 create mode 100644 rapporter/2026-04-17/skjermbilder-monkey/monkey-pre-submit-2.png
 create mode 100644 rapporter/2026-04-17/skjermbilder-monkey/monkey-pre-submit-4.png
 create mode 100644 rapporter/2026-04-17/skjermbilder-monkey/monkey-pre-submit-6.png
 create mode 100644 rapporter/2026-04-17/skjermbilder-monkey/monkey-pre-submit-7.png
 create mode 100644 rapporter/2026-04-17/skjermbilder-monkey/monkey-pre-submit-8.png
 create mode 100644 rapporter/2026-04-17/skjermbilder-negativ/negativ-mobil-5.png
 create mode 100644 rapporter/2026-04-17/skjermbilder-negativ/negativ-url-ingen-feilside-1.png
 create mode 100644 rapporter/2026-04-17/skjermbilder-negativ/negativ-url-ingen-feilside-2.png
 create mode 100644 rapporter/2026-04-17/skjermbilder-negativ/negativ-url-ingen-feilside-3.png
 create mode 100644 rapporter/2026-04-17/skjermbilder-negativ/negativ-url-ingen-feilside-4.png
 create mode 100644 rapporter/2026-04-17/skjermbilder/s2-page-has-heading-one-0-element.png
 create mode 100644 rapporter/2026-04-17/skjermbilder/s2-page-has-heading-one-0-side.png
 create mode 100644 rapporter/2026-04-17/skjermbilder/s4-doede-lenker-side.png
 create mode 100644 rapporter/2026-04-17/skjermbilder/s5-doede-lenker-side.png
 create mode 100644 rapporter/2026-04-17/skjermbilder/s6-doede-lenker-side.png
 create mode 100644 rapporter/2026-04-17/skjermbilder/s7-doede-lenker-side.png
 create mode 100644 rapporter/2026-04-17/skjermbilder/s8-doede-lenker-side.png
 create mode 100644 rapporter/2026-04-17/uu-rapport-08-33.html
 create mode 100644 rapporter/2026-04-17/uu-rapport.html
 create mode 100644 rapporter/launchd-vakt-stderr.log
 create mode 100644 rapporter/launchd-vakt-stdout.log
[main c4d4a4b] Daglig UU-rapport 2026-04-20 [skip ci]
 64 files changed, 14507 insertions(+), 193 deletions(-)
 create mode 100644 docs/arkiv/2026-04-20/monkey-rapport-08-30.html
 create mode 100644 docs/arkiv/2026-04-20/monkey-rapport.html
 create mode 100644 docs/arkiv/2026-04-20/negativ-rapport-08-31.html
 create mode 100644 docs/arkiv/2026-04-20/negativ-rapport.html
 create mode 100644 docs/arkiv/2026-04-20/sikkerhet-rapport-08-30.html
 create mode 100644 docs/arkiv/2026-04-20/sikkerhet-rapport.html
 create mode 100644 docs/arkiv/2026-04-20/skjermbilder-monkey/monkey-feilside-1.png
 create mode 100644 docs/arkiv/2026-04-20/skjermbilder-monkey/monkey-feilside-2.png
 create mode 100644 docs/arkiv/2026-04-20/skjermbilder-monkey/monkey-pre-submit-3.png
 create mode 100644 docs/arkiv/2026-04-20/skjermbilder-negativ/negativ-mobil-5.png
 create mode 100644 docs/arkiv/2026-04-20/skjermbilder-negativ/negativ-url-ingen-feilside-1.png
 create mode 100644 docs/arkiv/2026-04-20/skjermbilder-negativ/negativ-url-ingen-feilside-2.png
 create mode 100644 docs/arkiv/2026-04-20/skjermbilder-negativ/negativ-url-ingen-feilside-3.png
 create mode 100644 docs/arkiv/2026-04-20/skjermbilder-negativ/negativ-url-ingen-feilside-4.png
 create mode 100644 docs/arkiv/2026-04-20/skjermbilder/s2-page-has-heading-one-0-element.png
 create mode 100644 docs/arkiv/2026-04-20/skjermbilder/s2-page-has-heading-one-0-side.png
 create mode 100644 docs/arkiv/2026-04-20/skjermbilder/s4-doede-lenker-side.png
 create mode 100644 docs/arkiv/2026-04-20/skjermbilder/s5-doede-lenker-side.png
 create mode 100644 docs/arkiv/2026-04-20/skjermbilder/s6-doede-lenker-side.png
 create mode 100644 docs/arkiv/2026-04-20/skjermbilder/s7-doede-lenker-side.png
 create mode 100644 docs/arkiv/2026-04-20/skjermbilder/s8-doede-lenker-side.png
 create mode 100644 docs/arkiv/2026-04-20/uu-rapport-08-30.html
 create mode 100644 docs/arkiv/2026-04-20/uu-rapport.html
 create mode 100644 rapporter/2026-04-20/monkey-rapport-08-30.html
 create mode 100644 rapporter/2026-04-20/monkey-rapport.html
 create mode 100644 rapporter/2026-04-20/monkey-resultat-08-30.json
 create mode 100644 rapporter/2026-04-20/monkey-resultat.json
 create mode 100644 rapporter/2026-04-20/negativ-rapport-08-31.html
 create mode 100644 rapporter/2026-04-20/negativ-rapport.html
 create mode 100644 rapporter/2026-04-20/negativ-resultat-08-31.json
 create mode 100644 rapporter/2026-04-20/negativ-resultat.json
 create mode 100644 rapporter/2026-04-20/resultat-08-30.json
 create mode 100644 rapporter/2026-04-20/resultat.json
 create mode 100644 rapporter/2026-04-20/sikkerhet-rapport-08-30.html
 create mode 100644 rapporter/2026-04-20/sikkerhet-rapport.html
 create mode 100644 rapporter/2026-04-20/sikkerhet-resultat-08-30.json
 create mode 100644 rapporter/2026-04-20/sikkerhet-resultat.json
 create mode 100644 rapporter/2026-04-20/skjermbilder-monkey/monkey-feilside-1.png
 create mode 100644 rapporter/2026-04-20/skjermbilder-monkey/monkey-feilside-2.png
 create mode 100644 rapporter/2026-04-20/skjermbilder-monkey/monkey-pre-submit-3.png
 create mode 100644 rapporter/2026-04-20/skjermbilder-negativ/negativ-mobil-5.png
 create mode 100644 rapporter/2026-04-20/skjermbilder-negativ/negativ-url-ingen-feilside-1.png
 create mode 100644 rapporter/2026-04-20/skjermbilder-negativ/negativ-url-ingen-feilside-2.png
 create mode 100644 rapporter/2026-04-20/skjermbilder-negativ/negativ-url-ingen-feilside-3.png
 create mode 100644 rapporter/2026-04-20/skjermbilder-negativ/negativ-url-ingen-feilside-4.png
 create mode 100644 rapporter/2026-04-20/skjermbilder/s2-page-has-heading-one-0-element.png
 create mode 100644 rapporter/2026-04-20/skjermbilder/s2-page-has-heading-one-0-side.png
 create mode 100644 rapporter/2026-04-20/skjermbilder/s4-doede-lenker-side.png
 create mode 100644 rapporter/2026-04-20/skjermbilder/s5-doede-lenker-side.png
 create mode 100644 rapporter/2026-04-20/skjermbilder/s6-doede-lenker-side.png
 create mode 100644 rapporter/2026-04-20/skjermbilder/s7-doede-lenker-side.png
 create mode 100644 rapporter/2026-04-20/skjermbilder/s8-doede-lenker-side.png
 create mode 100644 rapporter/2026-04-20/uu-rapport-08-30.html
 create mode 100644 rapporter/2026-04-20/uu-rapport.html
[main d06b6b3] Daglig UU-rapport 2026-04-21 [skip ci]
 45 files changed, 7391 insertions(+), 249 deletions(-)
 create mode 100644 docs/arkiv/2026-04-21/monkey-rapport-08-30.html
 create mode 100644 docs/arkiv/2026-04-21/negativ-rapport-08-31.html
 create mode 100644 docs/arkiv/2026-04-21/sikkerhet-rapport-08-30.html
 create mode 100644 docs/arkiv/2026-04-21/skjermbilder-monkey/monkey-pre-submit-3.png
 create mode 100644 docs/arkiv/2026-04-21/uu-rapport-08-30.html
 create mode 100644 rapporter/2026-04-21/monkey-rapport-08-30.html
 create mode 100644 rapporter/2026-04-21/monkey-resultat-08-30.json
 create mode 100644 rapporter/2026-04-21/negativ-rapport-08-31.html
 create mode 100644 rapporter/2026-04-21/negativ-resultat-08-31.json
 create mode 100644 rapporter/2026-04-21/resultat-08-30.json
 create mode 100644 rapporter/2026-04-21/sikkerhet-rapport-08-30.html
 create mode 100644 rapporter/2026-04-21/sikkerhet-resultat-08-30.json
 create mode 100644 rapporter/2026-04-21/skjermbilder-monkey/monkey-pre-submit-3.png
 create mode 100644 rapporter/2026-04-21/uu-rapport-08-30.html
[main 4ccfe19] Daglig UU-rapport 2026-04-22 [skip ci]
 86 files changed, 16621 insertions(+), 617 deletions(-)
 create mode 100644 docs/arkiv/2026-04-22/monkey-rapport-08-30.html
 create mode 100644 docs/arkiv/2026-04-22/monkey-rapport.html
 create mode 100644 docs/arkiv/2026-04-22/negativ-rapport-08-31.html
 create mode 100644 docs/arkiv/2026-04-22/negativ-rapport.html
 create mode 100644 docs/arkiv/2026-04-22/sikkerhet-rapport-08-31.html
 create mode 100644 docs/arkiv/2026-04-22/sikkerhet-rapport.html
 create mode 100644 docs/arkiv/2026-04-22/skjermbilder-monkey/monkey-feilside-1.png
 create mode 100644 docs/arkiv/2026-04-22/skjermbilder-monkey/monkey-feilside-3.png
 create mode 100644 docs/arkiv/2026-04-22/skjermbilder-monkey/monkey-feilside-4.png
 create mode 100644 docs/arkiv/2026-04-22/skjermbilder-monkey/monkey-feilside-5.png
 create mode 100644 docs/arkiv/2026-04-22/skjermbilder-monkey/monkey-feilside-7.png
 create mode 100644 docs/arkiv/2026-04-22/skjermbilder-monkey/monkey-feilside-8.png
 create mode 100644 docs/arkiv/2026-04-22/skjermbilder-monkey/monkey-pre-submit-2.png
 create mode 100644 docs/arkiv/2026-04-22/skjermbilder-monkey/monkey-pre-submit-6.png
 create mode 100644 docs/arkiv/2026-04-22/skjermbilder-negativ/negativ-mobil-5.png
 create mode 100644 docs/arkiv/2026-04-22/skjermbilder-negativ/negativ-url-ingen-feilside-1.png
 create mode 100644 docs/arkiv/2026-04-22/skjermbilder-negativ/negativ-url-ingen-feilside-2.png
 create mode 100644 docs/arkiv/2026-04-22/skjermbilder-negativ/negativ-url-ingen-feilside-3.png
 create mode 100644 docs/arkiv/2026-04-22/skjermbilder-negativ/negativ-url-ingen-feilside-4.png
 create mode 100644 docs/arkiv/2026-04-22/skjermbilder-tastatur/tastatur-hopplenke-1.png
 create mode 100644 docs/arkiv/2026-04-22/skjermbilder/s4-doede-lenker-side.png
 create mode 100644 docs/arkiv/2026-04-22/skjermbilder/s5-doede-lenker-side.png
 create mode 100644 docs/arkiv/2026-04-22/skjermbilder/s6-doede-lenker-side.png
 create mode 100644 docs/arkiv/2026-04-22/skjermbilder/s7-doede-lenker-side.png
 create mode 100644 docs/arkiv/2026-04-22/skjermbilder/s8-doede-lenker-side.png
 create mode 100644 docs/arkiv/2026-04-22/tastatur-rapport-08-31.html
 create mode 100644 docs/arkiv/2026-04-22/tastatur-rapport.html
 create mode 100644 docs/arkiv/2026-04-22/uu-rapport-08-30.html
 create mode 100644 docs/skjermbilder-tastatur/tastatur-hopplenke-1.png
 create mode 100644 docs/skjermbilder/s2-doede-lenker-side.png
 create mode 100644 docs/tastatur-rapport.html
 create mode 100644 rapporter/2026-04-21/skjermbilder-tastatur/tastatur-hopplenke-1.png
 create mode 100644 rapporter/2026-04-22/monkey-rapport-08-30.html
 create mode 100644 rapporter/2026-04-22/monkey-rapport.html
 create mode 100644 rapporter/2026-04-22/monkey-resultat-08-30.json
 create mode 100644 rapporter/2026-04-22/monkey-resultat.json
 create mode 100644 rapporter/2026-04-22/negativ-rapport-08-31.html
 create mode 100644 rapporter/2026-04-22/negativ-rapport.html
 create mode 100644 rapporter/2026-04-22/negativ-resultat-08-31.json
 create mode 100644 rapporter/2026-04-22/negativ-resultat.json
 create mode 100644 rapporter/2026-04-22/resultat-08-30.json
 create mode 100644 rapporter/2026-04-22/sikkerhet-rapport-08-31.html
 create mode 100644 rapporter/2026-04-22/sikkerhet-rapport.html
 create mode 100644 rapporter/2026-04-22/sikkerhet-resultat-08-31.json
 create mode 100644 rapporter/2026-04-22/sikkerhet-resultat.json
 create mode 100644 rapporter/2026-04-22/skjermbilder-monkey/monkey-feilside-1.png
 create mode 100644 rapporter/2026-04-22/skjermbilder-monkey/monkey-feilside-3.png
 create mode 100644 rapporter/2026-04-22/skjermbilder-monkey/monkey-feilside-4.png
 create mode 100644 rapporter/2026-04-22/skjermbilder-monkey/monkey-feilside-5.png
 create mode 100644 rapporter/2026-04-22/skjermbilder-monkey/monkey-feilside-7.png
 create mode 100644 rapporter/2026-04-22/skjermbilder-monkey/monkey-feilside-8.png
 create mode 100644 rapporter/2026-04-22/skjermbilder-monkey/monkey-pre-submit-2.png
 create mode 100644 rapporter/2026-04-22/skjermbilder-monkey/monkey-pre-submit-6.png
 create mode 100644 rapporter/2026-04-22/skjermbilder-negativ/negativ-mobil-5.png
 create mode 100644 rapporter/2026-04-22/skjermbilder-negativ/negativ-url-ingen-feilside-1.png
 create mode 100644 rapporter/2026-04-22/skjermbilder-negativ/negativ-url-ingen-feilside-2.png
 create mode 100644 rapporter/2026-04-22/skjermbilder-negativ/negativ-url-ingen-feilside-3.png
 create mode 100644 rapporter/2026-04-22/skjermbilder-negativ/negativ-url-ingen-feilside-4.png
 create mode 100644 rapporter/2026-04-22/skjermbilder-tastatur/tastatur-hopplenke-1.png
 create mode 100644 rapporter/2026-04-22/skjermbilder/s4-doede-lenker-side.png
 create mode 100644 rapporter/2026-04-22/skjermbilder/s5-doede-lenker-side.png
 create mode 100644 rapporter/2026-04-22/skjermbilder/s6-doede-lenker-side.png
 create mode 100644 rapporter/2026-04-22/skjermbilder/s7-doede-lenker-side.png
 create mode 100644 rapporter/2026-04-22/skjermbilder/s8-doede-lenker-side.png
 create mode 100644 rapporter/2026-04-22/tastatur-rapport-08-31.html
 create mode 100644 rapporter/2026-04-22/tastatur-rapport.html
 create mode 100644 rapporter/2026-04-22/tastatur-resultat-08-31.json
 create mode 100644 rapporter/2026-04-22/tastatur-resultat.json
 create mode 100644 rapporter/2026-04-22/uu-rapport-08-30.html
[main 41aa619] Daglig UU-rapport 2026-04-23 [skip ci]
 77 files changed, 19542 insertions(+), 179 deletions(-)
 create mode 100644 docs/arkiv/2026-04-22/uu-rapport-21-42.html
 create mode 100644 docs/arkiv/2026-04-23/monkey-rapport-08-30.html
 create mode 100644 docs/arkiv/2026-04-23/monkey-rapport.html
 create mode 100644 docs/arkiv/2026-04-23/negativ-rapport-08-31.html
 create mode 100644 docs/arkiv/2026-04-23/negativ-rapport.html
 create mode 100644 docs/arkiv/2026-04-23/sikkerhet-rapport-08-31.html
 create mode 100644 docs/arkiv/2026-04-23/sikkerhet-rapport.html
 create mode 100644 docs/arkiv/2026-04-23/skjermbilder-monkey/monkey-feilside-1.png
 create mode 100644 docs/arkiv/2026-04-23/skjermbilder-monkey/monkey-feilside-4.png
 create mode 100644 docs/arkiv/2026-04-23/skjermbilder-monkey/monkey-pre-submit-2.png
 create mode 100644 docs/arkiv/2026-04-23/skjermbilder-monkey/monkey-pre-submit-3.png
 create mode 100644 docs/arkiv/2026-04-23/skjermbilder-monkey/monkey-pre-submit-5.png
 create mode 100644 docs/arkiv/2026-04-23/skjermbilder-monkey/monkey-pre-submit-6.png
 create mode 100644 docs/arkiv/2026-04-23/skjermbilder-negativ/negativ-mobil-5.png
 create mode 100644 docs/arkiv/2026-04-23/skjermbilder-negativ/negativ-url-ingen-feilside-1.png
 create mode 100644 docs/arkiv/2026-04-23/skjermbilder-negativ/negativ-url-ingen-feilside-2.png
 create mode 100644 docs/arkiv/2026-04-23/skjermbilder-negativ/negativ-url-ingen-feilside-3.png
 create mode 100644 docs/arkiv/2026-04-23/skjermbilder-negativ/negativ-url-ingen-feilside-4.png
 create mode 100644 docs/arkiv/2026-04-23/skjermbilder/s2-page-has-heading-one-0-element.png
 create mode 100644 docs/arkiv/2026-04-23/skjermbilder/s2-page-has-heading-one-0-side.png
 create mode 100644 docs/arkiv/2026-04-23/skjermbilder/s4-doede-lenker-side.png
 create mode 100644 docs/arkiv/2026-04-23/skjermbilder/s5-doede-lenker-side.png
 create mode 100644 docs/arkiv/2026-04-23/skjermbilder/s6-doede-lenker-side.png
 create mode 100644 docs/arkiv/2026-04-23/skjermbilder/s7-doede-lenker-side.png
 create mode 100644 docs/arkiv/2026-04-23/skjermbilder/s8-doede-lenker-side.png
 create mode 100644 docs/arkiv/2026-04-23/uu-rapport-08-30.html
 create mode 100644 docs/arkiv/2026-04-23/uu-rapport.html
 create mode 100644 rapporter/2026-04-22/resultat-21-42.json
 create mode 100644 rapporter/2026-04-22/uu-rapport-21-42.html
 create mode 100644 rapporter/2026-04-23/monkey-rapport-08-30.html
 create mode 100644 rapporter/2026-04-23/monkey-rapport.html
 create mode 100644 rapporter/2026-04-23/monkey-resultat-08-30.json
 create mode 100644 rapporter/2026-04-23/monkey-resultat.json
 create mode 100644 rapporter/2026-04-23/negativ-rapport-08-31.html
 create mode 100644 rapporter/2026-04-23/negativ-rapport.html
 create mode 100644 rapporter/2026-04-23/negativ-resultat-08-31.json
 create mode 100644 rapporter/2026-04-23/negativ-resultat.json
 create mode 100644 rapporter/2026-04-23/resultat-08-30.json
 create mode 100644 rapporter/2026-04-23/resultat.json
 create mode 100644 rapporter/2026-04-23/sikkerhet-rapport-08-31.html
 create mode 100644 rapporter/2026-04-23/sikkerhet-rapport.html
 create mode 100644 rapporter/2026-04-23/sikkerhet-resultat-08-31.json
 create mode 100644 rapporter/2026-04-23/sikkerhet-resultat.json
 create mode 100644 rapporter/2026-04-23/skjermbilder-monkey/monkey-feilside-1.png
 create mode 100644 rapporter/2026-04-23/skjermbilder-monkey/monkey-feilside-4.png
 create mode 100644 rapporter/2026-04-23/skjermbilder-monkey/monkey-pre-submit-2.png
 create mode 100644 rapporter/2026-04-23/skjermbilder-monkey/monkey-pre-submit-3.png
 create mode 100644 rapporter/2026-04-23/skjermbilder-monkey/monkey-pre-submit-5.png
 create mode 100644 rapporter/2026-04-23/skjermbilder-monkey/monkey-pre-submit-6.png
 create mode 100644 rapporter/2026-04-23/skjermbilder-negativ/negativ-mobil-5.png
 create mode 100644 rapporter/2026-04-23/skjermbilder-negativ/negativ-url-ingen-feilside-1.png
 create mode 100644 rapporter/2026-04-23/skjermbilder-negativ/negativ-url-ingen-feilside-2.png
 create mode 100644 rapporter/2026-04-23/skjermbilder-negativ/negativ-url-ingen-feilside-3.png
 create mode 100644 rapporter/2026-04-23/skjermbilder-negativ/negativ-url-ingen-feilside-4.png
 create mode 100644 rapporter/2026-04-23/skjermbilder/s2-page-has-heading-one-0-element.png
 create mode 100644 rapporter/2026-04-23/skjermbilder/s2-page-has-heading-one-0-side.png
 create mode 100644 rapporter/2026-04-23/skjermbilder/s4-doede-lenker-side.png
 create mode 100644 rapporter/2026-04-23/skjermbilder/s5-doede-lenker-side.png
 create mode 100644 rapporter/2026-04-23/skjermbilder/s6-doede-lenker-side.png
 create mode 100644 rapporter/2026-04-23/skjermbilder/s7-doede-lenker-side.png
 create mode 100644 rapporter/2026-04-23/skjermbilder/s8-doede-lenker-side.png
 create mode 100644 rapporter/2026-04-23/uu-rapport-08-30.html
 create mode 100644 rapporter/2026-04-23/uu-rapport.html
[main a3ed53e] Daglig UU-rapport 2026-04-24 [skip ci]
 58 files changed, 8953 insertions(+), 349 deletions(-)
 create mode 100644 docs/arkiv/2026-04-24/monkey-rapport-08-30.html
 create mode 100644 docs/arkiv/2026-04-24/negativ-rapport-08-31.html
 create mode 100644 docs/arkiv/2026-04-24/sikkerhet-rapport-08-31.html
 create mode 100644 docs/arkiv/2026-04-24/skjermbilder-monkey/monkey-feilside-3.png
 create mode 100644 docs/arkiv/2026-04-24/skjermbilder-monkey/monkey-feilside-5.png
 create mode 100644 docs/arkiv/2026-04-24/skjermbilder-monkey/monkey-pre-submit-2.png
 create mode 100644 docs/arkiv/2026-04-24/skjermbilder-monkey/monkey-pre-submit-7.png
 create mode 100644 docs/arkiv/2026-04-24/uu-rapport-08-30.html
 create mode 100644 rapporter/2026-04-24/monkey-rapport-08-30.html
 create mode 100644 rapporter/2026-04-24/monkey-resultat-08-30.json
 create mode 100644 rapporter/2026-04-24/negativ-rapport-08-31.html
 create mode 100644 rapporter/2026-04-24/negativ-resultat-08-31.json
 create mode 100644 rapporter/2026-04-24/resultat-08-30.json
 create mode 100644 rapporter/2026-04-24/sikkerhet-rapport-08-31.html
 create mode 100644 rapporter/2026-04-24/sikkerhet-resultat-08-31.json
 create mode 100644 rapporter/2026-04-24/skjermbilder-monkey/monkey-feilside-3.png
 create mode 100644 rapporter/2026-04-24/skjermbilder-monkey/monkey-feilside-5.png
 create mode 100644 rapporter/2026-04-24/skjermbilder-monkey/monkey-pre-submit-2.png
 create mode 100644 rapporter/2026-04-24/skjermbilder-monkey/monkey-pre-submit-7.png
 create mode 100644 rapporter/2026-04-24/uu-rapport-08-30.html
[main c3d6745] Daglig UU-rapport 2026-04-27 [skip ci]
 132 files changed, 20152 insertions(+), 748 deletions(-)
 create mode 100644 docs/arkiv/2026-04-27/monkey-rapport-08-30.html
 create mode 100644 docs/arkiv/2026-04-27/negativ-rapport-08-31.html
 create mode 100644 docs/arkiv/2026-04-27/sikkerhet-rapport-08-30.html
 create mode 100644 docs/arkiv/2026-04-27/skjermbilder-monkey/monkey-pre-submit-7.png
 create mode 100644 docs/arkiv/2026-04-27/skjermbilder/s10-landmark-one-main-0-element.png
 create mode 100644 docs/arkiv/2026-04-27/skjermbilder/s10-landmark-one-main-0-side.png
 create mode 100644 docs/arkiv/2026-04-27/skjermbilder/s10-region-1-element.png
 create mode 100644 docs/arkiv/2026-04-27/skjermbilder/s10-region-1-side.png
 create mode 100644 docs/arkiv/2026-04-27/skjermbilder/s11-landmark-one-main-0-element.png
 create mode 100644 docs/arkiv/2026-04-27/skjermbilder/s11-landmark-one-main-0-side.png
 create mode 100644 docs/arkiv/2026-04-27/skjermbilder/s11-region-1-element.png
 create mode 100644 docs/arkiv/2026-04-27/skjermbilder/s11-region-1-side.png
 create mode 100644 docs/arkiv/2026-04-27/skjermbilder/s12-landmark-one-main-0-element.png
 create mode 100644 docs/arkiv/2026-04-27/skjermbilder/s12-landmark-one-main-0-side.png
 create mode 100644 docs/arkiv/2026-04-27/skjermbilder/s12-region-1-element.png
 create mode 100644 docs/arkiv/2026-04-27/skjermbilder/s12-region-1-side.png
 create mode 100644 docs/arkiv/2026-04-27/skjermbilder/s13-landmark-one-main-0-element.png
 create mode 100644 docs/arkiv/2026-04-27/skjermbilder/s13-landmark-one-main-0-side.png
 create mode 100644 docs/arkiv/2026-04-27/skjermbilder/s13-region-1-element.png
 create mode 100644 docs/arkiv/2026-04-27/skjermbilder/s13-region-1-side.png
 create mode 100644 docs/arkiv/2026-04-27/skjermbilder/s14-landmark-one-main-0-element.png
 create mode 100644 docs/arkiv/2026-04-27/skjermbilder/s14-landmark-one-main-0-side.png
 create mode 100644 docs/arkiv/2026-04-27/skjermbilder/s14-region-1-element.png
 create mode 100644 docs/arkiv/2026-04-27/skjermbilder/s14-region-1-side.png
 create mode 100644 docs/arkiv/2026-04-27/skjermbilder/s15-landmark-one-main-0-element.png
 create mode 100644 docs/arkiv/2026-04-27/skjermbilder/s15-landmark-one-main-0-side.png
 create mode 100644 docs/arkiv/2026-04-27/skjermbilder/s15-region-1-element.png
 create mode 100644 docs/arkiv/2026-04-27/skjermbilder/s15-region-1-side.png
 create mode 100644 docs/arkiv/2026-04-27/skjermbilder/s16-landmark-one-main-0-element.png
 create mode 100644 docs/arkiv/2026-04-27/skjermbilder/s16-landmark-one-main-0-side.png
 create mode 100644 docs/arkiv/2026-04-27/skjermbilder/s16-region-1-element.png
 create mode 100644 docs/arkiv/2026-04-27/skjermbilder/s16-region-1-side.png
 create mode 100644 docs/arkiv/2026-04-27/skjermbilder/s17-doede-lenker-side.png
 create mode 100644 docs/arkiv/2026-04-27/skjermbilder/s3-doede-lenker-side.png
 create mode 100644 docs/arkiv/2026-04-27/skjermbilder/s9-landmark-one-main-0-element.png
 create mode 100644 docs/arkiv/2026-04-27/skjermbilder/s9-landmark-one-main-0-side.png
 create mode 100644 docs/arkiv/2026-04-27/skjermbilder/s9-region-1-element.png
 create mode 100644 docs/arkiv/2026-04-27/skjermbilder/s9-region-1-side.png
 create mode 100644 docs/arkiv/2026-04-27/uu-rapport-08-30.html
 create mode 100644 rapporter/2026-04-27/monkey-rapport-08-30.html
 create mode 100644 rapporter/2026-04-27/monkey-resultat-08-30.json
 create mode 100644 rapporter/2026-04-27/negativ-rapport-08-31.html
 create mode 100644 rapporter/2026-04-27/negativ-resultat-08-31.json
 create mode 100644 rapporter/2026-04-27/resultat-08-30.json
 create mode 100644 rapporter/2026-04-27/sikkerhet-rapport-08-30.html
 create mode 100644 rapporter/2026-04-27/sikkerhet-resultat-08-30.json
 create mode 100644 rapporter/2026-04-27/skjermbilder-monkey/monkey-pre-submit-7.png
 create mode 100644 rapporter/2026-04-27/skjermbilder/s10-landmark-one-main-0-element.png
 create mode 100644 rapporter/2026-04-27/skjermbilder/s10-landmark-one-main-0-side.png
 create mode 100644 rapporter/2026-04-27/skjermbilder/s10-region-1-element.png
 create mode 100644 rapporter/2026-04-27/skjermbilder/s10-region-1-side.png
 create mode 100644 rapporter/2026-04-27/skjermbilder/s11-landmark-one-main-0-element.png
 create mode 100644 rapporter/2026-04-27/skjermbilder/s11-landmark-one-main-0-side.png
 create mode 100644 rapporter/2026-04-27/skjermbilder/s11-region-1-element.png
 create mode 100644 rapporter/2026-04-27/skjermbilder/s11-region-1-side.png
 create mode 100644 rapporter/2026-04-27/skjermbilder/s12-landmark-one-main-0-element.png
 create mode 100644 rapporter/2026-04-27/skjermbilder/s12-landmark-one-main-0-side.png
 create mode 100644 rapporter/2026-04-27/skjermbilder/s12-region-1-element.png
 create mode 100644 rapporter/2026-04-27/skjermbilder/s12-region-1-side.png
 create mode 100644 rapporter/2026-04-27/skjermbilder/s13-landmark-one-main-0-element.png
 create mode 100644 rapporter/2026-04-27/skjermbilder/s13-landmark-one-main-0-side.png
 create mode 100644 rapporter/2026-04-27/skjermbilder/s13-region-1-element.png
 create mode 100644 rapporter/2026-04-27/skjermbilder/s13-region-1-side.png
 create mode 100644 rapporter/2026-04-27/skjermbilder/s14-landmark-one-main-0-element.png
 create mode 100644 rapporter/2026-04-27/skjermbilder/s14-landmark-one-main-0-side.png
 create mode 100644 rapporter/2026-04-27/skjermbilder/s14-region-1-element.png
 create mode 100644 rapporter/2026-04-27/skjermbilder/s14-region-1-side.png
 create mode 100644 rapporter/2026-04-27/skjermbilder/s15-landmark-one-main-0-element.png
 create mode 100644 rapporter/2026-04-27/skjermbilder/s15-landmark-one-main-0-side.png
 create mode 100644 rapporter/2026-04-27/skjermbilder/s15-region-1-element.png
 create mode 100644 rapporter/2026-04-27/skjermbilder/s15-region-1-side.png
 create mode 100644 rapporter/2026-04-27/skjermbilder/s16-landmark-one-main-0-element.png
 create mode 100644 rapporter/2026-04-27/skjermbilder/s16-landmark-one-main-0-side.png
 create mode 100644 rapporter/2026-04-27/skjermbilder/s16-region-1-element.png
 create mode 100644 rapporter/2026-04-27/skjermbilder/s16-region-1-side.png
 create mode 100644 rapporter/2026-04-27/skjermbilder/s17-doede-lenker-side.png
 create mode 100644 rapporter/2026-04-27/skjermbilder/s3-doede-lenker-side.png
 create mode 100644 rapporter/2026-04-27/skjermbilder/s9-landmark-one-main-0-element.png
 create mode 100644 rapporter/2026-04-27/skjermbilder/s9-landmark-one-main-0-side.png
 create mode 100644 rapporter/2026-04-27/skjermbilder/s9-region-1-element.png
 create mode 100644 rapporter/2026-04-27/skjermbilder/s9-region-1-side.png
 create mode 100644 rapporter/2026-04-27/uu-rapport-08-30.html
[main 349466e] Daglig UU-rapport 2026-04-28 [skip ci]
 153 files changed, 25330 insertions(+), 286 deletions(-)
 create mode 100644 docs/arkiv/2026-04-28/monkey-rapport-08-30.html
 create mode 100644 docs/arkiv/2026-04-28/monkey-rapport.html
 create mode 100644 docs/arkiv/2026-04-28/negativ-rapport-08-30.html
 create mode 100644 docs/arkiv/2026-04-28/negativ-rapport.html
 create mode 100644 docs/arkiv/2026-04-28/sikkerhet-rapport-08-30.html
 create mode 100644 docs/arkiv/2026-04-28/sikkerhet-rapport.html
 create mode 100644 docs/arkiv/2026-04-28/skjermbilder-monkey/monkey-pre-submit-1.png
 create mode 100644 docs/arkiv/2026-04-28/skjermbilder-monkey/monkey-pre-submit-2.png
 create mode 100644 docs/arkiv/2026-04-28/skjermbilder-monkey/monkey-pre-submit-3.png
 create mode 100644 docs/arkiv/2026-04-28/skjermbilder-monkey/monkey-pre-submit-4.png
 create mode 100644 docs/arkiv/2026-04-28/skjermbilder-monkey/monkey-pre-submit-5.png
 create mode 100644 docs/arkiv/2026-04-28/skjermbilder-monkey/monkey-pre-submit-6.png
 create mode 100644 docs/arkiv/2026-04-28/skjermbilder-monkey/monkey-pre-submit-7.png
 create mode 100644 docs/arkiv/2026-04-28/skjermbilder-negativ/negativ-mobil-5.png
 create mode 100644 docs/arkiv/2026-04-28/skjermbilder-negativ/negativ-url-ingen-feilside-1.png
 create mode 100644 docs/arkiv/2026-04-28/skjermbilder-negativ/negativ-url-ingen-feilside-2.png
 create mode 100644 docs/arkiv/2026-04-28/skjermbilder-negativ/negativ-url-ingen-feilside-3.png
 create mode 100644 docs/arkiv/2026-04-28/skjermbilder-negativ/negativ-url-ingen-feilside-4.png
 create mode 100644 docs/arkiv/2026-04-28/skjermbilder/s10-landmark-one-main-0-element.png
 create mode 100644 docs/arkiv/2026-04-28/skjermbilder/s10-landmark-one-main-0-side.png
 create mode 100644 docs/arkiv/2026-04-28/skjermbilder/s10-region-1-element.png
 create mode 100644 docs/arkiv/2026-04-28/skjermbilder/s10-region-1-side.png
 create mode 100644 docs/arkiv/2026-04-28/skjermbilder/s11-landmark-one-main-0-element.png
 create mode 100644 docs/arkiv/2026-04-28/skjermbilder/s11-landmark-one-main-0-side.png
 create mode 100644 docs/arkiv/2026-04-28/skjermbilder/s11-region-1-element.png
 create mode 100644 docs/arkiv/2026-04-28/skjermbilder/s11-region-1-side.png
 create mode 100644 docs/arkiv/2026-04-28/skjermbilder/s12-landmark-one-main-0-element.png
 create mode 100644 docs/arkiv/2026-04-28/skjermbilder/s12-landmark-one-main-0-side.png
 create mode 100644 docs/arkiv/2026-04-28/skjermbilder/s12-region-1-element.png
 create mode 100644 docs/arkiv/2026-04-28/skjermbilder/s12-region-1-side.png
 create mode 100644 docs/arkiv/2026-04-28/skjermbilder/s13-landmark-one-main-0-element.png
 create mode 100644 docs/arkiv/2026-04-28/skjermbilder/s13-landmark-one-main-0-side.png
 create mode 100644 docs/arkiv/2026-04-28/skjermbilder/s13-region-1-element.png
 create mode 100644 docs/arkiv/2026-04-28/skjermbilder/s13-region-1-side.png
 create mode 100644 docs/arkiv/2026-04-28/skjermbilder/s14-landmark-one-main-0-element.png
 create mode 100644 docs/arkiv/2026-04-28/skjermbilder/s14-landmark-one-main-0-side.png
 create mode 100644 docs/arkiv/2026-04-28/skjermbilder/s14-region-1-element.png
 create mode 100644 docs/arkiv/2026-04-28/skjermbilder/s14-region-1-side.png
 create mode 100644 docs/arkiv/2026-04-28/skjermbilder/s15-landmark-one-main-0-element.png
 create mode 100644 docs/arkiv/2026-04-28/skjermbilder/s15-landmark-one-main-0-side.png
 create mode 100644 docs/arkiv/2026-04-28/skjermbilder/s15-region-1-element.png
 create mode 100644 docs/arkiv/2026-04-28/skjermbilder/s15-region-1-side.png
 create mode 100644 docs/arkiv/2026-04-28/skjermbilder/s16-landmark-one-main-0-element.png
 create mode 100644 docs/arkiv/2026-04-28/skjermbilder/s16-landmark-one-main-0-side.png
 create mode 100644 docs/arkiv/2026-04-28/skjermbilder/s16-region-1-element.png
 create mode 100644 docs/arkiv/2026-04-28/skjermbilder/s16-region-1-side.png
 create mode 100644 docs/arkiv/2026-04-28/skjermbilder/s17-doede-lenker-side.png
 create mode 100644 docs/arkiv/2026-04-28/skjermbilder/s2-page-has-heading-one-0-element.png
 create mode 100644 docs/arkiv/2026-04-28/skjermbilder/s2-page-has-heading-one-0-side.png
 create mode 100644 docs/arkiv/2026-04-28/skjermbilder/s3-doede-lenker-side.png
 create mode 100644 docs/arkiv/2026-04-28/skjermbilder/s4-doede-lenker-side.png
 create mode 100644 docs/arkiv/2026-04-28/skjermbilder/s5-doede-lenker-side.png
 create mode 100644 docs/arkiv/2026-04-28/skjermbilder/s6-doede-lenker-side.png
 create mode 100644 docs/arkiv/2026-04-28/skjermbilder/s7-doede-lenker-side.png
 create mode 100644 docs/arkiv/2026-04-28/skjermbilder/s8-doede-lenker-side.png
 create mode 100644 docs/arkiv/2026-04-28/skjermbilder/s9-landmark-one-main-0-element.png
 create mode 100644 docs/arkiv/2026-04-28/skjermbilder/s9-landmark-one-main-0-side.png
 create mode 100644 docs/arkiv/2026-04-28/skjermbilder/s9-region-1-element.png
 create mode 100644 docs/arkiv/2026-04-28/skjermbilder/s9-region-1-side.png
 create mode 100644 docs/arkiv/2026-04-28/uu-rapport-08-30.html
 create mode 100644 docs/arkiv/2026-04-28/uu-rapport.html
 create mode 100644 docs/arkiv/2026-04-28/ytelse-rapport.html
 create mode 100644 rapporter/2026-04-28/monkey-rapport-08-30.html
 create mode 100644 rapporter/2026-04-28/monkey-rapport.html
 create mode 100644 rapporter/2026-04-28/monkey-resultat-08-30.json
 create mode 100644 rapporter/2026-04-28/monkey-resultat.json
 create mode 100644 rapporter/2026-04-28/negativ-rapport-08-30.html
 create mode 100644 rapporter/2026-04-28/negativ-rapport.html
 create mode 100644 rapporter/2026-04-28/negativ-resultat-08-30.json
 create mode 100644 rapporter/2026-04-28/negativ-resultat.json
 create mode 100644 rapporter/2026-04-28/resultat-08-30.json
 create mode 100644 rapporter/2026-04-28/resultat.json
 create mode 100644 rapporter/2026-04-28/sikkerhet-rapport-08-30.html
 create mode 100644 rapporter/2026-04-28/sikkerhet-rapport.html
 create mode 100644 rapporter/2026-04-28/sikkerhet-resultat-08-30.json
 create mode 100644 rapporter/2026-04-28/sikkerhet-resultat.json
 create mode 100644 rapporter/2026-04-28/skjermbilder-monkey/monkey-pre-submit-1.png
 create mode 100644 rapporter/2026-04-28/skjermbilder-monkey/monkey-pre-submit-2.png
 create mode 100644 rapporter/2026-04-28/skjermbilder-monkey/monkey-pre-submit-3.png
 create mode 100644 rapporter/2026-04-28/skjermbilder-monkey/monkey-pre-submit-4.png
 create mode 100644 rapporter/2026-04-28/skjermbilder-monkey/monkey-pre-submit-5.png
 create mode 100644 rapporter/2026-04-28/skjermbilder-monkey/monkey-pre-submit-6.png
 create mode 100644 rapporter/2026-04-28/skjermbilder-monkey/monkey-pre-submit-7.png
 create mode 100644 rapporter/2026-04-28/skjermbilder-negativ/negativ-mobil-5.png
 create mode 100644 rapporter/2026-04-28/skjermbilder-negativ/negativ-url-ingen-feilside-1.png
 create mode 100644 rapporter/2026-04-28/skjermbilder-negativ/negativ-url-ingen-feilside-2.png
 create mode 100644 rapporter/2026-04-28/skjermbilder-negativ/negativ-url-ingen-feilside-3.png
 create mode 100644 rapporter/2026-04-28/skjermbilder-negativ/negativ-url-ingen-feilside-4.png
 create mode 100644 rapporter/2026-04-28/skjermbilder/s10-landmark-one-main-0-element.png
 create mode 100644 rapporter/2026-04-28/skjermbilder/s10-landmark-one-main-0-side.png
 create mode 100644 rapporter/2026-04-28/skjermbilder/s10-region-1-element.png
 create mode 100644 rapporter/2026-04-28/skjermbilder/s10-region-1-side.png
 create mode 100644 rapporter/2026-04-28/skjermbilder/s11-landmark-one-main-0-element.png
 create mode 100644 rapporter/2026-04-28/skjermbilder/s11-landmark-one-main-0-side.png
 create mode 100644 rapporter/2026-04-28/skjermbilder/s11-region-1-element.png
 create mode 100644 rapporter/2026-04-28/skjermbilder/s11-region-1-side.png
 create mode 100644 rapporter/2026-04-28/skjermbilder/s12-landmark-one-main-0-element.png
 create mode 100644 rapporter/2026-04-28/skjermbilder/s12-landmark-one-main-0-side.png
 create mode 100644 rapporter/2026-04-28/skjermbilder/s12-region-1-element.png
 create mode 100644 rapporter/2026-04-28/skjermbilder/s12-region-1-side.png
 create mode 100644 rapporter/2026-04-28/skjermbilder/s13-landmark-one-main-0-element.png
 create mode 100644 rapporter/2026-04-28/skjermbilder/s13-landmark-one-main-0-side.png
 create mode 100644 rapporter/2026-04-28/skjermbilder/s13-region-1-element.png
 create mode 100644 rapporter/2026-04-28/skjermbilder/s13-region-1-side.png
 create mode 100644 rapporter/2026-04-28/skjermbilder/s14-landmark-one-main-0-element.png
 create mode 100644 rapporter/2026-04-28/skjermbilder/s14-landmark-one-main-0-side.png
 create mode 100644 rapporter/2026-04-28/skjermbilder/s14-region-1-element.png
 create mode 100644 rapporter/2026-04-28/skjermbilder/s14-region-1-side.png
 create mode 100644 rapporter/2026-04-28/skjermbilder/s15-landmark-one-main-0-element.png
 create mode 100644 rapporter/2026-04-28/skjermbilder/s15-landmark-one-main-0-side.png
 create mode 100644 rapporter/2026-04-28/skjermbilder/s15-region-1-element.png
 create mode 100644 rapporter/2026-04-28/skjermbilder/s15-region-1-side.png
 create mode 100644 rapporter/2026-04-28/skjermbilder/s16-landmark-one-main-0-element.png
 create mode 100644 rapporter/2026-04-28/skjermbilder/s16-landmark-one-main-0-side.png
 create mode 100644 rapporter/2026-04-28/skjermbilder/s16-region-1-element.png
 create mode 100644 rapporter/2026-04-28/skjermbilder/s16-region-1-side.png
 create mode 100644 rapporter/2026-04-28/skjermbilder/s17-doede-lenker-side.png
 create mode 100644 rapporter/2026-04-28/skjermbilder/s2-page-has-heading-one-0-element.png
 create mode 100644 rapporter/2026-04-28/skjermbilder/s2-page-has-heading-one-0-side.png
 create mode 100644 rapporter/2026-04-28/skjermbilder/s3-doede-lenker-side.png
 create mode 100644 rapporter/2026-04-28/skjermbilder/s4-doede-lenker-side.png
 create mode 100644 rapporter/2026-04-28/skjermbilder/s5-doede-lenker-side.png
 create mode 100644 rapporter/2026-04-28/skjermbilder/s6-doede-lenker-side.png
 create mode 100644 rapporter/2026-04-28/skjermbilder/s7-doede-lenker-side.png
 create mode 100644 rapporter/2026-04-28/skjermbilder/s8-doede-lenker-side.png
 create mode 100644 rapporter/2026-04-28/skjermbilder/s9-landmark-one-main-0-element.png
 create mode 100644 rapporter/2026-04-28/skjermbilder/s9-landmark-one-main-0-side.png
 create mode 100644 rapporter/2026-04-28/skjermbilder/s9-region-1-element.png
 create mode 100644 rapporter/2026-04-28/skjermbilder/s9-region-1-side.png
 create mode 100644 rapporter/2026-04-28/uu-rapport-08-30.html
 create mode 100644 rapporter/2026-04-28/uu-rapport.html
 create mode 100644 rapporter/2026-04-28/ytelse-rapport.html
 create mode 100644 rapporter/2026-04-28/ytelse-resultat.json
[main 5c5017e] Daglig UU-rapport 2026-04-30 [skip ci]
 157 files changed, 25641 insertions(+), 315 deletions(-)
 create mode 100644 docs/arkiv/2026-04-30/monkey-rapport-08-30.html
 create mode 100644 docs/arkiv/2026-04-30/monkey-rapport.html
 create mode 100644 docs/arkiv/2026-04-30/negativ-rapport-08-30.html
 create mode 100644 docs/arkiv/2026-04-30/negativ-rapport.html
 create mode 100644 docs/arkiv/2026-04-30/sikkerhet-rapport-08-30.html
 create mode 100644 docs/arkiv/2026-04-30/sikkerhet-rapport.html
 create mode 100644 docs/arkiv/2026-04-30/skjermbilder-monkey/monkey-pre-submit-1.png
 create mode 100644 docs/arkiv/2026-04-30/skjermbilder-monkey/monkey-pre-submit-2.png
 create mode 100644 docs/arkiv/2026-04-30/skjermbilder-monkey/monkey-pre-submit-3.png
 create mode 100644 docs/arkiv/2026-04-30/skjermbilder-monkey/monkey-pre-submit-4.png
 create mode 100644 docs/arkiv/2026-04-30/skjermbilder-monkey/monkey-pre-submit-5.png
 create mode 100644 docs/arkiv/2026-04-30/skjermbilder-monkey/monkey-pre-submit-6.png
 create mode 100644 docs/arkiv/2026-04-30/skjermbilder-monkey/monkey-pre-submit-7.png
 create mode 100644 docs/arkiv/2026-04-30/skjermbilder-monkey/monkey-pre-submit-8.png
 create mode 100644 docs/arkiv/2026-04-30/skjermbilder-negativ/negativ-mobil-5.png
 create mode 100644 docs/arkiv/2026-04-30/skjermbilder-negativ/negativ-url-ingen-feilside-1.png
 create mode 100644 docs/arkiv/2026-04-30/skjermbilder-negativ/negativ-url-ingen-feilside-2.png
 create mode 100644 docs/arkiv/2026-04-30/skjermbilder-negativ/negativ-url-ingen-feilside-3.png
 create mode 100644 docs/arkiv/2026-04-30/skjermbilder-negativ/negativ-url-ingen-feilside-4.png
 create mode 100644 docs/arkiv/2026-04-30/skjermbilder/s10-landmark-one-main-0-element.png
 create mode 100644 docs/arkiv/2026-04-30/skjermbilder/s10-landmark-one-main-0-side.png
 create mode 100644 docs/arkiv/2026-04-30/skjermbilder/s10-region-1-element.png
 create mode 100644 docs/arkiv/2026-04-30/skjermbilder/s10-region-1-side.png
 create mode 100644 docs/arkiv/2026-04-30/skjermbilder/s11-landmark-one-main-0-element.png
 create mode 100644 docs/arkiv/2026-04-30/skjermbilder/s11-landmark-one-main-0-side.png
 create mode 100644 docs/arkiv/2026-04-30/skjermbilder/s11-region-1-element.png
 create mode 100644 docs/arkiv/2026-04-30/skjermbilder/s11-region-1-side.png
 create mode 100644 docs/arkiv/2026-04-30/skjermbilder/s12-landmark-one-main-0-element.png
 create mode 100644 docs/arkiv/2026-04-30/skjermbilder/s12-landmark-one-main-0-side.png
 create mode 100644 docs/arkiv/2026-04-30/skjermbilder/s12-region-1-element.png
 create mode 100644 docs/arkiv/2026-04-30/skjermbilder/s12-region-1-side.png
 create mode 100644 docs/arkiv/2026-04-30/skjermbilder/s13-landmark-one-main-0-element.png
 create mode 100644 docs/arkiv/2026-04-30/skjermbilder/s13-landmark-one-main-0-side.png
 create mode 100644 docs/arkiv/2026-04-30/skjermbilder/s13-region-1-element.png
 create mode 100644 docs/arkiv/2026-04-30/skjermbilder/s13-region-1-side.png
 create mode 100644 docs/arkiv/2026-04-30/skjermbilder/s14-landmark-one-main-0-element.png
 create mode 100644 docs/arkiv/2026-04-30/skjermbilder/s14-landmark-one-main-0-side.png
 create mode 100644 docs/arkiv/2026-04-30/skjermbilder/s14-region-1-element.png
 create mode 100644 docs/arkiv/2026-04-30/skjermbilder/s14-region-1-side.png
 create mode 100644 docs/arkiv/2026-04-30/skjermbilder/s15-landmark-one-main-0-element.png
 create mode 100644 docs/arkiv/2026-04-30/skjermbilder/s15-landmark-one-main-0-side.png
 create mode 100644 docs/arkiv/2026-04-30/skjermbilder/s15-region-1-element.png
 create mode 100644 docs/arkiv/2026-04-30/skjermbilder/s15-region-1-side.png
 create mode 100644 docs/arkiv/2026-04-30/skjermbilder/s16-landmark-one-main-0-element.png
 create mode 100644 docs/arkiv/2026-04-30/skjermbilder/s16-landmark-one-main-0-side.png
 create mode 100644 docs/arkiv/2026-04-30/skjermbilder/s16-region-1-element.png
 create mode 100644 docs/arkiv/2026-04-30/skjermbilder/s16-region-1-side.png
 create mode 100644 docs/arkiv/2026-04-30/skjermbilder/s17-doede-lenker-side.png
 create mode 100644 docs/arkiv/2026-04-30/skjermbilder/s2-page-has-heading-one-0-element.png
 create mode 100644 docs/arkiv/2026-04-30/skjermbilder/s2-page-has-heading-one-0-side.png
 create mode 100644 docs/arkiv/2026-04-30/skjermbilder/s3-doede-lenker-side.png
 create mode 100644 docs/arkiv/2026-04-30/skjermbilder/s4-doede-lenker-side.png
 create mode 100644 docs/arkiv/2026-04-30/skjermbilder/s5-doede-lenker-side.png
 create mode 100644 docs/arkiv/2026-04-30/skjermbilder/s6-doede-lenker-side.png
 create mode 100644 docs/arkiv/2026-04-30/skjermbilder/s7-doede-lenker-side.png
 create mode 100644 docs/arkiv/2026-04-30/skjermbilder/s8-doede-lenker-side.png
 create mode 100644 docs/arkiv/2026-04-30/skjermbilder/s9-landmark-one-main-0-element.png
 create mode 100644 docs/arkiv/2026-04-30/skjermbilder/s9-landmark-one-main-0-side.png
 create mode 100644 docs/arkiv/2026-04-30/skjermbilder/s9-region-1-element.png
 create mode 100644 docs/arkiv/2026-04-30/skjermbilder/s9-region-1-side.png
 create mode 100644 docs/arkiv/2026-04-30/uu-rapport-08-30.html
 create mode 100644 docs/arkiv/2026-04-30/uu-rapport.html
 create mode 100644 docs/arkiv/2026-04-30/ytelse-rapport.html
 create mode 100644 rapporter/2026-04-30/monkey-rapport-08-30.html
 create mode 100644 rapporter/2026-04-30/monkey-rapport.html
 create mode 100644 rapporter/2026-04-30/monkey-resultat-08-30.json
 create mode 100644 rapporter/2026-04-30/monkey-resultat.json
 create mode 100644 rapporter/2026-04-30/negativ-rapport-08-30.html
 create mode 100644 rapporter/2026-04-30/negativ-rapport.html
 create mode 100644 rapporter/2026-04-30/negativ-resultat-08-30.json
 create mode 100644 rapporter/2026-04-30/negativ-resultat.json
 create mode 100644 rapporter/2026-04-30/resultat-08-30.json
 create mode 100644 rapporter/2026-04-30/resultat.json
 create mode 100644 rapporter/2026-04-30/sikkerhet-rapport-08-30.html
 create mode 100644 rapporter/2026-04-30/sikkerhet-rapport.html
 create mode 100644 rapporter/2026-04-30/sikkerhet-resultat-08-30.json
 create mode 100644 rapporter/2026-04-30/sikkerhet-resultat.json
 create mode 100644 rapporter/2026-04-30/skjermbilder-monkey/monkey-pre-submit-1.png
 create mode 100644 rapporter/2026-04-30/skjermbilder-monkey/monkey-pre-submit-2.png
 create mode 100644 rapporter/2026-04-30/skjermbilder-monkey/monkey-pre-submit-3.png
 create mode 100644 rapporter/2026-04-30/skjermbilder-monkey/monkey-pre-submit-4.png
 create mode 100644 rapporter/2026-04-30/skjermbilder-monkey/monkey-pre-submit-5.png
 create mode 100644 rapporter/2026-04-30/skjermbilder-monkey/monkey-pre-submit-6.png
 create mode 100644 rapporter/2026-04-30/skjermbilder-monkey/monkey-pre-submit-7.png
 create mode 100644 rapporter/2026-04-30/skjermbilder-monkey/monkey-pre-submit-8.png
 create mode 100644 rapporter/2026-04-30/skjermbilder-negativ/negativ-mobil-5.png
 create mode 100644 rapporter/2026-04-30/skjermbilder-negativ/negativ-url-ingen-feilside-1.png
 create mode 100644 rapporter/2026-04-30/skjermbilder-negativ/negativ-url-ingen-feilside-2.png
 create mode 100644 rapporter/2026-04-30/skjermbilder-negativ/negativ-url-ingen-feilside-3.png
 create mode 100644 rapporter/2026-04-30/skjermbilder-negativ/negativ-url-ingen-feilside-4.png
 create mode 100644 rapporter/2026-04-30/skjermbilder/s10-landmark-one-main-0-element.png
 create mode 100644 rapporter/2026-04-30/skjermbilder/s10-landmark-one-main-0-side.png
 create mode 100644 rapporter/2026-04-30/skjermbilder/s10-region-1-element.png
 create mode 100644 rapporter/2026-04-30/skjermbilder/s10-region-1-side.png
 create mode 100644 rapporter/2026-04-30/skjermbilder/s11-landmark-one-main-0-element.png
 create mode 100644 rapporter/2026-04-30/skjermbilder/s11-landmark-one-main-0-side.png
 create mode 100644 rapporter/2026-04-30/skjermbilder/s11-region-1-element.png
 create mode 100644 rapporter/2026-04-30/skjermbilder/s11-region-1-side.png
 create mode 100644 rapporter/2026-04-30/skjermbilder/s12-landmark-one-main-0-element.png
 create mode 100644 rapporter/2026-04-30/skjermbilder/s12-landmark-one-main-0-side.png
 create mode 100644 rapporter/2026-04-30/skjermbilder/s12-region-1-element.png
 create mode 100644 rapporter/2026-04-30/skjermbilder/s12-region-1-side.png
 create mode 100644 rapporter/2026-04-30/skjermbilder/s13-landmark-one-main-0-element.png
 create mode 100644 rapporter/2026-04-30/skjermbilder/s13-landmark-one-main-0-side.png
 create mode 100644 rapporter/2026-04-30/skjermbilder/s13-region-1-element.png
 create mode 100644 rapporter/2026-04-30/skjermbilder/s13-region-1-side.png
 create mode 100644 rapporter/2026-04-30/skjermbilder/s14-landmark-one-main-0-element.png
 create mode 100644 rapporter/2026-04-30/skjermbilder/s14-landmark-one-main-0-side.png
 create mode 100644 rapporter/2026-04-30/skjermbilder/s14-region-1-element.png
 create mode 100644 rapporter/2026-04-30/skjermbilder/s14-region-1-side.png
 create mode 100644 rapporter/2026-04-30/skjermbilder/s15-landmark-one-main-0-element.png
 create mode 100644 rapporter/2026-04-30/skjermbilder/s15-landmark-one-main-0-side.png
 create mode 100644 rapporter/2026-04-30/skjermbilder/s15-region-1-element.png
 create mode 100644 rapporter/2026-04-30/skjermbilder/s15-region-1-side.png
 create mode 100644 rapporter/2026-04-30/skjermbilder/s16-landmark-one-main-0-element.png
 create mode 100644 rapporter/2026-04-30/skjermbilder/s16-landmark-one-main-0-side.png
 create mode 100644 rapporter/2026-04-30/skjermbilder/s16-region-1-element.png
 create mode 100644 rapporter/2026-04-30/skjermbilder/s16-region-1-side.png
 create mode 100644 rapporter/2026-04-30/skjermbilder/s17-doede-lenker-side.png
 create mode 100644 rapporter/2026-04-30/skjermbilder/s2-page-has-heading-one-0-element.png
 create mode 100644 rapporter/2026-04-30/skjermbilder/s2-page-has-heading-one-0-side.png
 create mode 100644 rapporter/2026-04-30/skjermbilder/s3-doede-lenker-side.png
 create mode 100644 rapporter/2026-04-30/skjermbilder/s4-doede-lenker-side.png
 create mode 100644 rapporter/2026-04-30/skjermbilder/s5-doede-lenker-side.png
 create mode 100644 rapporter/2026-04-30/skjermbilder/s6-doede-lenker-side.png
 create mode 100644 rapporter/2026-04-30/skjermbilder/s7-doede-lenker-side.png
 create mode 100644 rapporter/2026-04-30/skjermbilder/s8-doede-lenker-side.png
 create mode 100644 rapporter/2026-04-30/skjermbilder/s9-landmark-one-main-0-element.png
 create mode 100644 rapporter/2026-04-30/skjermbilder/s9-landmark-one-main-0-side.png
 create mode 100644 rapporter/2026-04-30/skjermbilder/s9-region-1-element.png
 create mode 100644 rapporter/2026-04-30/skjermbilder/s9-region-1-side.png
 create mode 100644 rapporter/2026-04-30/uu-rapport-08-30.html
 create mode 100644 rapporter/2026-04-30/uu-rapport.html
 create mode 100644 rapporter/2026-04-30/ytelse-rapport.html
 create mode 100644 rapporter/2026-04-30/ytelse-resultat.json
[main 6ba74b5] Daglig UU-rapport 2026-05-04 [skip ci]
 68 files changed, 11782 insertions(+), 545 deletions(-)
 create mode 100644 docs/arkiv/2026-05-04/monkey-rapport-08-30.html
 create mode 100644 docs/arkiv/2026-05-04/negativ-rapport-08-30.html
 create mode 100644 docs/arkiv/2026-05-04/sikkerhet-rapport-08-30.html
 create mode 100644 docs/arkiv/2026-05-04/skjermbilder-monkey/monkey-feilside-6.png
 create mode 100644 docs/arkiv/2026-05-04/skjermbilder-monkey/monkey-pre-submit-10.png
 create mode 100644 docs/arkiv/2026-05-04/skjermbilder-monkey/monkey-pre-submit-5.png
 create mode 100644 docs/arkiv/2026-05-04/skjermbilder-monkey/monkey-pre-submit-7.png
 create mode 100644 docs/arkiv/2026-05-04/skjermbilder-monkey/monkey-pre-submit-8.png
 create mode 100644 docs/arkiv/2026-05-04/skjermbilder-monkey/monkey-pre-submit-9.png
 create mode 100644 docs/arkiv/2026-05-04/skjermbilder-negativ/negativ-mobil-5.png
 create mode 100644 docs/arkiv/2026-05-04/uu-rapport-08-30.html
 create mode 100644 rapporter/2026-05-04/monkey-rapport-08-30.html
 create mode 100644 rapporter/2026-05-04/monkey-resultat-08-30.json
 create mode 100644 rapporter/2026-05-04/negativ-rapport-08-30.html
 create mode 100644 rapporter/2026-05-04/negativ-resultat-08-30.json
 create mode 100644 rapporter/2026-05-04/resultat-08-30.json
 create mode 100644 rapporter/2026-05-04/sikkerhet-rapport-08-30.html
 create mode 100644 rapporter/2026-05-04/sikkerhet-resultat-08-30.json
 create mode 100644 rapporter/2026-05-04/skjermbilder-monkey/monkey-feilside-6.png
 create mode 100644 rapporter/2026-05-04/skjermbilder-monkey/monkey-pre-submit-10.png
 create mode 100644 rapporter/2026-05-04/skjermbilder-monkey/monkey-pre-submit-5.png
 create mode 100644 rapporter/2026-05-04/skjermbilder-monkey/monkey-pre-submit-7.png
 create mode 100644 rapporter/2026-05-04/skjermbilder-monkey/monkey-pre-submit-8.png
 create mode 100644 rapporter/2026-05-04/skjermbilder-monkey/monkey-pre-submit-9.png
 create mode 100644 rapporter/2026-05-04/skjermbilder-negativ/negativ-mobil-5.png
 create mode 100644 rapporter/2026-05-04/uu-rapport-08-30.html
[main f3a71be] Daglig UU-rapport 2026-05-05 [skip ci]
 87 files changed, 17906 insertions(+), 21833 deletions(-)
 create mode 100644 docs/arkiv/2026-05-05/monkey-rapport-08-30.html
 create mode 100644 docs/arkiv/2026-05-05/negativ-rapport-08-30.html
 create mode 100644 docs/arkiv/2026-05-05/sikkerhet-rapport-08-30.html
 create mode 100644 docs/arkiv/2026-05-05/skjermbilder-monkey/monkey-pre-submit-1.png
 create mode 100644 docs/arkiv/2026-05-05/skjermbilder-monkey/monkey-pre-submit-2.png
 create mode 100644 docs/arkiv/2026-05-05/skjermbilder-negativ/negativ-mobil-7.png
 create mode 100644 docs/arkiv/2026-05-05/skjermbilder-negativ/negativ-reload-krasj-6.png
 create mode 100644 docs/arkiv/2026-05-05/skjermbilder-negativ/negativ-soknad-direkte-krasj-5.png
 create mode 100644 docs/arkiv/2026-05-05/skjermbilder-negativ/negativ-url-ingen-feilside-2.png
 create mode 100644 docs/arkiv/2026-05-05/skjermbilder-negativ/negativ-url-ingen-feilside-3.png
 create mode 100644 docs/arkiv/2026-05-05/skjermbilder-negativ/negativ-url-ingen-feilside-4.png
 create mode 100644 docs/arkiv/2026-05-05/skjermbilder/innlogging-steg-2.png
 create mode 100644 docs/arkiv/2026-05-05/skjermbilder/innlogging-steg-3.png
 create mode 100644 docs/arkiv/2026-05-05/skjermbilder/innlogging-steg-4.png
 create mode 100644 docs/arkiv/2026-05-05/skjermbilder/innlogging-steg-5.png
 create mode 100644 docs/arkiv/2026-05-05/skjermbilder/s10-doede-lenker-side.png
 create mode 100644 docs/arkiv/2026-05-05/skjermbilder/s11-doede-lenker-side.png
 create mode 100644 docs/arkiv/2026-05-05/skjermbilder/s12-doede-lenker-side.png
 create mode 100644 docs/arkiv/2026-05-05/skjermbilder/s13-doede-lenker-side.png
 create mode 100644 docs/arkiv/2026-05-05/skjermbilder/s8-page-has-heading-one-0-element.png
 create mode 100644 docs/arkiv/2026-05-05/skjermbilder/s8-page-has-heading-one-0-side.png
 create mode 100644 docs/arkiv/2026-05-05/skjermbilder/s9-landmark-unique-0-element.png
 create mode 100644 docs/arkiv/2026-05-05/skjermbilder/s9-landmark-unique-0-side.png
 create mode 100644 docs/arkiv/2026-05-05/uu-rapport-08-30.html
 create mode 100644 rapporter/2026-05-05/monkey-rapport-08-30.html
 create mode 100644 rapporter/2026-05-05/monkey-resultat-08-30.json
 create mode 100644 rapporter/2026-05-05/negativ-rapport-08-30.html
 create mode 100644 rapporter/2026-05-05/negativ-resultat-08-30.json
 create mode 100644 rapporter/2026-05-05/resultat-08-30.json
 create mode 100644 rapporter/2026-05-05/sikkerhet-rapport-08-30.html
 create mode 100644 rapporter/2026-05-05/sikkerhet-resultat-08-30.json
 create mode 100644 rapporter/2026-05-05/skjermbilder-monkey/monkey-pre-submit-1.png
 create mode 100644 rapporter/2026-05-05/skjermbilder-monkey/monkey-pre-submit-2.png
 create mode 100644 rapporter/2026-05-05/skjermbilder-negativ/negativ-mobil-7.png
 create mode 100644 rapporter/2026-05-05/skjermbilder-negativ/negativ-reload-krasj-6.png
 create mode 100644 rapporter/2026-05-05/skjermbilder-negativ/negativ-soknad-direkte-krasj-5.png
 create mode 100644 rapporter/2026-05-05/skjermbilder-negativ/negativ-url-ingen-feilside-2.png
 create mode 100644 rapporter/2026-05-05/skjermbilder-negativ/negativ-url-ingen-feilside-3.png
 create mode 100644 rapporter/2026-05-05/skjermbilder-negativ/negativ-url-ingen-feilside-4.png
 create mode 100644 rapporter/2026-05-05/skjermbilder/innlogging-steg-2.png
 create mode 100644 rapporter/2026-05-05/skjermbilder/innlogging-steg-3.png
 create mode 100644 rapporter/2026-05-05/skjermbilder/innlogging-steg-4.png
 create mode 100644 rapporter/2026-05-05/skjermbilder/innlogging-steg-5.png
 create mode 100644 rapporter/2026-05-05/skjermbilder/s10-doede-lenker-side.png
 create mode 100644 rapporter/2026-05-05/skjermbilder/s11-doede-lenker-side.png
 create mode 100644 rapporter/2026-05-05/skjermbilder/s12-doede-lenker-side.png
 create mode 100644 rapporter/2026-05-05/skjermbilder/s13-doede-lenker-side.png
 create mode 100644 rapporter/2026-05-05/skjermbilder/s8-page-has-heading-one-0-element.png
 create mode 100644 rapporter/2026-05-05/skjermbilder/s8-page-has-heading-one-0-side.png
 create mode 100644 rapporter/2026-05-05/skjermbilder/s9-landmark-unique-0-element.png
 create mode 100644 rapporter/2026-05-05/skjermbilder/s9-landmark-unique-0-side.png
 create mode 100644 rapporter/2026-05-05/uu-rapport-08-30.html
[main 520d87a] Daglig UU-rapport 2026-05-06 [skip ci]
 102 files changed, 24109 insertions(+), 495 deletions(-)
 create mode 100644 docs/arkiv/2026-05-06/monkey-rapport-08-30.html
 create mode 100644 docs/arkiv/2026-05-06/monkey-rapport.html
 create mode 100644 docs/arkiv/2026-05-06/negativ-rapport-08-30.html
 create mode 100644 docs/arkiv/2026-05-06/negativ-rapport.html
 create mode 100644 docs/arkiv/2026-05-06/sikkerhet-rapport-08-30.html
 create mode 100644 docs/arkiv/2026-05-06/sikkerhet-rapport.html
 create mode 100644 docs/arkiv/2026-05-06/skjermbilder-monkey/monkey-pre-submit-1.png
 create mode 100644 docs/arkiv/2026-05-06/skjermbilder-monkey/monkey-pre-submit-2.png
 create mode 100644 docs/arkiv/2026-05-06/skjermbilder-monkey/monkey-pre-submit-3.png
 create mode 100644 docs/arkiv/2026-05-06/skjermbilder-monkey/monkey-pre-submit-4.png
 create mode 100644 docs/arkiv/2026-05-06/skjermbilder-monkey/monkey-pre-submit-5.png
 create mode 100644 docs/arkiv/2026-05-06/skjermbilder-negativ/negativ-mobil-7.png
 create mode 100644 docs/arkiv/2026-05-06/skjermbilder-negativ/negativ-reload-krasj-6.png
 create mode 100644 docs/arkiv/2026-05-06/skjermbilder-negativ/negativ-soknad-direkte-krasj-5.png
 create mode 100644 docs/arkiv/2026-05-06/skjermbilder-negativ/negativ-url-ingen-feilside-1.png
 create mode 100644 docs/arkiv/2026-05-06/skjermbilder-negativ/negativ-url-ingen-feilside-2.png
 create mode 100644 docs/arkiv/2026-05-06/skjermbilder-negativ/negativ-url-ingen-feilside-3.png
 create mode 100644 docs/arkiv/2026-05-06/skjermbilder-negativ/negativ-url-ingen-feilside-4.png
 create mode 100644 docs/arkiv/2026-05-06/skjermbilder/innlogging-steg-1.png
 create mode 100644 docs/arkiv/2026-05-06/skjermbilder/innlogging-steg-2.png
 create mode 100644 docs/arkiv/2026-05-06/skjermbilder/innlogging-steg-3.png
 create mode 100644 docs/arkiv/2026-05-06/skjermbilder/innlogging-steg-4.png
 create mode 100644 docs/arkiv/2026-05-06/skjermbilder/innlogging-steg-5.png
 create mode 100644 docs/arkiv/2026-05-06/skjermbilder/s10-landmark-unique-0-element.png
 create mode 100644 docs/arkiv/2026-05-06/skjermbilder/s10-landmark-unique-0-side.png
 create mode 100644 docs/arkiv/2026-05-06/skjermbilder/s11-doede-lenker-side.png
 create mode 100644 docs/arkiv/2026-05-06/skjermbilder/s12-doede-lenker-side.png
 create mode 100644 docs/arkiv/2026-05-06/skjermbilder/s13-doede-lenker-side.png
 create mode 100644 docs/arkiv/2026-05-06/skjermbilder/s14-doede-lenker-side.png
 create mode 100644 docs/arkiv/2026-05-06/skjermbilder/s9-page-has-heading-one-0-element.png
 create mode 100644 docs/arkiv/2026-05-06/skjermbilder/s9-page-has-heading-one-0-side.png
 create mode 100644 docs/arkiv/2026-05-06/uu-rapport-08-30.html
 create mode 100644 docs/arkiv/2026-05-06/uu-rapport.html
 create mode 100644 docs/arkiv/2026-05-06/ytelse-rapport.html
 create mode 100644 docs/skjermbilder/s10-landmark-unique-0-element.png
 create mode 100644 docs/skjermbilder/s10-landmark-unique-0-side.png
 create mode 100644 docs/skjermbilder/s14-doede-lenker-side.png
 create mode 100644 docs/skjermbilder/s9-page-has-heading-one-0-element.png
 create mode 100644 docs/skjermbilder/s9-page-has-heading-one-0-side.png
 create mode 100644 rapporter/2026-05-06/monkey-rapport-08-30.html
 create mode 100644 rapporter/2026-05-06/monkey-rapport.html
 create mode 100644 rapporter/2026-05-06/monkey-resultat-08-30.json
 create mode 100644 rapporter/2026-05-06/monkey-resultat.json
 create mode 100644 rapporter/2026-05-06/negativ-rapport-08-30.html
 create mode 100644 rapporter/2026-05-06/negativ-rapport.html
 create mode 100644 rapporter/2026-05-06/negativ-resultat-08-30.json
 create mode 100644 rapporter/2026-05-06/negativ-resultat.json
 create mode 100644 rapporter/2026-05-06/resultat-08-30.json
 create mode 100644 rapporter/2026-05-06/resultat.json
 create mode 100644 rapporter/2026-05-06/sikkerhet-rapport-08-30.html
 create mode 100644 rapporter/2026-05-06/sikkerhet-rapport.html
 create mode 100644 rapporter/2026-05-06/sikkerhet-resultat-08-30.json
 create mode 100644 rapporter/2026-05-06/sikkerhet-resultat.json
 create mode 100644 rapporter/2026-05-06/skjermbilder-monkey/monkey-pre-submit-1.png
 create mode 100644 rapporter/2026-05-06/skjermbilder-monkey/monkey-pre-submit-2.png
 create mode 100644 rapporter/2026-05-06/skjermbilder-monkey/monkey-pre-submit-3.png
 create mode 100644 rapporter/2026-05-06/skjermbilder-monkey/monkey-pre-submit-4.png
 create mode 100644 rapporter/2026-05-06/skjermbilder-monkey/monkey-pre-submit-5.png
 create mode 100644 rapporter/2026-05-06/skjermbilder-negativ/negativ-mobil-7.png
 create mode 100644 rapporter/2026-05-06/skjermbilder-negativ/negativ-reload-krasj-6.png
 create mode 100644 rapporter/2026-05-06/skjermbilder-negativ/negativ-soknad-direkte-krasj-5.png
 create mode 100644 rapporter/2026-05-06/skjermbilder-negativ/negativ-url-ingen-feilside-1.png
 create mode 100644 rapporter/2026-05-06/skjermbilder-negativ/negativ-url-ingen-feilside-2.png
 create mode 100644 rapporter/2026-05-06/skjermbilder-negativ/negativ-url-ingen-feilside-3.png
 create mode 100644 rapporter/2026-05-06/skjermbilder-negativ/negativ-url-ingen-feilside-4.png
 create mode 100644 rapporter/2026-05-06/skjermbilder/innlogging-steg-1.png
 create mode 100644 rapporter/2026-05-06/skjermbilder/innlogging-steg-2.png
 create mode 100644 rapporter/2026-05-06/skjermbilder/innlogging-steg-3.png
 create mode 100644 rapporter/2026-05-06/skjermbilder/innlogging-steg-4.png
 create mode 100644 rapporter/2026-05-06/skjermbilder/innlogging-steg-5.png
 create mode 100644 rapporter/2026-05-06/skjermbilder/s10-landmark-unique-0-element.png
 create mode 100644 rapporter/2026-05-06/skjermbilder/s10-landmark-unique-0-side.png
 create mode 100644 rapporter/2026-05-06/skjermbilder/s11-doede-lenker-side.png
 create mode 100644 rapporter/2026-05-06/skjermbilder/s12-doede-lenker-side.png
 create mode 100644 rapporter/2026-05-06/skjermbilder/s13-doede-lenker-side.png
 create mode 100644 rapporter/2026-05-06/skjermbilder/s14-doede-lenker-side.png
 create mode 100644 rapporter/2026-05-06/skjermbilder/s9-page-has-heading-one-0-element.png
 create mode 100644 rapporter/2026-05-06/skjermbilder/s9-page-has-heading-one-0-side.png
 create mode 100644 rapporter/2026-05-06/uu-rapport-08-30.html
 create mode 100644 rapporter/2026-05-06/uu-rapport.html
 create mode 100644 rapporter/2026-05-06/ytelse-rapport.html
 create mode 100644 rapporter/2026-05-06/ytelse-resultat.json
[main 8ff02b9] Daglig UU-rapport 2026-05-07 [skip ci]
 46 files changed, 13089 insertions(+), 534 deletions(-)
 create mode 100644 docs/arkiv/2026-05-07/monkey-rapport-08-30.html
 create mode 100644 docs/arkiv/2026-05-07/negativ-rapport-08-31.html
 create mode 100644 docs/arkiv/2026-05-07/sikkerhet-rapport-08-30.html
 create mode 100644 docs/arkiv/2026-05-07/uu-rapport-08-30.html
 create mode 100644 rapporter/2026-05-07/monkey-rapport-08-30.html
 create mode 100644 rapporter/2026-05-07/monkey-resultat-08-30.json
 create mode 100644 rapporter/2026-05-07/negativ-rapport-08-31.html
 create mode 100644 rapporter/2026-05-07/negativ-resultat-08-31.json
 create mode 100644 rapporter/2026-05-07/resultat-08-30.json
 create mode 100644 rapporter/2026-05-07/sikkerhet-rapport-08-30.html
 create mode 100644 rapporter/2026-05-07/sikkerhet-resultat-08-30.json
 create mode 100644 rapporter/2026-05-07/uu-rapport-08-30.html
[main 97185d3] Daglig UU-rapport 2026-05-08 [skip ci]
 111 files changed, 25026 insertions(+), 718 deletions(-)
 create mode 100644 docs/arkiv/2026-05-08/monkey-rapport-08-30.html
 create mode 100644 docs/arkiv/2026-05-08/monkey-rapport.html
 create mode 100644 docs/arkiv/2026-05-08/negativ-rapport-08-31.html
 create mode 100644 docs/arkiv/2026-05-08/negativ-rapport.html
 create mode 100644 docs/arkiv/2026-05-08/sikkerhet-rapport-08-30.html
 create mode 100644 docs/arkiv/2026-05-08/sikkerhet-rapport.html
 create mode 100644 docs/arkiv/2026-05-08/skjermbilder-monkey/monkey-pre-submit-1.png
 create mode 100644 docs/arkiv/2026-05-08/skjermbilder-monkey/monkey-pre-submit-10.png
 create mode 100644 docs/arkiv/2026-05-08/skjermbilder-monkey/monkey-pre-submit-2.png
 create mode 100644 docs/arkiv/2026-05-08/skjermbilder-monkey/monkey-pre-submit-3.png
 create mode 100644 docs/arkiv/2026-05-08/skjermbilder-monkey/monkey-pre-submit-4.png
 create mode 100644 docs/arkiv/2026-05-08/skjermbilder-monkey/monkey-pre-submit-5.png
 create mode 100644 docs/arkiv/2026-05-08/skjermbilder-monkey/monkey-pre-submit-6.png
 create mode 100644 docs/arkiv/2026-05-08/skjermbilder-monkey/monkey-pre-submit-7.png
 create mode 100644 docs/arkiv/2026-05-08/skjermbilder-monkey/monkey-pre-submit-8.png
 create mode 100644 docs/arkiv/2026-05-08/skjermbilder-monkey/monkey-pre-submit-9.png
 create mode 100644 docs/arkiv/2026-05-08/skjermbilder-negativ/negativ-mobil-7.png
 create mode 100644 docs/arkiv/2026-05-08/skjermbilder-negativ/negativ-reload-krasj-6.png
 create mode 100644 docs/arkiv/2026-05-08/skjermbilder-negativ/negativ-soknad-direkte-krasj-5.png
 create mode 100644 docs/arkiv/2026-05-08/skjermbilder-negativ/negativ-url-ingen-feilside-1.png
 create mode 100644 docs/arkiv/2026-05-08/skjermbilder-negativ/negativ-url-ingen-feilside-2.png
 create mode 100644 docs/arkiv/2026-05-08/skjermbilder-negativ/negativ-url-ingen-feilside-3.png
 create mode 100644 docs/arkiv/2026-05-08/skjermbilder-negativ/negativ-url-ingen-feilside-4.png
 create mode 100644 docs/arkiv/2026-05-08/skjermbilder/innlogging-steg-1.png
 create mode 100644 docs/arkiv/2026-05-08/skjermbilder/innlogging-steg-2.png
 create mode 100644 docs/arkiv/2026-05-08/skjermbilder/innlogging-steg-3.png
 create mode 100644 docs/arkiv/2026-05-08/skjermbilder/innlogging-steg-4.png
 create mode 100644 docs/arkiv/2026-05-08/skjermbilder/innlogging-steg-5.png
 create mode 100644 docs/arkiv/2026-05-08/skjermbilder/s10-landmark-unique-0-element.png
 create mode 100644 docs/arkiv/2026-05-08/skjermbilder/s10-landmark-unique-0-side.png
 create mode 100644 docs/arkiv/2026-05-08/skjermbilder/s11-doede-lenker-side.png
 create mode 100644 docs/arkiv/2026-05-08/skjermbilder/s12-doede-lenker-side.png
 create mode 100644 docs/arkiv/2026-05-08/skjermbilder/s13-doede-lenker-side.png
 create mode 100644 docs/arkiv/2026-05-08/skjermbilder/s14-doede-lenker-side.png
 create mode 100644 docs/arkiv/2026-05-08/skjermbilder/s15-doede-lenker-side.png
 create mode 100644 docs/arkiv/2026-05-08/skjermbilder/s9-page-has-heading-one-0-element.png
 create mode 100644 docs/arkiv/2026-05-08/skjermbilder/s9-page-has-heading-one-0-side.png
 create mode 100644 docs/arkiv/2026-05-08/uu-rapport-08-30.html
 create mode 100644 docs/arkiv/2026-05-08/uu-rapport.html
 create mode 100644 docs/arkiv/2026-05-08/ytelse-rapport.html
 create mode 100644 rapporter/2026-05-08/monkey-rapport-08-30.html
 create mode 100644 rapporter/2026-05-08/monkey-rapport.html
 create mode 100644 rapporter/2026-05-08/monkey-resultat-08-30.json
 create mode 100644 rapporter/2026-05-08/monkey-resultat.json
 create mode 100644 rapporter/2026-05-08/negativ-rapport-08-31.html
 create mode 100644 rapporter/2026-05-08/negativ-rapport.html
 create mode 100644 rapporter/2026-05-08/negativ-resultat-08-31.json
 create mode 100644 rapporter/2026-05-08/negativ-resultat.json
 create mode 100644 rapporter/2026-05-08/resultat-08-30.json
 create mode 100644 rapporter/2026-05-08/resultat.json
 create mode 100644 rapporter/2026-05-08/sikkerhet-rapport-08-30.html
 create mode 100644 rapporter/2026-05-08/sikkerhet-rapport.html
 create mode 100644 rapporter/2026-05-08/sikkerhet-resultat-08-30.json
 create mode 100644 rapporter/2026-05-08/sikkerhet-resultat.json
 create mode 100644 rapporter/2026-05-08/skjermbilder-monkey/monkey-pre-submit-1.png
 create mode 100644 rapporter/2026-05-08/skjermbilder-monkey/monkey-pre-submit-10.png
 create mode 100644 rapporter/2026-05-08/skjermbilder-monkey/monkey-pre-submit-2.png
 create mode 100644 rapporter/2026-05-08/skjermbilder-monkey/monkey-pre-submit-3.png
 create mode 100644 rapporter/2026-05-08/skjermbilder-monkey/monkey-pre-submit-4.png
 create mode 100644 rapporter/2026-05-08/skjermbilder-monkey/monkey-pre-submit-5.png
 create mode 100644 rapporter/2026-05-08/skjermbilder-monkey/monkey-pre-submit-6.png
 create mode 100644 rapporter/2026-05-08/skjermbilder-monkey/monkey-pre-submit-7.png
 create mode 100644 rapporter/2026-05-08/skjermbilder-monkey/monkey-pre-submit-8.png
 create mode 100644 rapporter/2026-05-08/skjermbilder-monkey/monkey-pre-submit-9.png
 create mode 100644 rapporter/2026-05-08/skjermbilder-negativ/negativ-mobil-7.png
 create mode 100644 rapporter/2026-05-08/skjermbilder-negativ/negativ-reload-krasj-6.png
 create mode 100644 rapporter/2026-05-08/skjermbilder-negativ/negativ-soknad-direkte-krasj-5.png
 create mode 100644 rapporter/2026-05-08/skjermbilder-negativ/negativ-url-ingen-feilside-1.png
 create mode 100644 rapporter/2026-05-08/skjermbilder-negativ/negativ-url-ingen-feilside-2.png
 create mode 100644 rapporter/2026-05-08/skjermbilder-negativ/negativ-url-ingen-feilside-3.png
 create mode 100644 rapporter/2026-05-08/skjermbilder-negativ/negativ-url-ingen-feilside-4.png
 create mode 100644 rapporter/2026-05-08/skjermbilder/innlogging-steg-1.png
 create mode 100644 rapporter/2026-05-08/skjermbilder/innlogging-steg-2.png
 create mode 100644 rapporter/2026-05-08/skjermbilder/innlogging-steg-3.png
 create mode 100644 rapporter/2026-05-08/skjermbilder/innlogging-steg-4.png
 create mode 100644 rapporter/2026-05-08/skjermbilder/innlogging-steg-5.png
 create mode 100644 rapporter/2026-05-08/skjermbilder/s10-landmark-unique-0-element.png
 create mode 100644 rapporter/2026-05-08/skjermbilder/s10-landmark-unique-0-side.png
 create mode 100644 rapporter/2026-05-08/skjermbilder/s11-doede-lenker-side.png
 create mode 100644 rapporter/2026-05-08/skjermbilder/s12-doede-lenker-side.png
 create mode 100644 rapporter/2026-05-08/skjermbilder/s13-doede-lenker-side.png
 create mode 100644 rapporter/2026-05-08/skjermbilder/s14-doede-lenker-side.png
 create mode 100644 rapporter/2026-05-08/skjermbilder/s15-doede-lenker-side.png
 create mode 100644 rapporter/2026-05-08/skjermbilder/s9-page-has-heading-one-0-element.png
 create mode 100644 rapporter/2026-05-08/skjermbilder/s9-page-has-heading-one-0-side.png
 create mode 100644 rapporter/2026-05-08/uu-rapport-08-30.html
 create mode 100644 rapporter/2026-05-08/uu-rapport.html
 create mode 100644 rapporter/2026-05-08/ytelse-rapport.html
 create mode 100644 rapporter/2026-05-08/ytelse-resultat.json
[main f3d1453] Daglig UU-rapport 2026-05-11 [skip ci]
 90 files changed, 24672 insertions(+), 536 deletions(-)
 create mode 100644 docs/arkiv/2026-05-11/monkey-rapport-08-30.html
 create mode 100644 docs/arkiv/2026-05-11/monkey-rapport.html
 create mode 100644 docs/arkiv/2026-05-11/negativ-rapport-08-30.html
 create mode 100644 docs/arkiv/2026-05-11/negativ-rapport.html
 create mode 100644 docs/arkiv/2026-05-11/sikkerhet-rapport-08-30.html
 create mode 100644 docs/arkiv/2026-05-11/sikkerhet-rapport.html
 create mode 100644 docs/arkiv/2026-05-11/skjermbilder-monkey/monkey-pre-submit-1.png
 create mode 100644 docs/arkiv/2026-05-11/skjermbilder-monkey/monkey-pre-submit-2.png
 create mode 100644 docs/arkiv/2026-05-11/skjermbilder-monkey/monkey-pre-submit-3.png
 create mode 100644 docs/arkiv/2026-05-11/skjermbilder-negativ/negativ-mobil-7.png
 create mode 100644 docs/arkiv/2026-05-11/skjermbilder-negativ/negativ-reload-krasj-6.png
 create mode 100644 docs/arkiv/2026-05-11/skjermbilder-negativ/negativ-soknad-direkte-krasj-5.png
 create mode 100644 docs/arkiv/2026-05-11/skjermbilder-negativ/negativ-url-ingen-feilside-1.png
 create mode 100644 docs/arkiv/2026-05-11/skjermbilder-negativ/negativ-url-ingen-feilside-2.png
 create mode 100644 docs/arkiv/2026-05-11/skjermbilder-negativ/negativ-url-ingen-feilside-3.png
 create mode 100644 docs/arkiv/2026-05-11/skjermbilder-negativ/negativ-url-ingen-feilside-4.png
 create mode 100644 docs/arkiv/2026-05-11/skjermbilder/innlogging-steg-1.png
 create mode 100644 docs/arkiv/2026-05-11/skjermbilder/innlogging-steg-2.png
 create mode 100644 docs/arkiv/2026-05-11/skjermbilder/innlogging-steg-3.png
 create mode 100644 docs/arkiv/2026-05-11/skjermbilder/innlogging-steg-4.png
 create mode 100644 docs/arkiv/2026-05-11/skjermbilder/innlogging-steg-5.png
 create mode 100644 docs/arkiv/2026-05-11/skjermbilder/s10-landmark-unique-0-element.png
 create mode 100644 docs/arkiv/2026-05-11/skjermbilder/s10-landmark-unique-0-side.png
 create mode 100644 docs/arkiv/2026-05-11/skjermbilder/s11-doede-lenker-side.png
 create mode 100644 docs/arkiv/2026-05-11/skjermbilder/s12-doede-lenker-side.png
 create mode 100644 docs/arkiv/2026-05-11/skjermbilder/s13-doede-lenker-side.png
 create mode 100644 docs/arkiv/2026-05-11/skjermbilder/s14-doede-lenker-side.png
 create mode 100644 docs/arkiv/2026-05-11/skjermbilder/s15-doede-lenker-side.png
 create mode 100644 docs/arkiv/2026-05-11/skjermbilder/s9-page-has-heading-one-0-element.png
 create mode 100644 docs/arkiv/2026-05-11/skjermbilder/s9-page-has-heading-one-0-side.png
 create mode 100644 docs/arkiv/2026-05-11/uu-rapport-08-30.html
 create mode 100644 docs/arkiv/2026-05-11/uu-rapport.html
 create mode 100644 docs/arkiv/2026-05-11/ytelse-rapport.html
 create mode 100644 rapporter/2026-05-11/monkey-rapport-08-30.html
 create mode 100644 rapporter/2026-05-11/monkey-rapport.html
 create mode 100644 rapporter/2026-05-11/monkey-resultat-08-30.json
 create mode 100644 rapporter/2026-05-11/monkey-resultat.json
 create mode 100644 rapporter/2026-05-11/negativ-rapport-08-30.html
 create mode 100644 rapporter/2026-05-11/negativ-rapport.html
 create mode 100644 rapporter/2026-05-11/negativ-resultat-08-30.json
 create mode 100644 rapporter/2026-05-11/negativ-resultat.json
 create mode 100644 rapporter/2026-05-11/resultat-08-30.json
 create mode 100644 rapporter/2026-05-11/resultat.json
 create mode 100644 rapporter/2026-05-11/sikkerhet-rapport-08-30.html
 create mode 100644 rapporter/2026-05-11/sikkerhet-rapport.html
 create mode 100644 rapporter/2026-05-11/sikkerhet-resultat-08-30.json
 create mode 100644 rapporter/2026-05-11/sikkerhet-resultat.json
 create mode 100644 rapporter/2026-05-11/skjermbilder-monkey/monkey-pre-submit-1.png
 create mode 100644 rapporter/2026-05-11/skjermbilder-monkey/monkey-pre-submit-2.png
 create mode 100644 rapporter/2026-05-11/skjermbilder-monkey/monkey-pre-submit-3.png
 create mode 100644 rapporter/2026-05-11/skjermbilder-negativ/negativ-mobil-7.png
 create mode 100644 rapporter/2026-05-11/skjermbilder-negativ/negativ-reload-krasj-6.png
 create mode 100644 rapporter/2026-05-11/skjermbilder-negativ/negativ-soknad-direkte-krasj-5.png
 create mode 100644 rapporter/2026-05-11/skjermbilder-negativ/negativ-url-ingen-feilside-1.png
 create mode 100644 rapporter/2026-05-11/skjermbilder-negativ/negativ-url-ingen-feilside-2.png
 create mode 100644 rapporter/2026-05-11/skjermbilder-negativ/negativ-url-ingen-feilside-3.png
 create mode 100644 rapporter/2026-05-11/skjermbilder-negativ/negativ-url-ingen-feilside-4.png
 create mode 100644 rapporter/2026-05-11/skjermbilder/innlogging-steg-1.png
 create mode 100644 rapporter/2026-05-11/skjermbilder/innlogging-steg-2.png
 create mode 100644 rapporter/2026-05-11/skjermbilder/innlogging-steg-3.png
 create mode 100644 rapporter/2026-05-11/skjermbilder/innlogging-steg-4.png
 create mode 100644 rapporter/2026-05-11/skjermbilder/innlogging-steg-5.png
 create mode 100644 rapporter/2026-05-11/skjermbilder/s10-landmark-unique-0-element.png
 create mode 100644 rapporter/2026-05-11/skjermbilder/s10-landmark-unique-0-side.png
 create mode 100644 rapporter/2026-05-11/skjermbilder/s11-doede-lenker-side.png
 create mode 100644 rapporter/2026-05-11/skjermbilder/s12-doede-lenker-side.png
 create mode 100644 rapporter/2026-05-11/skjermbilder/s13-doede-lenker-side.png
 create mode 100644 rapporter/2026-05-11/skjermbilder/s14-doede-lenker-side.png
 create mode 100644 rapporter/2026-05-11/skjermbilder/s15-doede-lenker-side.png
 create mode 100644 rapporter/2026-05-11/skjermbilder/s9-page-has-heading-one-0-element.png
 create mode 100644 rapporter/2026-05-11/skjermbilder/s9-page-has-heading-one-0-side.png
 create mode 100644 rapporter/2026-05-11/uu-rapport-08-30.html
 create mode 100644 rapporter/2026-05-11/uu-rapport.html
 create mode 100644 rapporter/2026-05-11/ytelse-rapport.html
 create mode 100644 rapporter/2026-05-11/ytelse-resultat.json
[main 71c5239] Daglig UU-rapport 2026-05-12 [skip ci]
 122 files changed, 23228 insertions(+), 876 deletions(-)
 create mode 100644 docs/arkiv/2026-05-12/monkey-rapport-08-30.html
 create mode 100644 docs/arkiv/2026-05-12/monkey-rapport.html
 create mode 100644 docs/arkiv/2026-05-12/negativ-rapport-08-30.html
 create mode 100644 docs/arkiv/2026-05-12/negativ-rapport.html
 create mode 100644 docs/arkiv/2026-05-12/sikkerhet-rapport-08-30.html
 create mode 100644 docs/arkiv/2026-05-12/sikkerhet-rapport.html
 create mode 100644 docs/arkiv/2026-05-12/skjermbilder-monkey/monkey-pre-submit-1.png
 create mode 100644 docs/arkiv/2026-05-12/skjermbilder-monkey/monkey-pre-submit-10.png
 create mode 100644 docs/arkiv/2026-05-12/skjermbilder-monkey/monkey-pre-submit-11.png
 create mode 100644 docs/arkiv/2026-05-12/skjermbilder-monkey/monkey-pre-submit-2.png
 create mode 100644 docs/arkiv/2026-05-12/skjermbilder-monkey/monkey-pre-submit-3.png
 create mode 100644 docs/arkiv/2026-05-12/skjermbilder-monkey/monkey-pre-submit-4.png
 create mode 100644 docs/arkiv/2026-05-12/skjermbilder-monkey/monkey-pre-submit-5.png
 create mode 100644 docs/arkiv/2026-05-12/skjermbilder-monkey/monkey-pre-submit-6.png
 create mode 100644 docs/arkiv/2026-05-12/skjermbilder-monkey/monkey-pre-submit-7.png
 create mode 100644 docs/arkiv/2026-05-12/skjermbilder-monkey/monkey-pre-submit-8.png
 create mode 100644 docs/arkiv/2026-05-12/skjermbilder-monkey/monkey-pre-submit-9.png
 create mode 100644 docs/arkiv/2026-05-12/skjermbilder-negativ/negativ-mobil-7.png
 create mode 100644 docs/arkiv/2026-05-12/skjermbilder-negativ/negativ-reload-krasj-6.png
 create mode 100644 docs/arkiv/2026-05-12/skjermbilder-negativ/negativ-soknad-direkte-krasj-5.png
 create mode 100644 docs/arkiv/2026-05-12/skjermbilder-negativ/negativ-url-ingen-feilside-1.png
 create mode 100644 docs/arkiv/2026-05-12/skjermbilder-negativ/negativ-url-ingen-feilside-2.png
 create mode 100644 docs/arkiv/2026-05-12/skjermbilder-negativ/negativ-url-ingen-feilside-3.png
 create mode 100644 docs/arkiv/2026-05-12/skjermbilder-negativ/negativ-url-ingen-feilside-4.png
 create mode 100644 docs/arkiv/2026-05-12/skjermbilder/innlogging-steg-1.png
 create mode 100644 docs/arkiv/2026-05-12/skjermbilder/innlogging-steg-2.png
 create mode 100644 docs/arkiv/2026-05-12/skjermbilder/innlogging-steg-3.png
 create mode 100644 docs/arkiv/2026-05-12/skjermbilder/innlogging-steg-4.png
 create mode 100644 docs/arkiv/2026-05-12/skjermbilder/innlogging-steg-5.png
 create mode 100644 docs/arkiv/2026-05-12/skjermbilder/s10-doede-lenker-side.png
 create mode 100644 docs/arkiv/2026-05-12/skjermbilder/s12-doede-lenker-side.png
 create mode 100644 docs/arkiv/2026-05-12/skjermbilder/s13-doede-lenker-side.png
 create mode 100644 docs/arkiv/2026-05-12/skjermbilder/s14-doede-lenker-side.png
 create mode 100644 docs/arkiv/2026-05-12/skjermbilder/s9-landmark-unique-0-element.png
 create mode 100644 docs/arkiv/2026-05-12/skjermbilder/s9-landmark-unique-0-side.png
 create mode 100644 docs/arkiv/2026-05-12/uu-rapport-08-30.html
 create mode 100644 docs/arkiv/2026-05-12/uu-rapport.html
 create mode 100644 docs/arkiv/2026-05-12/ytelse-rapport.html
 create mode 100644 rapporter/2026-05-12/monkey-rapport-08-30.html
 create mode 100644 rapporter/2026-05-12/monkey-rapport.html
 create mode 100644 rapporter/2026-05-12/monkey-resultat-08-30.json
 create mode 100644 rapporter/2026-05-12/monkey-resultat.json
 create mode 100644 rapporter/2026-05-12/negativ-rapport-08-30.html
 create mode 100644 rapporter/2026-05-12/negativ-rapport.html
 create mode 100644 rapporter/2026-05-12/negativ-resultat-08-30.json
 create mode 100644 rapporter/2026-05-12/negativ-resultat.json
 create mode 100644 rapporter/2026-05-12/resultat-08-30.json
 create mode 100644 rapporter/2026-05-12/resultat.json
 create mode 100644 rapporter/2026-05-12/sikkerhet-rapport-08-30.html
 create mode 100644 rapporter/2026-05-12/sikkerhet-rapport.html
 create mode 100644 rapporter/2026-05-12/sikkerhet-resultat-08-30.json
 create mode 100644 rapporter/2026-05-12/sikkerhet-resultat.json
 create mode 100644 rapporter/2026-05-12/skjermbilder-monkey/monkey-pre-submit-1.png
 create mode 100644 rapporter/2026-05-12/skjermbilder-monkey/monkey-pre-submit-10.png
 create mode 100644 rapporter/2026-05-12/skjermbilder-monkey/monkey-pre-submit-11.png
 create mode 100644 rapporter/2026-05-12/skjermbilder-monkey/monkey-pre-submit-2.png
 create mode 100644 rapporter/2026-05-12/skjermbilder-monkey/monkey-pre-submit-3.png
 create mode 100644 rapporter/2026-05-12/skjermbilder-monkey/monkey-pre-submit-4.png
 create mode 100644 rapporter/2026-05-12/skjermbilder-monkey/monkey-pre-submit-5.png
 create mode 100644 rapporter/2026-05-12/skjermbilder-monkey/monkey-pre-submit-6.png
 create mode 100644 rapporter/2026-05-12/skjermbilder-monkey/monkey-pre-submit-7.png
 create mode 100644 rapporter/2026-05-12/skjermbilder-monkey/monkey-pre-submit-8.png
 create mode 100644 rapporter/2026-05-12/skjermbilder-monkey/monkey-pre-submit-9.png
 create mode 100644 rapporter/2026-05-12/skjermbilder-negativ/negativ-mobil-7.png
 create mode 100644 rapporter/2026-05-12/skjermbilder-negativ/negativ-reload-krasj-6.png
 create mode 100644 rapporter/2026-05-12/skjermbilder-negativ/negativ-soknad-direkte-krasj-5.png
 create mode 100644 rapporter/2026-05-12/skjermbilder-negativ/negativ-url-ingen-feilside-1.png
 create mode 100644 rapporter/2026-05-12/skjermbilder-negativ/negativ-url-ingen-feilside-2.png
 create mode 100644 rapporter/2026-05-12/skjermbilder-negativ/negativ-url-ingen-feilside-3.png
 create mode 100644 rapporter/2026-05-12/skjermbilder-negativ/negativ-url-ingen-feilside-4.png
 create mode 100644 rapporter/2026-05-12/skjermbilder/innlogging-steg-1.png
 create mode 100644 rapporter/2026-05-12/skjermbilder/innlogging-steg-2.png
 create mode 100644 rapporter/2026-05-12/skjermbilder/innlogging-steg-3.png
 create mode 100644 rapporter/2026-05-12/skjermbilder/innlogging-steg-4.png
 create mode 100644 rapporter/2026-05-12/skjermbilder/innlogging-steg-5.png
 create mode 100644 rapporter/2026-05-12/skjermbilder/s10-doede-lenker-side.png
 create mode 100644 rapporter/2026-05-12/skjermbilder/s12-doede-lenker-side.png
 create mode 100644 rapporter/2026-05-12/skjermbilder/s13-doede-lenker-side.png
 create mode 100644 rapporter/2026-05-12/skjermbilder/s14-doede-lenker-side.png
 create mode 100644 rapporter/2026-05-12/skjermbilder/s9-landmark-unique-0-element.png
 create mode 100644 rapporter/2026-05-12/skjermbilder/s9-landmark-unique-0-side.png
 create mode 100644 rapporter/2026-05-12/uu-rapport-08-30.html
 create mode 100644 rapporter/2026-05-12/uu-rapport.html
 create mode 100644 rapporter/2026-05-12/ytelse-rapport.html
 create mode 100644 rapporter/2026-05-12/ytelse-resultat.json
[main ec9a153] Daglig UU-rapport 2026-05-13 [skip ci]
 114 files changed, 24536 insertions(+), 607 deletions(-)
 create mode 100644 docs/arkiv/2026-05-13/monkey-rapport-08-30.html
 create mode 100644 docs/arkiv/2026-05-13/monkey-rapport.html
 create mode 100644 docs/arkiv/2026-05-13/negativ-rapport-08-30.html
 create mode 100644 docs/arkiv/2026-05-13/negativ-rapport.html
 create mode 100644 docs/arkiv/2026-05-13/sikkerhet-rapport-08-30.html
 create mode 100644 docs/arkiv/2026-05-13/sikkerhet-rapport.html
 create mode 100644 docs/arkiv/2026-05-13/skjermbilder-monkey/monkey-pre-submit-1.png
 create mode 100644 docs/arkiv/2026-05-13/skjermbilder-monkey/monkey-pre-submit-10.png
 create mode 100644 docs/arkiv/2026-05-13/skjermbilder-monkey/monkey-pre-submit-11.png
 create mode 100644 docs/arkiv/2026-05-13/skjermbilder-monkey/monkey-pre-submit-2.png
 create mode 100644 docs/arkiv/2026-05-13/skjermbilder-monkey/monkey-pre-submit-3.png
 create mode 100644 docs/arkiv/2026-05-13/skjermbilder-monkey/monkey-pre-submit-4.png
 create mode 100644 docs/arkiv/2026-05-13/skjermbilder-monkey/monkey-pre-submit-5.png
 create mode 100644 docs/arkiv/2026-05-13/skjermbilder-monkey/monkey-pre-submit-6.png
 create mode 100644 docs/arkiv/2026-05-13/skjermbilder-monkey/monkey-pre-submit-7.png
 create mode 100644 docs/arkiv/2026-05-13/skjermbilder-monkey/monkey-pre-submit-8.png
 create mode 100644 docs/arkiv/2026-05-13/skjermbilder-monkey/monkey-pre-submit-9.png
 create mode 100644 docs/arkiv/2026-05-13/skjermbilder-negativ/negativ-mobil-7.png
 create mode 100644 docs/arkiv/2026-05-13/skjermbilder-negativ/negativ-reload-krasj-6.png
 create mode 100644 docs/arkiv/2026-05-13/skjermbilder-negativ/negativ-soknad-direkte-krasj-5.png
 create mode 100644 docs/arkiv/2026-05-13/skjermbilder-negativ/negativ-url-ingen-feilside-1.png
 create mode 100644 docs/arkiv/2026-05-13/skjermbilder-negativ/negativ-url-ingen-feilside-2.png
 create mode 100644 docs/arkiv/2026-05-13/skjermbilder-negativ/negativ-url-ingen-feilside-3.png
 create mode 100644 docs/arkiv/2026-05-13/skjermbilder-negativ/negativ-url-ingen-feilside-4.png
 create mode 100644 docs/arkiv/2026-05-13/skjermbilder/innlogging-steg-1.png
 create mode 100644 docs/arkiv/2026-05-13/skjermbilder/innlogging-steg-2.png
 create mode 100644 docs/arkiv/2026-05-13/skjermbilder/innlogging-steg-3.png
 create mode 100644 docs/arkiv/2026-05-13/skjermbilder/innlogging-steg-4.png
 create mode 100644 docs/arkiv/2026-05-13/skjermbilder/innlogging-steg-5.png
 create mode 100644 docs/arkiv/2026-05-13/skjermbilder/s10-landmark-unique-0-element.png
 create mode 100644 docs/arkiv/2026-05-13/skjermbilder/s10-landmark-unique-0-side.png
 create mode 100644 docs/arkiv/2026-05-13/skjermbilder/s11-doede-lenker-side.png
 create mode 100644 docs/arkiv/2026-05-13/skjermbilder/s13-doede-lenker-side.png
 create mode 100644 docs/arkiv/2026-05-13/skjermbilder/s14-doede-lenker-side.png
 create mode 100644 docs/arkiv/2026-05-13/skjermbilder/s15-doede-lenker-side.png
 create mode 100644 docs/arkiv/2026-05-13/uu-rapport-08-30.html
 create mode 100644 docs/arkiv/2026-05-13/uu-rapport.html
 create mode 100644 docs/arkiv/2026-05-13/ytelse-rapport.html
 create mode 100644 rapporter/2026-05-13/monkey-rapport-08-30.html
 create mode 100644 rapporter/2026-05-13/monkey-rapport.html
 create mode 100644 rapporter/2026-05-13/monkey-resultat-08-30.json
 create mode 100644 rapporter/2026-05-13/monkey-resultat.json
 create mode 100644 rapporter/2026-05-13/negativ-rapport-08-30.html
 create mode 100644 rapporter/2026-05-13/negativ-rapport.html
 create mode 100644 rapporter/2026-05-13/negativ-resultat-08-30.json
 create mode 100644 rapporter/2026-05-13/negativ-resultat.json
 create mode 100644 rapporter/2026-05-13/resultat-08-30.json
 create mode 100644 rapporter/2026-05-13/resultat.json
 create mode 100644 rapporter/2026-05-13/sikkerhet-rapport-08-30.html
 create mode 100644 rapporter/2026-05-13/sikkerhet-rapport.html
 create mode 100644 rapporter/2026-05-13/sikkerhet-resultat-08-30.json
 create mode 100644 rapporter/2026-05-13/sikkerhet-resultat.json
 create mode 100644 rapporter/2026-05-13/skjermbilder-monkey/monkey-pre-submit-1.png
 create mode 100644 rapporter/2026-05-13/skjermbilder-monkey/monkey-pre-submit-10.png
 create mode 100644 rapporter/2026-05-13/skjermbilder-monkey/monkey-pre-submit-11.png
 create mode 100644 rapporter/2026-05-13/skjermbilder-monkey/monkey-pre-submit-2.png
 create mode 100644 rapporter/2026-05-13/skjermbilder-monkey/monkey-pre-submit-3.png
 create mode 100644 rapporter/2026-05-13/skjermbilder-monkey/monkey-pre-submit-4.png
 create mode 100644 rapporter/2026-05-13/skjermbilder-monkey/monkey-pre-submit-5.png
 create mode 100644 rapporter/2026-05-13/skjermbilder-monkey/monkey-pre-submit-6.png
 create mode 100644 rapporter/2026-05-13/skjermbilder-monkey/monkey-pre-submit-7.png
 create mode 100644 rapporter/2026-05-13/skjermbilder-monkey/monkey-pre-submit-8.png
 create mode 100644 rapporter/2026-05-13/skjermbilder-monkey/monkey-pre-submit-9.png
 create mode 100644 rapporter/2026-05-13/skjermbilder-negativ/negativ-mobil-7.png
 create mode 100644 rapporter/2026-05-13/skjermbilder-negativ/negativ-reload-krasj-6.png
 create mode 100644 rapporter/2026-05-13/skjermbilder-negativ/negativ-soknad-direkte-krasj-5.png
 create mode 100644 rapporter/2026-05-13/skjermbilder-negativ/negativ-url-ingen-feilside-1.png
 create mode 100644 rapporter/2026-05-13/skjermbilder-negativ/negativ-url-ingen-feilside-2.png
 create mode 100644 rapporter/2026-05-13/skjermbilder-negativ/negativ-url-ingen-feilside-3.png
 create mode 100644 rapporter/2026-05-13/skjermbilder-negativ/negativ-url-ingen-feilside-4.png
 create mode 100644 rapporter/2026-05-13/skjermbilder/innlogging-steg-1.png
 create mode 100644 rapporter/2026-05-13/skjermbilder/innlogging-steg-2.png
 create mode 100644 rapporter/2026-05-13/skjermbilder/innlogging-steg-3.png
 create mode 100644 rapporter/2026-05-13/skjermbilder/innlogging-steg-4.png
 create mode 100644 rapporter/2026-05-13/skjermbilder/innlogging-steg-5.png
 create mode 100644 rapporter/2026-05-13/skjermbilder/s10-landmark-unique-0-element.png
 create mode 100644 rapporter/2026-05-13/skjermbilder/s10-landmark-unique-0-side.png
 create mode 100644 rapporter/2026-05-13/skjermbilder/s11-doede-lenker-side.png
 create mode 100644 rapporter/2026-05-13/skjermbilder/s13-doede-lenker-side.png
 create mode 100644 rapporter/2026-05-13/skjermbilder/s14-doede-lenker-side.png
 create mode 100644 rapporter/2026-05-13/skjermbilder/s15-doede-lenker-side.png
 create mode 100644 rapporter/2026-05-13/uu-rapport-08-30.html
 create mode 100644 rapporter/2026-05-13/uu-rapport.html
 create mode 100644 rapporter/2026-05-13/ytelse-rapport.html
 create mode 100644 rapporter/2026-05-13/ytelse-resultat.json
[main 70b39ec] Daglig UU-rapport 2026-05-15 [skip ci]
 59 files changed, 12368 insertions(+), 475 deletions(-)
 create mode 100644 docs/arkiv/2026-05-15/monkey-rapport-08-30.html
 create mode 100644 docs/arkiv/2026-05-15/negativ-rapport-08-31.html
 create mode 100644 docs/arkiv/2026-05-15/sikkerhet-rapport-08-30.html
 create mode 100644 docs/arkiv/2026-05-15/uu-rapport-08-30.html
 create mode 100644 rapporter/2026-05-15/monkey-rapport-08-30.html
 create mode 100644 rapporter/2026-05-15/monkey-resultat-08-30.json
 create mode 100644 rapporter/2026-05-15/negativ-rapport-08-31.html
 create mode 100644 rapporter/2026-05-15/negativ-resultat-08-31.json
 create mode 100644 rapporter/2026-05-15/resultat-08-30.json
 create mode 100644 rapporter/2026-05-15/sikkerhet-rapport-08-30.html
 create mode 100644 rapporter/2026-05-15/sikkerhet-resultat-08-30.json
 create mode 100644 rapporter/2026-05-15/uu-rapport-08-30.html
[main 0b4a984] Daglig UU-rapport 2026-05-19 [skip ci]
 58 files changed, 12997 insertions(+), 550 deletions(-)
 create mode 100644 docs/arkiv/2026-05-19/monkey-rapport-08-30.html
 create mode 100644 docs/arkiv/2026-05-19/negativ-rapport-08-30.html
 create mode 100644 docs/arkiv/2026-05-19/sikkerhet-rapport-08-30.html
 create mode 100644 docs/arkiv/2026-05-19/uu-rapport-08-30.html
 create mode 100644 rapporter/2026-05-19/monkey-rapport-08-30.html
 create mode 100644 rapporter/2026-05-19/monkey-resultat-08-30.json
 create mode 100644 rapporter/2026-05-19/negativ-rapport-08-30.html
 create mode 100644 rapporter/2026-05-19/negativ-resultat-08-30.json
 create mode 100644 rapporter/2026-05-19/resultat-08-30.json
 create mode 100644 rapporter/2026-05-19/sikkerhet-rapport-08-30.html
 create mode 100644 rapporter/2026-05-19/sikkerhet-resultat-08-30.json
 create mode 100644 rapporter/2026-05-19/uu-rapport-08-30.html
[main c727879] Daglig UU-rapport 2026-05-21 [skip ci]
 125 files changed, 28518 insertions(+), 740 deletions(-)
 create mode 100644 docs/arkiv/2026-05-21/brukerhistorie-rapport.html
 create mode 100644 docs/arkiv/2026-05-21/monkey-rapport-08-33.html
 create mode 100644 docs/arkiv/2026-05-21/monkey-rapport.html
 create mode 100644 docs/arkiv/2026-05-21/negativ-rapport-08-34.html
 create mode 100644 docs/arkiv/2026-05-21/negativ-rapport.html
 create mode 100644 docs/arkiv/2026-05-21/sikkerhet-rapport-08-33.html
 create mode 100644 docs/arkiv/2026-05-21/sikkerhet-rapport.html
 create mode 100644 docs/arkiv/2026-05-21/skjermbilder-monkey/monkey-pre-submit-1.png
 create mode 100644 docs/arkiv/2026-05-21/skjermbilder-monkey/monkey-pre-submit-10.png
 create mode 100644 docs/arkiv/2026-05-21/skjermbilder-monkey/monkey-pre-submit-11.png
 create mode 100644 docs/arkiv/2026-05-21/skjermbilder-monkey/monkey-pre-submit-12.png
 create mode 100644 docs/arkiv/2026-05-21/skjermbilder-monkey/monkey-pre-submit-13.png
 create mode 100644 docs/arkiv/2026-05-21/skjermbilder-monkey/monkey-pre-submit-14.png
 create mode 100644 docs/arkiv/2026-05-21/skjermbilder-monkey/monkey-pre-submit-15.png
 create mode 100644 docs/arkiv/2026-05-21/skjermbilder-monkey/monkey-pre-submit-2.png
 create mode 100644 docs/arkiv/2026-05-21/skjermbilder-monkey/monkey-pre-submit-3.png
 create mode 100644 docs/arkiv/2026-05-21/skjermbilder-monkey/monkey-pre-submit-4.png
 create mode 100644 docs/arkiv/2026-05-21/skjermbilder-monkey/monkey-pre-submit-5.png
 create mode 100644 docs/arkiv/2026-05-21/skjermbilder-monkey/monkey-pre-submit-6.png
 create mode 100644 docs/arkiv/2026-05-21/skjermbilder-monkey/monkey-pre-submit-7.png
 create mode 100644 docs/arkiv/2026-05-21/skjermbilder-monkey/monkey-pre-submit-8.png
 create mode 100644 docs/arkiv/2026-05-21/skjermbilder-monkey/monkey-pre-submit-9.png
 create mode 100644 docs/arkiv/2026-05-21/skjermbilder-negativ/negativ-mobil-7.png
 create mode 100644 docs/arkiv/2026-05-21/skjermbilder-negativ/negativ-reload-krasj-6.png
 create mode 100644 docs/arkiv/2026-05-21/skjermbilder-negativ/negativ-soknad-direkte-krasj-5.png
 create mode 100644 docs/arkiv/2026-05-21/skjermbilder-negativ/negativ-url-ingen-feilside-1.png
 create mode 100644 docs/arkiv/2026-05-21/skjermbilder-negativ/negativ-url-ingen-feilside-2.png
 create mode 100644 docs/arkiv/2026-05-21/skjermbilder-negativ/negativ-url-ingen-feilside-3.png
 create mode 100644 docs/arkiv/2026-05-21/skjermbilder-negativ/negativ-url-ingen-feilside-4.png
 create mode 100644 docs/arkiv/2026-05-21/skjermbilder/innlogging-steg-1.png
 create mode 100644 docs/arkiv/2026-05-21/skjermbilder/innlogging-steg-2.png
 create mode 100644 docs/arkiv/2026-05-21/skjermbilder/innlogging-steg-3.png
 create mode 100644 docs/arkiv/2026-05-21/skjermbilder/innlogging-steg-4.png
 create mode 100644 docs/arkiv/2026-05-21/skjermbilder/innlogging-steg-5.png
 create mode 100644 docs/arkiv/2026-05-21/skjermbilder/s12-landmark-unique-0-element.png
 create mode 100644 docs/arkiv/2026-05-21/skjermbilder/s12-landmark-unique-0-side.png
 create mode 100644 docs/arkiv/2026-05-21/skjermbilder/s13-doede-lenker-side.png
 create mode 100644 docs/arkiv/2026-05-21/skjermbilder/s15-doede-lenker-side.png
 create mode 100644 docs/arkiv/2026-05-21/skjermbilder/s16-doede-lenker-side.png
 create mode 100644 docs/arkiv/2026-05-21/skjermbilder/s17-doede-lenker-side.png
 create mode 100644 docs/arkiv/2026-05-21/skjermbilder/s18-doede-lenker-side.png
 create mode 100644 docs/arkiv/2026-05-21/uu-rapport-08-33.html
 create mode 100644 docs/arkiv/2026-05-21/uu-rapport.html
 create mode 100644 docs/arkiv/2026-05-21/ytelse-rapport.html
 create mode 100644 docs/skjermbilder-monkey/monkey-pre-submit-14.png
 create mode 100644 docs/skjermbilder-monkey/monkey-pre-submit-15.png
 create mode 100644 rapporter/2026-05-21/brukerhistorie-rapport.html
 create mode 100644 rapporter/2026-05-21/brukerhistorie-resultat.json
 create mode 100644 rapporter/2026-05-21/monkey-rapport-08-33.html
 create mode 100644 rapporter/2026-05-21/monkey-rapport.html
 create mode 100644 rapporter/2026-05-21/monkey-resultat-08-33.json
 create mode 100644 rapporter/2026-05-21/monkey-resultat.json
 create mode 100644 rapporter/2026-05-21/negativ-rapport-08-34.html
 create mode 100644 rapporter/2026-05-21/negativ-rapport.html
 create mode 100644 rapporter/2026-05-21/negativ-resultat-08-34.json
 create mode 100644 rapporter/2026-05-21/negativ-resultat.json
 create mode 100644 rapporter/2026-05-21/resultat-08-33.json
 create mode 100644 rapporter/2026-05-21/resultat.json
 create mode 100644 rapporter/2026-05-21/sikkerhet-rapport-08-33.html
 create mode 100644 rapporter/2026-05-21/sikkerhet-rapport.html
 create mode 100644 rapporter/2026-05-21/sikkerhet-resultat-08-33.json
 create mode 100644 rapporter/2026-05-21/sikkerhet-resultat.json
 create mode 100644 rapporter/2026-05-21/skjermbilder-monkey/monkey-pre-submit-1.png
 create mode 100644 rapporter/2026-05-21/skjermbilder-monkey/monkey-pre-submit-10.png
 create mode 100644 rapporter/2026-05-21/skjermbilder-monkey/monkey-pre-submit-11.png
 create mode 100644 rapporter/2026-05-21/skjermbilder-monkey/monkey-pre-submit-12.png
 create mode 100644 rapporter/2026-05-21/skjermbilder-monkey/monkey-pre-submit-13.png
 create mode 100644 rapporter/2026-05-21/skjermbilder-monkey/monkey-pre-submit-14.png
 create mode 100644 rapporter/2026-05-21/skjermbilder-monkey/monkey-pre-submit-15.png
 create mode 100644 rapporter/2026-05-21/skjermbilder-monkey/monkey-pre-submit-2.png
 create mode 100644 rapporter/2026-05-21/skjermbilder-monkey/monkey-pre-submit-3.png
 create mode 100644 rapporter/2026-05-21/skjermbilder-monkey/monkey-pre-submit-4.png
 create mode 100644 rapporter/2026-05-21/skjermbilder-monkey/monkey-pre-submit-5.png
 create mode 100644 rapporter/2026-05-21/skjermbilder-monkey/monkey-pre-submit-6.png
 create mode 100644 rapporter/2026-05-21/skjermbilder-monkey/monkey-pre-submit-7.png
 create mode 100644 rapporter/2026-05-21/skjermbilder-monkey/monkey-pre-submit-8.png
 create mode 100644 rapporter/2026-05-21/skjermbilder-monkey/monkey-pre-submit-9.png
 create mode 100644 rapporter/2026-05-21/skjermbilder-negativ/negativ-mobil-7.png
 create mode 100644 rapporter/2026-05-21/skjermbilder-negativ/negativ-reload-krasj-6.png
 create mode 100644 rapporter/2026-05-21/skjermbilder-negativ/negativ-soknad-direkte-krasj-5.png
 create mode 100644 rapporter/2026-05-21/skjermbilder-negativ/negativ-url-ingen-feilside-1.png
 create mode 100644 rapporter/2026-05-21/skjermbilder-negativ/negativ-url-ingen-feilside-2.png
 create mode 100644 rapporter/2026-05-21/skjermbilder-negativ/negativ-url-ingen-feilside-3.png
 create mode 100644 rapporter/2026-05-21/skjermbilder-negativ/negativ-url-ingen-feilside-4.png
 create mode 100644 rapporter/2026-05-21/skjermbilder/innlogging-steg-1.png
 create mode 100644 rapporter/2026-05-21/skjermbilder/innlogging-steg-2.png
 create mode 100644 rapporter/2026-05-21/skjermbilder/innlogging-steg-3.png
 create mode 100644 rapporter/2026-05-21/skjermbilder/innlogging-steg-4.png
 create mode 100644 rapporter/2026-05-21/skjermbilder/innlogging-steg-5.png
 create mode 100644 rapporter/2026-05-21/skjermbilder/s12-landmark-unique-0-element.png
 create mode 100644 rapporter/2026-05-21/skjermbilder/s12-landmark-unique-0-side.png
 create mode 100644 rapporter/2026-05-21/skjermbilder/s13-doede-lenker-side.png
 create mode 100644 rapporter/2026-05-21/skjermbilder/s15-doede-lenker-side.png
 create mode 100644 rapporter/2026-05-21/skjermbilder/s16-doede-lenker-side.png
 create mode 100644 rapporter/2026-05-21/skjermbilder/s17-doede-lenker-side.png
 create mode 100644 rapporter/2026-05-21/skjermbilder/s18-doede-lenker-side.png
 create mode 100644 rapporter/2026-05-21/uu-rapport-08-33.html
 create mode 100644 rapporter/2026-05-21/uu-rapport.html
 create mode 100644 rapporter/2026-05-21/ytelse-rapport.html
 create mode 100644 rapporter/2026-05-21/ytelse-resultat.json
[main 1b810e2] Daglig UU-rapport 2026-05-28 [skip ci]
 82 files changed, 13755 insertions(+), 565 deletions(-)
 create mode 100644 docs/arkiv/2026-05-28/monkey-rapport-08-30.html
 create mode 100644 docs/arkiv/2026-05-28/negativ-rapport-08-34.html
 create mode 100644 docs/arkiv/2026-05-28/sikkerhet-rapport-08-33.html
 create mode 100644 docs/arkiv/2026-05-28/skjermbilder-monkey/monkey-pre-submit-10.png
 create mode 100644 docs/arkiv/2026-05-28/skjermbilder-monkey/monkey-pre-submit-6.png
 create mode 100644 docs/arkiv/2026-05-28/skjermbilder-monkey/monkey-pre-submit-7.png
 create mode 100644 docs/arkiv/2026-05-28/skjermbilder-monkey/monkey-pre-submit-8.png
 create mode 100644 docs/arkiv/2026-05-28/skjermbilder-monkey/monkey-pre-submit-9.png
 create mode 100644 docs/arkiv/2026-05-28/uu-rapport-08-30.html
 create mode 100644 rapporter/2026-05-28/monkey-rapport-08-30.html
 create mode 100644 rapporter/2026-05-28/monkey-resultat-08-30.json
 create mode 100644 rapporter/2026-05-28/negativ-rapport-08-34.html
 create mode 100644 rapporter/2026-05-28/negativ-resultat-08-34.json
 create mode 100644 rapporter/2026-05-28/resultat-08-30.json
 create mode 100644 rapporter/2026-05-28/sikkerhet-rapport-08-33.html
 create mode 100644 rapporter/2026-05-28/sikkerhet-resultat-08-33.json
 create mode 100644 rapporter/2026-05-28/skjermbilder-monkey/monkey-pre-submit-10.png
 create mode 100644 rapporter/2026-05-28/skjermbilder-monkey/monkey-pre-submit-6.png
 create mode 100644 rapporter/2026-05-28/skjermbilder-monkey/monkey-pre-submit-7.png
 create mode 100644 rapporter/2026-05-28/skjermbilder-monkey/monkey-pre-submit-8.png
 create mode 100644 rapporter/2026-05-28/skjermbilder-monkey/monkey-pre-submit-9.png
 create mode 100644 rapporter/2026-05-28/uu-rapport-08-30.html
[main 61b39ff] Daglig UU-rapport 2026-06-01 [skip ci]
 98 files changed, 29693 insertions(+), 885 deletions(-)
 create mode 100644 docs/arkiv/2026-06-01/brukerhistorie-rapport.html
 create mode 100644 docs/arkiv/2026-06-01/monkey-rapport-08-30.html
 create mode 100644 docs/arkiv/2026-06-01/monkey-rapport.html
 create mode 100644 docs/arkiv/2026-06-01/negativ-rapport-08-31.html
 create mode 100644 docs/arkiv/2026-06-01/negativ-rapport.html
 create mode 100644 docs/arkiv/2026-06-01/sikkerhet-rapport-08-30.html
 create mode 100644 docs/arkiv/2026-06-01/sikkerhet-rapport.html
 create mode 100644 docs/arkiv/2026-06-01/skjermbilder-monkey/monkey-pre-submit-1.png
 create mode 100644 docs/arkiv/2026-06-01/skjermbilder-monkey/monkey-pre-submit-2.png
 create mode 100644 docs/arkiv/2026-06-01/skjermbilder-monkey/monkey-pre-submit-3.png
 create mode 100644 docs/arkiv/2026-06-01/skjermbilder-monkey/monkey-pre-submit-4.png
 create mode 100644 docs/arkiv/2026-06-01/skjermbilder-monkey/monkey-pre-submit-5.png
 create mode 100644 docs/arkiv/2026-06-01/skjermbilder-negativ/negativ-mobil-7.png
 create mode 100644 docs/arkiv/2026-06-01/skjermbilder-negativ/negativ-reload-krasj-6.png
 create mode 100644 docs/arkiv/2026-06-01/skjermbilder-negativ/negativ-soknad-direkte-krasj-5.png
 create mode 100644 docs/arkiv/2026-06-01/skjermbilder-negativ/negativ-url-ingen-feilside-1.png
 create mode 100644 docs/arkiv/2026-06-01/skjermbilder-negativ/negativ-url-ingen-feilside-2.png
 create mode 100644 docs/arkiv/2026-06-01/skjermbilder-negativ/negativ-url-ingen-feilside-3.png
 create mode 100644 docs/arkiv/2026-06-01/skjermbilder-negativ/negativ-url-ingen-feilside-4.png
 create mode 100644 docs/arkiv/2026-06-01/skjermbilder/innlogging-steg-1.png
 create mode 100644 docs/arkiv/2026-06-01/skjermbilder/innlogging-steg-2.png
 create mode 100644 docs/arkiv/2026-06-01/skjermbilder/innlogging-steg-3.png
 create mode 100644 docs/arkiv/2026-06-01/skjermbilder/innlogging-steg-4.png
 create mode 100644 docs/arkiv/2026-06-01/skjermbilder/innlogging-steg-5.png
 create mode 100644 docs/arkiv/2026-06-01/skjermbilder/s12-landmark-unique-0-element.png
 create mode 100644 docs/arkiv/2026-06-01/skjermbilder/s12-landmark-unique-0-side.png
 create mode 100644 docs/arkiv/2026-06-01/skjermbilder/s13-doede-lenker-side.png
 create mode 100644 docs/arkiv/2026-06-01/skjermbilder/s15-doede-lenker-side.png
 create mode 100644 docs/arkiv/2026-06-01/skjermbilder/s16-doede-lenker-side.png
 create mode 100644 docs/arkiv/2026-06-01/skjermbilder/s17-doede-lenker-side.png
 create mode 100644 docs/arkiv/2026-06-01/skjermbilder/s18-doede-lenker-side.png
 create mode 100644 docs/arkiv/2026-06-01/uu-rapport-08-30.html
 create mode 100644 docs/arkiv/2026-06-01/uu-rapport.html
 create mode 100644 docs/arkiv/2026-06-01/ytelse-rapport.html
 create mode 100644 rapporter/2026-06-01/brukerhistorie-rapport.html
 create mode 100644 rapporter/2026-06-01/brukerhistorie-resultat.json
 create mode 100644 rapporter/2026-06-01/monkey-rapport-08-30.html
 create mode 100644 rapporter/2026-06-01/monkey-rapport.html
 create mode 100644 rapporter/2026-06-01/monkey-resultat-08-30.json
 create mode 100644 rapporter/2026-06-01/monkey-resultat.json
 create mode 100644 rapporter/2026-06-01/negativ-rapport-08-31.html
 create mode 100644 rapporter/2026-06-01/negativ-rapport.html
 create mode 100644 rapporter/2026-06-01/negativ-resultat-08-31.json
 create mode 100644 rapporter/2026-06-01/negativ-resultat.json
 create mode 100644 rapporter/2026-06-01/resultat-08-30.json
 create mode 100644 rapporter/2026-06-01/resultat.json
 create mode 100644 rapporter/2026-06-01/sikkerhet-rapport-08-30.html
 create mode 100644 rapporter/2026-06-01/sikkerhet-rapport.html
 create mode 100644 rapporter/2026-06-01/sikkerhet-resultat-08-30.json
 create mode 100644 rapporter/2026-06-01/sikkerhet-resultat.json
 create mode 100644 rapporter/2026-06-01/skjermbilder-monkey/monkey-pre-submit-1.png
 create mode 100644 rapporter/2026-06-01/skjermbilder-monkey/monkey-pre-submit-2.png
 create mode 100644 rapporter/2026-06-01/skjermbilder-monkey/monkey-pre-submit-3.png
 create mode 100644 rapporter/2026-06-01/skjermbilder-monkey/monkey-pre-submit-4.png
 create mode 100644 rapporter/2026-06-01/skjermbilder-monkey/monkey-pre-submit-5.png
 create mode 100644 rapporter/2026-06-01/skjermbilder-negativ/negativ-mobil-7.png
 create mode 100644 rapporter/2026-06-01/skjermbilder-negativ/negativ-reload-krasj-6.png
 create mode 100644 rapporter/2026-06-01/skjermbilder-negativ/negativ-soknad-direkte-krasj-5.png
 create mode 100644 rapporter/2026-06-01/skjermbilder-negativ/negativ-url-ingen-feilside-1.png
 create mode 100644 rapporter/2026-06-01/skjermbilder-negativ/negativ-url-ingen-feilside-2.png
 create mode 100644 rapporter/2026-06-01/skjermbilder-negativ/negativ-url-ingen-feilside-3.png
 create mode 100644 rapporter/2026-06-01/skjermbilder-negativ/negativ-url-ingen-feilside-4.png
 create mode 100644 rapporter/2026-06-01/skjermbilder/innlogging-steg-1.png
 create mode 100644 rapporter/2026-06-01/skjermbilder/innlogging-steg-2.png
 create mode 100644 rapporter/2026-06-01/skjermbilder/innlogging-steg-3.png
 create mode 100644 rapporter/2026-06-01/skjermbilder/innlogging-steg-4.png
 create mode 100644 rapporter/2026-06-01/skjermbilder/innlogging-steg-5.png
 create mode 100644 rapporter/2026-06-01/skjermbilder/s12-landmark-unique-0-element.png
 create mode 100644 rapporter/2026-06-01/skjermbilder/s12-landmark-unique-0-side.png
 create mode 100644 rapporter/2026-06-01/skjermbilder/s13-doede-lenker-side.png
 create mode 100644 rapporter/2026-06-01/skjermbilder/s15-doede-lenker-side.png
 create mode 100644 rapporter/2026-06-01/skjermbilder/s16-doede-lenker-side.png
 create mode 100644 rapporter/2026-06-01/skjermbilder/s17-doede-lenker-side.png
 create mode 100644 rapporter/2026-06-01/skjermbilder/s18-doede-lenker-side.png
 create mode 100644 rapporter/2026-06-01/uu-rapport-08-30.html
 create mode 100644 rapporter/2026-06-01/uu-rapport.html
 create mode 100644 rapporter/2026-06-01/ytelse-rapport.html
 create mode 100644 rapporter/2026-06-01/ytelse-resultat.json
[main 00ba49c] Daglig UU-rapport 2026-06-02 [skip ci]
 205 files changed, 37646 insertions(+), 1197 deletions(-)
 create mode 100644 docs/arkiv/2026-06-02/brukerhistorie-rapport.html
 create mode 100644 docs/arkiv/2026-06-02/monkey-rapport-08-30.html
 create mode 100644 docs/arkiv/2026-06-02/monkey-rapport.html
 create mode 100644 docs/arkiv/2026-06-02/negativ-rapport-08-30.html
 create mode 100644 docs/arkiv/2026-06-02/negativ-rapport.html
 create mode 100644 docs/arkiv/2026-06-02/sikkerhet-rapport-08-30.html
 create mode 100644 docs/arkiv/2026-06-02/sikkerhet-rapport.html
 create mode 100644 docs/arkiv/2026-06-02/skjermbilder-monkey/monkey-pre-submit-1.png
 create mode 100644 docs/arkiv/2026-06-02/skjermbilder-monkey/monkey-pre-submit-2.png
 create mode 100644 docs/arkiv/2026-06-02/skjermbilder-monkey/monkey-pre-submit-3.png
 create mode 100644 docs/arkiv/2026-06-02/skjermbilder-monkey/monkey-pre-submit-4.png
 create mode 100644 docs/arkiv/2026-06-02/skjermbilder-monkey/monkey-pre-submit-5.png
 create mode 100644 docs/arkiv/2026-06-02/skjermbilder-monkey/monkey-pre-submit-6.png
 create mode 100644 docs/arkiv/2026-06-02/skjermbilder-negativ/negativ-mobil-7.png
 create mode 100644 docs/arkiv/2026-06-02/skjermbilder-negativ/negativ-reload-krasj-6.png
 create mode 100644 docs/arkiv/2026-06-02/skjermbilder-negativ/negativ-soknad-direkte-krasj-5.png
 create mode 100644 docs/arkiv/2026-06-02/skjermbilder-negativ/negativ-url-ingen-feilside-1.png
 create mode 100644 docs/arkiv/2026-06-02/skjermbilder-negativ/negativ-url-ingen-feilside-2.png
 create mode 100644 docs/arkiv/2026-06-02/skjermbilder-negativ/negativ-url-ingen-feilside-3.png
 create mode 100644 docs/arkiv/2026-06-02/skjermbilder-negativ/negativ-url-ingen-feilside-4.png
 create mode 100644 docs/arkiv/2026-06-02/skjermbilder/innlogging-steg-1.png
 create mode 100644 docs/arkiv/2026-06-02/skjermbilder/innlogging-steg-2.png
 create mode 100644 docs/arkiv/2026-06-02/skjermbilder/innlogging-steg-3.png
 create mode 100644 docs/arkiv/2026-06-02/skjermbilder/innlogging-steg-4.png
 create mode 100644 docs/arkiv/2026-06-02/skjermbilder/innlogging-steg-5.png
 create mode 100644 docs/arkiv/2026-06-02/skjermbilder/s1-doede-lenker-side.png
 create mode 100644 docs/arkiv/2026-06-02/skjermbilder/s1-landmark-unique-0-element.png
 create mode 100644 docs/arkiv/2026-06-02/skjermbilder/s1-landmark-unique-0-side.png
 create mode 100644 docs/arkiv/2026-06-02/skjermbilder/s12-doede-lenker-side.png
 create mode 100644 docs/arkiv/2026-06-02/skjermbilder/s12-landmark-unique-0-element.png
 create mode 100644 docs/arkiv/2026-06-02/skjermbilder/s12-landmark-unique-0-side.png
 create mode 100644 docs/arkiv/2026-06-02/skjermbilder/s13-doede-lenker-side.png
 create mode 100644 docs/arkiv/2026-06-02/skjermbilder/s13-landmark-unique-0-element.png
 create mode 100644 docs/arkiv/2026-06-02/skjermbilder/s13-landmark-unique-0-side.png
 create mode 100644 docs/arkiv/2026-06-02/skjermbilder/s14-doede-lenker-side.png
 create mode 100644 docs/arkiv/2026-06-02/skjermbilder/s14-landmark-unique-0-element.png
 create mode 100644 docs/arkiv/2026-06-02/skjermbilder/s14-landmark-unique-0-side.png
 create mode 100644 docs/arkiv/2026-06-02/skjermbilder/s15-doede-lenker-side.png
 create mode 100644 docs/arkiv/2026-06-02/skjermbilder/s15-landmark-unique-0-element.png
 create mode 100644 docs/arkiv/2026-06-02/skjermbilder/s15-landmark-unique-0-side.png
 create mode 100644 docs/arkiv/2026-06-02/skjermbilder/s16-doede-lenker-side.png
 create mode 100644 docs/arkiv/2026-06-02/skjermbilder/s16-landmark-unique-0-element.png
 create mode 100644 docs/arkiv/2026-06-02/skjermbilder/s16-landmark-unique-0-side.png
 create mode 100644 docs/arkiv/2026-06-02/skjermbilder/s17-doede-lenker-side.png
 create mode 100644 docs/arkiv/2026-06-02/skjermbilder/s17-landmark-unique-0-element.png
 create mode 100644 docs/arkiv/2026-06-02/skjermbilder/s17-landmark-unique-0-side.png
 create mode 100644 docs/arkiv/2026-06-02/skjermbilder/s18-doede-lenker-side.png
 create mode 100644 docs/arkiv/2026-06-02/skjermbilder/s18-landmark-unique-0-element.png
 create mode 100644 docs/arkiv/2026-06-02/skjermbilder/s18-landmark-unique-0-side.png
 create mode 100644 docs/arkiv/2026-06-02/skjermbilder/s19-doede-lenker-side.png
 create mode 100644 docs/arkiv/2026-06-02/skjermbilder/s19-landmark-unique-0-element.png
 create mode 100644 docs/arkiv/2026-06-02/skjermbilder/s19-landmark-unique-0-side.png
 create mode 100644 docs/arkiv/2026-06-02/skjermbilder/s2-doede-lenker-side.png
 create mode 100644 docs/arkiv/2026-06-02/skjermbilder/s2-landmark-unique-0-element.png
 create mode 100644 docs/arkiv/2026-06-02/skjermbilder/s2-landmark-unique-0-side.png
 create mode 100644 docs/arkiv/2026-06-02/skjermbilder/s3-doede-lenker-side.png
 create mode 100644 docs/arkiv/2026-06-02/skjermbilder/s3-landmark-unique-0-element.png
 create mode 100644 docs/arkiv/2026-06-02/skjermbilder/s3-landmark-unique-0-side.png
 create mode 100644 docs/arkiv/2026-06-02/skjermbilder/s4-doede-lenker-element.png
 create mode 100644 docs/arkiv/2026-06-02/skjermbilder/s4-doede-lenker-side.png
 create mode 100644 docs/arkiv/2026-06-02/skjermbilder/s4-landmark-unique-0-element.png
 create mode 100644 docs/arkiv/2026-06-02/skjermbilder/s4-landmark-unique-0-side.png
 create mode 100644 docs/arkiv/2026-06-02/uu-rapport-08-30.html
 create mode 100644 docs/arkiv/2026-06-02/uu-rapport.html
 create mode 100644 docs/arkiv/2026-06-02/ytelse-rapport.html
 create mode 100644 docs/skjermbilder/s1-landmark-unique-0-element.png
 create mode 100644 docs/skjermbilder/s1-landmark-unique-0-side.png
 create mode 100644 docs/skjermbilder/s13-landmark-unique-0-element.png
 create mode 100644 docs/skjermbilder/s13-landmark-unique-0-side.png
 create mode 100644 docs/skjermbilder/s14-landmark-unique-0-element.png
 create mode 100644 docs/skjermbilder/s14-landmark-unique-0-side.png
 create mode 100644 docs/skjermbilder/s15-landmark-unique-0-element.png
 create mode 100644 docs/skjermbilder/s15-landmark-unique-0-side.png
 create mode 100644 docs/skjermbilder/s16-landmark-unique-0-element.png
 create mode 100644 docs/skjermbilder/s16-landmark-unique-0-side.png
 create mode 100644 docs/skjermbilder/s17-landmark-unique-0-element.png
 create mode 100644 docs/skjermbilder/s17-landmark-unique-0-side.png
 create mode 100644 docs/skjermbilder/s18-landmark-unique-0-element.png
 create mode 100644 docs/skjermbilder/s18-landmark-unique-0-side.png
 create mode 100644 docs/skjermbilder/s19-landmark-unique-0-element.png
 create mode 100644 docs/skjermbilder/s19-landmark-unique-0-side.png
 create mode 100644 docs/skjermbilder/s2-landmark-unique-0-element.png
 create mode 100644 docs/skjermbilder/s2-landmark-unique-0-side.png
 create mode 100644 docs/skjermbilder/s3-landmark-unique-0-element.png
 create mode 100644 docs/skjermbilder/s3-landmark-unique-0-side.png
 create mode 100644 docs/skjermbilder/s4-doede-lenker-element.png
 create mode 100644 docs/skjermbilder/s4-landmark-unique-0-element.png
 create mode 100644 docs/skjermbilder/s4-landmark-unique-0-side.png
 create mode 100644 rapporter/2026-06-02/brukerhistorie-rapport.html
 create mode 100644 rapporter/2026-06-02/brukerhistorie-resultat.json
 create mode 100644 rapporter/2026-06-02/monkey-rapport-08-30.html
 create mode 100644 rapporter/2026-06-02/monkey-rapport.html
 create mode 100644 rapporter/2026-06-02/monkey-resultat-08-30.json
 create mode 100644 rapporter/2026-06-02/monkey-resultat.json
 create mode 100644 rapporter/2026-06-02/negativ-rapport-08-30.html
 create mode 100644 rapporter/2026-06-02/negativ-rapport.html
 create mode 100644 rapporter/2026-06-02/negativ-resultat-08-30.json
 create mode 100644 rapporter/2026-06-02/negativ-resultat.json
 create mode 100644 rapporter/2026-06-02/resultat-08-30.json
 create mode 100644 rapporter/2026-06-02/resultat.json
 create mode 100644 rapporter/2026-06-02/sikkerhet-rapport-08-30.html
 create mode 100644 rapporter/2026-06-02/sikkerhet-rapport.html
 create mode 100644 rapporter/2026-06-02/sikkerhet-resultat-08-30.json
 create mode 100644 rapporter/2026-06-02/sikkerhet-resultat.json
 create mode 100644 rapporter/2026-06-02/skjermbilder-monkey/monkey-pre-submit-1.png
 create mode 100644 rapporter/2026-06-02/skjermbilder-monkey/monkey-pre-submit-2.png
 create mode 100644 rapporter/2026-06-02/skjermbilder-monkey/monkey-pre-submit-3.png
 create mode 100644 rapporter/2026-06-02/skjermbilder-monkey/monkey-pre-submit-4.png
 create mode 100644 rapporter/2026-06-02/skjermbilder-monkey/monkey-pre-submit-5.png
 create mode 100644 rapporter/2026-06-02/skjermbilder-monkey/monkey-pre-submit-6.png
 create mode 100644 rapporter/2026-06-02/skjermbilder-negativ/negativ-mobil-7.png
 create mode 100644 rapporter/2026-06-02/skjermbilder-negativ/negativ-reload-krasj-6.png
 create mode 100644 rapporter/2026-06-02/skjermbilder-negativ/negativ-soknad-direkte-krasj-5.png
 create mode 100644 rapporter/2026-06-02/skjermbilder-negativ/negativ-url-ingen-feilside-1.png
 create mode 100644 rapporter/2026-06-02/skjermbilder-negativ/negativ-url-ingen-feilside-2.png
 create mode 100644 rapporter/2026-06-02/skjermbilder-negativ/negativ-url-ingen-feilside-3.png
 create mode 100644 rapporter/2026-06-02/skjermbilder-negativ/negativ-url-ingen-feilside-4.png
 create mode 100644 rapporter/2026-06-02/skjermbilder/innlogging-steg-1.png
 create mode 100644 rapporter/2026-06-02/skjermbilder/innlogging-steg-2.png
 create mode 100644 rapporter/2026-06-02/skjermbilder/innlogging-steg-3.png
 create mode 100644 rapporter/2026-06-02/skjermbilder/innlogging-steg-4.png
 create mode 100644 rapporter/2026-06-02/skjermbilder/innlogging-steg-5.png
 create mode 100644 rapporter/2026-06-02/skjermbilder/s1-doede-lenker-side.png
 create mode 100644 rapporter/2026-06-02/skjermbilder/s1-landmark-unique-0-element.png
 create mode 100644 rapporter/2026-06-02/skjermbilder/s1-landmark-unique-0-side.png
 create mode 100644 rapporter/2026-06-02/skjermbilder/s12-doede-lenker-side.png
 create mode 100644 rapporter/2026-06-02/skjermbilder/s12-landmark-unique-0-element.png
 create mode 100644 rapporter/2026-06-02/skjermbilder/s12-landmark-unique-0-side.png
 create mode 100644 rapporter/2026-06-02/skjermbilder/s13-doede-lenker-side.png
 create mode 100644 rapporter/2026-06-02/skjermbilder/s13-landmark-unique-0-element.png
 create mode 100644 rapporter/2026-06-02/skjermbilder/s13-landmark-unique-0-side.png
 create mode 100644 rapporter/2026-06-02/skjermbilder/s14-doede-lenker-side.png
 create mode 100644 rapporter/2026-06-02/skjermbilder/s14-landmark-unique-0-element.png
 create mode 100644 rapporter/2026-06-02/skjermbilder/s14-landmark-unique-0-side.png
 create mode 100644 rapporter/2026-06-02/skjermbilder/s15-doede-lenker-side.png
 create mode 100644 rapporter/2026-06-02/skjermbilder/s15-landmark-unique-0-element.png
 create mode 100644 rapporter/2026-06-02/skjermbilder/s15-landmark-unique-0-side.png
 create mode 100644 rapporter/2026-06-02/skjermbilder/s16-doede-lenker-side.png
 create mode 100644 rapporter/2026-06-02/skjermbilder/s16-landmark-unique-0-element.png
 create mode 100644 rapporter/2026-06-02/skjermbilder/s16-landmark-unique-0-side.png
 create mode 100644 rapporter/2026-06-02/skjermbilder/s17-doede-lenker-side.png
 create mode 100644 rapporter/2026-06-02/skjermbilder/s17-landmark-unique-0-element.png
 create mode 100644 rapporter/2026-06-02/skjermbilder/s17-landmark-unique-0-side.png
 create mode 100644 rapporter/2026-06-02/skjermbilder/s18-doede-lenker-side.png
 create mode 100644 rapporter/2026-06-02/skjermbilder/s18-landmark-unique-0-element.png
 create mode 100644 rapporter/2026-06-02/skjermbilder/s18-landmark-unique-0-side.png
 create mode 100644 rapporter/2026-06-02/skjermbilder/s19-doede-lenker-side.png
 create mode 100644 rapporter/2026-06-02/skjermbilder/s19-landmark-unique-0-element.png
 create mode 100644 rapporter/2026-06-02/skjermbilder/s19-landmark-unique-0-side.png
 create mode 100644 rapporter/2026-06-02/skjermbilder/s2-doede-lenker-side.png
 create mode 100644 rapporter/2026-06-02/skjermbilder/s2-landmark-unique-0-element.png
 create mode 100644 rapporter/2026-06-02/skjermbilder/s2-landmark-unique-0-side.png
 create mode 100644 rapporter/2026-06-02/skjermbilder/s3-doede-lenker-side.png
 create mode 100644 rapporter/2026-06-02/skjermbilder/s3-landmark-unique-0-element.png
 create mode 100644 rapporter/2026-06-02/skjermbilder/s3-landmark-unique-0-side.png
 create mode 100644 rapporter/2026-06-02/skjermbilder/s4-doede-lenker-element.png
 create mode 100644 rapporter/2026-06-02/skjermbilder/s4-doede-lenker-side.png
 create mode 100644 rapporter/2026-06-02/skjermbilder/s4-landmark-unique-0-element.png
 create mode 100644 rapporter/2026-06-02/skjermbilder/s4-landmark-unique-0-side.png
 create mode 100644 rapporter/2026-06-02/uu-rapport-08-30.html
 create mode 100644 rapporter/2026-06-02/uu-rapport.html
 create mode 100644 rapporter/2026-06-02/ytelse-rapport.html
 create mode 100644 rapporter/2026-06-02/ytelse-resultat.json
[main 9ec9302] Daglig UU-rapport 2026-06-03 [skip ci]
 191 files changed, 36578 insertions(+), 961 deletions(-)
 create mode 100644 docs/arkiv/2026-06-03/brukerhistorie-rapport.html
 create mode 100644 docs/arkiv/2026-06-03/monkey-rapport-08-30.html
 create mode 100644 docs/arkiv/2026-06-03/monkey-rapport.html
 create mode 100644 docs/arkiv/2026-06-03/negativ-rapport-08-30.html
 create mode 100644 docs/arkiv/2026-06-03/negativ-rapport.html
 create mode 100644 docs/arkiv/2026-06-03/sikkerhet-rapport-08-30.html
 create mode 100644 docs/arkiv/2026-06-03/sikkerhet-rapport.html
 create mode 100644 docs/arkiv/2026-06-03/skjermbilder-monkey/monkey-feilside-7.png
 create mode 100644 docs/arkiv/2026-06-03/skjermbilder-monkey/monkey-pre-submit-1.png
 create mode 100644 docs/arkiv/2026-06-03/skjermbilder-monkey/monkey-pre-submit-2.png
 create mode 100644 docs/arkiv/2026-06-03/skjermbilder-monkey/monkey-pre-submit-3.png
 create mode 100644 docs/arkiv/2026-06-03/skjermbilder-monkey/monkey-pre-submit-4.png
 create mode 100644 docs/arkiv/2026-06-03/skjermbilder-monkey/monkey-pre-submit-5.png
 create mode 100644 docs/arkiv/2026-06-03/skjermbilder-monkey/monkey-pre-submit-6.png
 create mode 100644 docs/arkiv/2026-06-03/skjermbilder-monkey/monkey-pre-submit-8.png
 create mode 100644 docs/arkiv/2026-06-03/skjermbilder-negativ/negativ-mobil-7.png
 create mode 100644 docs/arkiv/2026-06-03/skjermbilder-negativ/negativ-reload-krasj-6.png
 create mode 100644 docs/arkiv/2026-06-03/skjermbilder-negativ/negativ-soknad-direkte-krasj-5.png
 create mode 100644 docs/arkiv/2026-06-03/skjermbilder-negativ/negativ-url-ingen-feilside-1.png
 create mode 100644 docs/arkiv/2026-06-03/skjermbilder-negativ/negativ-url-ingen-feilside-2.png
 create mode 100644 docs/arkiv/2026-06-03/skjermbilder-negativ/negativ-url-ingen-feilside-3.png
 create mode 100644 docs/arkiv/2026-06-03/skjermbilder-negativ/negativ-url-ingen-feilside-4.png
 create mode 100644 docs/arkiv/2026-06-03/skjermbilder/innlogging-steg-1.png
 create mode 100644 docs/arkiv/2026-06-03/skjermbilder/innlogging-steg-2.png
 create mode 100644 docs/arkiv/2026-06-03/skjermbilder/innlogging-steg-3.png
 create mode 100644 docs/arkiv/2026-06-03/skjermbilder/innlogging-steg-4.png
 create mode 100644 docs/arkiv/2026-06-03/skjermbilder/innlogging-steg-5.png
 create mode 100644 docs/arkiv/2026-06-03/skjermbilder/s1-doede-lenker-side.png
 create mode 100644 docs/arkiv/2026-06-03/skjermbilder/s1-landmark-unique-0-element.png
 create mode 100644 docs/arkiv/2026-06-03/skjermbilder/s1-landmark-unique-0-side.png
 create mode 100644 docs/arkiv/2026-06-03/skjermbilder/s12-doede-lenker-side.png
 create mode 100644 docs/arkiv/2026-06-03/skjermbilder/s12-landmark-unique-0-element.png
 create mode 100644 docs/arkiv/2026-06-03/skjermbilder/s12-landmark-unique-0-side.png
 create mode 100644 docs/arkiv/2026-06-03/skjermbilder/s13-doede-lenker-side.png
 create mode 100644 docs/arkiv/2026-06-03/skjermbilder/s13-landmark-unique-0-element.png
 create mode 100644 docs/arkiv/2026-06-03/skjermbilder/s13-landmark-unique-0-side.png
 create mode 100644 docs/arkiv/2026-06-03/skjermbilder/s14-doede-lenker-side.png
 create mode 100644 docs/arkiv/2026-06-03/skjermbilder/s14-landmark-unique-0-element.png
 create mode 100644 docs/arkiv/2026-06-03/skjermbilder/s14-landmark-unique-0-side.png
 create mode 100644 docs/arkiv/2026-06-03/skjermbilder/s15-doede-lenker-side.png
 create mode 100644 docs/arkiv/2026-06-03/skjermbilder/s15-landmark-unique-0-element.png
 create mode 100644 docs/arkiv/2026-06-03/skjermbilder/s15-landmark-unique-0-side.png
 create mode 100644 docs/arkiv/2026-06-03/skjermbilder/s16-doede-lenker-side.png
 create mode 100644 docs/arkiv/2026-06-03/skjermbilder/s16-landmark-unique-0-element.png
 create mode 100644 docs/arkiv/2026-06-03/skjermbilder/s16-landmark-unique-0-side.png
 create mode 100644 docs/arkiv/2026-06-03/skjermbilder/s17-doede-lenker-side.png
 create mode 100644 docs/arkiv/2026-06-03/skjermbilder/s17-landmark-unique-0-element.png
 create mode 100644 docs/arkiv/2026-06-03/skjermbilder/s17-landmark-unique-0-side.png
 create mode 100644 docs/arkiv/2026-06-03/skjermbilder/s18-doede-lenker-side.png
 create mode 100644 docs/arkiv/2026-06-03/skjermbilder/s18-landmark-unique-0-element.png
 create mode 100644 docs/arkiv/2026-06-03/skjermbilder/s18-landmark-unique-0-side.png
 create mode 100644 docs/arkiv/2026-06-03/skjermbilder/s19-doede-lenker-side.png
 create mode 100644 docs/arkiv/2026-06-03/skjermbilder/s19-landmark-unique-0-element.png
 create mode 100644 docs/arkiv/2026-06-03/skjermbilder/s19-landmark-unique-0-side.png
 create mode 100644 docs/arkiv/2026-06-03/skjermbilder/s2-doede-lenker-side.png
 create mode 100644 docs/arkiv/2026-06-03/skjermbilder/s2-landmark-unique-0-element.png
 create mode 100644 docs/arkiv/2026-06-03/skjermbilder/s2-landmark-unique-0-side.png
 create mode 100644 docs/arkiv/2026-06-03/skjermbilder/s3-doede-lenker-side.png
 create mode 100644 docs/arkiv/2026-06-03/skjermbilder/s3-landmark-unique-0-element.png
 create mode 100644 docs/arkiv/2026-06-03/skjermbilder/s3-landmark-unique-0-side.png
 create mode 100644 docs/arkiv/2026-06-03/skjermbilder/s4-doede-lenker-element.png
 create mode 100644 docs/arkiv/2026-06-03/skjermbilder/s4-doede-lenker-side.png
 create mode 100644 docs/arkiv/2026-06-03/skjermbilder/s4-landmark-unique-0-element.png
 create mode 100644 docs/arkiv/2026-06-03/skjermbilder/s4-landmark-unique-0-side.png
 create mode 100644 docs/arkiv/2026-06-03/uu-rapport-08-30.html
 create mode 100644 docs/arkiv/2026-06-03/uu-rapport.html
 create mode 100644 docs/arkiv/2026-06-03/ytelse-rapport.html
 create mode 100644 rapporter/2026-06-03/brukerhistorie-rapport.html
 create mode 100644 rapporter/2026-06-03/brukerhistorie-resultat.json
 create mode 100644 rapporter/2026-06-03/monkey-rapport-08-30.html
 create mode 100644 rapporter/2026-06-03/monkey-rapport.html
 create mode 100644 rapporter/2026-06-03/monkey-resultat-08-30.json
 create mode 100644 rapporter/2026-06-03/monkey-resultat.json
 create mode 100644 rapporter/2026-06-03/negativ-rapport-08-30.html
 create mode 100644 rapporter/2026-06-03/negativ-rapport.html
 create mode 100644 rapporter/2026-06-03/negativ-resultat-08-30.json
 create mode 100644 rapporter/2026-06-03/negativ-resultat.json
 create mode 100644 rapporter/2026-06-03/resultat-08-30.json
 create mode 100644 rapporter/2026-06-03/resultat.json
 create mode 100644 rapporter/2026-06-03/sikkerhet-rapport-08-30.html
 create mode 100644 rapporter/2026-06-03/sikkerhet-rapport.html
 create mode 100644 rapporter/2026-06-03/sikkerhet-resultat-08-30.json
 create mode 100644 rapporter/2026-06-03/sikkerhet-resultat.json
 create mode 100644 rapporter/2026-06-03/skjermbilder-monkey/monkey-feilside-7.png
 create mode 100644 rapporter/2026-06-03/skjermbilder-monkey/monkey-pre-submit-1.png
 create mode 100644 rapporter/2026-06-03/skjermbilder-monkey/monkey-pre-submit-2.png
 create mode 100644 rapporter/2026-06-03/skjermbilder-monkey/monkey-pre-submit-3.png
 create mode 100644 rapporter/2026-06-03/skjermbilder-monkey/monkey-pre-submit-4.png
 create mode 100644 rapporter/2026-06-03/skjermbilder-monkey/monkey-pre-submit-5.png
 create mode 100644 rapporter/2026-06-03/skjermbilder-monkey/monkey-pre-submit-6.png
 create mode 100644 rapporter/2026-06-03/skjermbilder-monkey/monkey-pre-submit-8.png
 create mode 100644 rapporter/2026-06-03/skjermbilder-negativ/negativ-mobil-7.png
 create mode 100644 rapporter/2026-06-03/skjermbilder-negativ/negativ-reload-krasj-6.png
 create mode 100644 rapporter/2026-06-03/skjermbilder-negativ/negativ-soknad-direkte-krasj-5.png
 create mode 100644 rapporter/2026-06-03/skjermbilder-negativ/negativ-url-ingen-feilside-1.png
 create mode 100644 rapporter/2026-06-03/skjermbilder-negativ/negativ-url-ingen-feilside-2.png
 create mode 100644 rapporter/2026-06-03/skjermbilder-negativ/negativ-url-ingen-feilside-3.png
 create mode 100644 rapporter/2026-06-03/skjermbilder-negativ/negativ-url-ingen-feilside-4.png
 create mode 100644 rapporter/2026-06-03/skjermbilder/innlogging-steg-1.png
 create mode 100644 rapporter/2026-06-03/skjermbilder/innlogging-steg-2.png
 create mode 100644 rapporter/2026-06-03/skjermbilder/innlogging-steg-3.png
 create mode 100644 rapporter/2026-06-03/skjermbilder/innlogging-steg-4.png
 create mode 100644 rapporter/2026-06-03/skjermbilder/innlogging-steg-5.png
 create mode 100644 rapporter/2026-06-03/skjermbilder/s1-doede-lenker-side.png
 create mode 100644 rapporter/2026-06-03/skjermbilder/s1-landmark-unique-0-element.png
 create mode 100644 rapporter/2026-06-03/skjermbilder/s1-landmark-unique-0-side.png
 create mode 100644 rapporter/2026-06-03/skjermbilder/s12-doede-lenker-side.png
 create mode 100644 rapporter/2026-06-03/skjermbilder/s12-landmark-unique-0-element.png
 create mode 100644 rapporter/2026-06-03/skjermbilder/s12-landmark-unique-0-side.png
 create mode 100644 rapporter/2026-06-03/skjermbilder/s13-doede-lenker-side.png
 create mode 100644 rapporter/2026-06-03/skjermbilder/s13-landmark-unique-0-element.png
 create mode 100644 rapporter/2026-06-03/skjermbilder/s13-landmark-unique-0-side.png
 create mode 100644 rapporter/2026-06-03/skjermbilder/s14-doede-lenker-side.png
 create mode 100644 rapporter/2026-06-03/skjermbilder/s14-landmark-unique-0-element.png
 create mode 100644 rapporter/2026-06-03/skjermbilder/s14-landmark-unique-0-side.png
 create mode 100644 rapporter/2026-06-03/skjermbilder/s15-doede-lenker-side.png
 create mode 100644 rapporter/2026-06-03/skjermbilder/s15-landmark-unique-0-element.png
 create mode 100644 rapporter/2026-06-03/skjermbilder/s15-landmark-unique-0-side.png
 create mode 100644 rapporter/2026-06-03/skjermbilder/s16-doede-lenker-side.png
 create mode 100644 rapporter/2026-06-03/skjermbilder/s16-landmark-unique-0-element.png
 create mode 100644 rapporter/2026-06-03/skjermbilder/s16-landmark-unique-0-side.png
 create mode 100644 rapporter/2026-06-03/skjermbilder/s17-doede-lenker-side.png
 create mode 100644 rapporter/2026-06-03/skjermbilder/s17-landmark-unique-0-element.png
 create mode 100644 rapporter/2026-06-03/skjermbilder/s17-landmark-unique-0-side.png
 create mode 100644 rapporter/2026-06-03/skjermbilder/s18-doede-lenker-side.png
 create mode 100644 rapporter/2026-06-03/skjermbilder/s18-landmark-unique-0-element.png
 create mode 100644 rapporter/2026-06-03/skjermbilder/s18-landmark-unique-0-side.png
 create mode 100644 rapporter/2026-06-03/skjermbilder/s19-doede-lenker-side.png
 create mode 100644 rapporter/2026-06-03/skjermbilder/s19-landmark-unique-0-element.png
 create mode 100644 rapporter/2026-06-03/skjermbilder/s19-landmark-unique-0-side.png
 create mode 100644 rapporter/2026-06-03/skjermbilder/s2-doede-lenker-side.png
 create mode 100644 rapporter/2026-06-03/skjermbilder/s2-landmark-unique-0-element.png
 create mode 100644 rapporter/2026-06-03/skjermbilder/s2-landmark-unique-0-side.png
 create mode 100644 rapporter/2026-06-03/skjermbilder/s3-doede-lenker-side.png
 create mode 100644 rapporter/2026-06-03/skjermbilder/s3-landmark-unique-0-element.png
 create mode 100644 rapporter/2026-06-03/skjermbilder/s3-landmark-unique-0-side.png
 create mode 100644 rapporter/2026-06-03/skjermbilder/s4-doede-lenker-element.png
 create mode 100644 rapporter/2026-06-03/skjermbilder/s4-doede-lenker-side.png
 create mode 100644 rapporter/2026-06-03/skjermbilder/s4-landmark-unique-0-element.png
 create mode 100644 rapporter/2026-06-03/skjermbilder/s4-landmark-unique-0-side.png
 create mode 100644 rapporter/2026-06-03/uu-rapport-08-30.html
 create mode 100644 rapporter/2026-06-03/uu-rapport.html
 create mode 100644 rapporter/2026-06-03/ytelse-rapport.html
 create mode 100644 rapporter/2026-06-03/ytelse-resultat.json
[main d74939e] Daglig UU-rapport 2026-06-04 [skip ci]
 200 files changed, 37323 insertions(+), 1080 deletions(-)
 create mode 100644 docs/arkiv/2026-06-04/brukerhistorie-rapport.html
 create mode 100644 docs/arkiv/2026-06-04/monkey-rapport-08-30.html
 create mode 100644 docs/arkiv/2026-06-04/monkey-rapport.html
 create mode 100644 docs/arkiv/2026-06-04/negativ-rapport-08-31.html
 create mode 100644 docs/arkiv/2026-06-04/negativ-rapport.html
 create mode 100644 docs/arkiv/2026-06-04/sikkerhet-rapport-08-30.html
 create mode 100644 docs/arkiv/2026-06-04/sikkerhet-rapport.html
 create mode 100644 docs/arkiv/2026-06-04/skjermbilder-monkey/monkey-pre-submit-1.png
 create mode 100644 docs/arkiv/2026-06-04/skjermbilder-monkey/monkey-pre-submit-2.png
 create mode 100644 docs/arkiv/2026-06-04/skjermbilder-monkey/monkey-pre-submit-3.png
 create mode 100644 docs/arkiv/2026-06-04/skjermbilder-monkey/monkey-pre-submit-4.png
 create mode 100644 docs/arkiv/2026-06-04/skjermbilder-monkey/monkey-pre-submit-5.png
 create mode 100644 docs/arkiv/2026-06-04/skjermbilder-negativ/negativ-mobil-7.png
 create mode 100644 docs/arkiv/2026-06-04/skjermbilder-negativ/negativ-reload-krasj-6.png
 create mode 100644 docs/arkiv/2026-06-04/skjermbilder-negativ/negativ-soknad-direkte-krasj-5.png
 create mode 100644 docs/arkiv/2026-06-04/skjermbilder-negativ/negativ-url-ingen-feilside-1.png
 create mode 100644 docs/arkiv/2026-06-04/skjermbilder-negativ/negativ-url-ingen-feilside-2.png
 create mode 100644 docs/arkiv/2026-06-04/skjermbilder-negativ/negativ-url-ingen-feilside-3.png
 create mode 100644 docs/arkiv/2026-06-04/skjermbilder-negativ/negativ-url-ingen-feilside-4.png
 create mode 100644 docs/arkiv/2026-06-04/skjermbilder/innlogging-steg-1.png
 create mode 100644 docs/arkiv/2026-06-04/skjermbilder/innlogging-steg-2.png
 create mode 100644 docs/arkiv/2026-06-04/skjermbilder/innlogging-steg-3.png
 create mode 100644 docs/arkiv/2026-06-04/skjermbilder/innlogging-steg-4.png
 create mode 100644 docs/arkiv/2026-06-04/skjermbilder/innlogging-steg-5.png
 create mode 100644 docs/arkiv/2026-06-04/skjermbilder/s1-doede-lenker-side.png
 create mode 100644 docs/arkiv/2026-06-04/skjermbilder/s1-landmark-unique-0-element.png
 create mode 100644 docs/arkiv/2026-06-04/skjermbilder/s1-landmark-unique-0-side.png
 create mode 100644 docs/arkiv/2026-06-04/skjermbilder/s12-doede-lenker-side.png
 create mode 100644 docs/arkiv/2026-06-04/skjermbilder/s12-landmark-unique-0-element.png
 create mode 100644 docs/arkiv/2026-06-04/skjermbilder/s12-landmark-unique-0-side.png
 create mode 100644 docs/arkiv/2026-06-04/skjermbilder/s13-doede-lenker-side.png
 create mode 100644 docs/arkiv/2026-06-04/skjermbilder/s13-landmark-unique-0-element.png
 create mode 100644 docs/arkiv/2026-06-04/skjermbilder/s13-landmark-unique-0-side.png
 create mode 100644 docs/arkiv/2026-06-04/skjermbilder/s14-doede-lenker-side.png
 create mode 100644 docs/arkiv/2026-06-04/skjermbilder/s14-landmark-unique-0-element.png
 create mode 100644 docs/arkiv/2026-06-04/skjermbilder/s14-landmark-unique-0-side.png
 create mode 100644 docs/arkiv/2026-06-04/skjermbilder/s15-doede-lenker-side.png
 create mode 100644 docs/arkiv/2026-06-04/skjermbilder/s15-landmark-unique-0-element.png
 create mode 100644 docs/arkiv/2026-06-04/skjermbilder/s15-landmark-unique-0-side.png
 create mode 100644 docs/arkiv/2026-06-04/skjermbilder/s16-doede-lenker-side.png
 create mode 100644 docs/arkiv/2026-06-04/skjermbilder/s16-landmark-unique-0-element.png
 create mode 100644 docs/arkiv/2026-06-04/skjermbilder/s16-landmark-unique-0-side.png
 create mode 100644 docs/arkiv/2026-06-04/skjermbilder/s17-doede-lenker-side.png
 create mode 100644 docs/arkiv/2026-06-04/skjermbilder/s17-landmark-unique-0-element.png
 create mode 100644 docs/arkiv/2026-06-04/skjermbilder/s17-landmark-unique-0-side.png
 create mode 100644 docs/arkiv/2026-06-04/skjermbilder/s18-doede-lenker-side.png
 create mode 100644 docs/arkiv/2026-06-04/skjermbilder/s18-landmark-unique-0-element.png
 create mode 100644 docs/arkiv/2026-06-04/skjermbilder/s18-landmark-unique-0-side.png
 create mode 100644 docs/arkiv/2026-06-04/skjermbilder/s19-doede-lenker-side.png
 create mode 100644 docs/arkiv/2026-06-04/skjermbilder/s19-landmark-unique-0-element.png
 create mode 100644 docs/arkiv/2026-06-04/skjermbilder/s19-landmark-unique-0-side.png
 create mode 100644 docs/arkiv/2026-06-04/skjermbilder/s2-doede-lenker-side.png
 create mode 100644 docs/arkiv/2026-06-04/skjermbilder/s2-landmark-unique-0-element.png
 create mode 100644 docs/arkiv/2026-06-04/skjermbilder/s2-landmark-unique-0-side.png
 create mode 100644 docs/arkiv/2026-06-04/skjermbilder/s3-doede-lenker-side.png
 create mode 100644 docs/arkiv/2026-06-04/skjermbilder/s3-landmark-unique-0-element.png
 create mode 100644 docs/arkiv/2026-06-04/skjermbilder/s3-landmark-unique-0-side.png
 create mode 100644 docs/arkiv/2026-06-04/skjermbilder/s4-doede-lenker-element.png
 create mode 100644 docs/arkiv/2026-06-04/skjermbilder/s4-doede-lenker-side.png
 create mode 100644 docs/arkiv/2026-06-04/skjermbilder/s4-landmark-unique-0-element.png
 create mode 100644 docs/arkiv/2026-06-04/skjermbilder/s4-landmark-unique-0-side.png
 create mode 100644 docs/arkiv/2026-06-04/uu-rapport-08-30.html
 create mode 100644 docs/arkiv/2026-06-04/uu-rapport.html
 create mode 100644 docs/arkiv/2026-06-04/ytelse-rapport.html
 create mode 100644 rapporter/2026-06-04/brukerhistorie-rapport.html
 create mode 100644 rapporter/2026-06-04/brukerhistorie-resultat.json
 create mode 100644 rapporter/2026-06-04/monkey-rapport-08-30.html
 create mode 100644 rapporter/2026-06-04/monkey-rapport.html
 create mode 100644 rapporter/2026-06-04/monkey-resultat-08-30.json
 create mode 100644 rapporter/2026-06-04/monkey-resultat.json
 create mode 100644 rapporter/2026-06-04/negativ-rapport-08-31.html
 create mode 100644 rapporter/2026-06-04/negativ-rapport.html
 create mode 100644 rapporter/2026-06-04/negativ-resultat-08-31.json
 create mode 100644 rapporter/2026-06-04/negativ-resultat.json
 create mode 100644 rapporter/2026-06-04/resultat-08-30.json
 create mode 100644 rapporter/2026-06-04/resultat.json
 create mode 100644 rapporter/2026-06-04/sikkerhet-rapport-08-30.html
 create mode 100644 rapporter/2026-06-04/sikkerhet-rapport.html
 create mode 100644 rapporter/2026-06-04/sikkerhet-resultat-08-30.json
 create mode 100644 rapporter/2026-06-04/sikkerhet-resultat.json
 create mode 100644 rapporter/2026-06-04/skjermbilder-monkey/monkey-pre-submit-1.png
 create mode 100644 rapporter/2026-06-04/skjermbilder-monkey/monkey-pre-submit-2.png
 create mode 100644 rapporter/2026-06-04/skjermbilder-monkey/monkey-pre-submit-3.png
 create mode 100644 rapporter/2026-06-04/skjermbilder-monkey/monkey-pre-submit-4.png
 create mode 100644 rapporter/2026-06-04/skjermbilder-monkey/monkey-pre-submit-5.png
 create mode 100644 rapporter/2026-06-04/skjermbilder-negativ/negativ-mobil-7.png
 create mode 100644 rapporter/2026-06-04/skjermbilder-negativ/negativ-reload-krasj-6.png
 create mode 100644 rapporter/2026-06-04/skjermbilder-negativ/negativ-soknad-direkte-krasj-5.png
 create mode 100644 rapporter/2026-06-04/skjermbilder-negativ/negativ-url-ingen-feilside-1.png
 create mode 100644 rapporter/2026-06-04/skjermbilder-negativ/negativ-url-ingen-feilside-2.png
 create mode 100644 rapporter/2026-06-04/skjermbilder-negativ/negativ-url-ingen-feilside-3.png
 create mode 100644 rapporter/2026-06-04/skjermbilder-negativ/negativ-url-ingen-feilside-4.png
 create mode 100644 rapporter/2026-06-04/skjermbilder/innlogging-steg-1.png
 create mode 100644 rapporter/2026-06-04/skjermbilder/innlogging-steg-2.png
 create mode 100644 rapporter/2026-06-04/skjermbilder/innlogging-steg-3.png
 create mode 100644 rapporter/2026-06-04/skjermbilder/innlogging-steg-4.png
 create mode 100644 rapporter/2026-06-04/skjermbilder/innlogging-steg-5.png
 create mode 100644 rapporter/2026-06-04/skjermbilder/s1-doede-lenker-side.png
 create mode 100644 rapporter/2026-06-04/skjermbilder/s1-landmark-unique-0-element.png
 create mode 100644 rapporter/2026-06-04/skjermbilder/s1-landmark-unique-0-side.png
 create mode 100644 rapporter/2026-06-04/skjermbilder/s12-doede-lenker-side.png
 create mode 100644 rapporter/2026-06-04/skjermbilder/s12-landmark-unique-0-element.png
 create mode 100644 rapporter/2026-06-04/skjermbilder/s12-landmark-unique-0-side.png
 create mode 100644 rapporter/2026-06-04/skjermbilder/s13-doede-lenker-side.png
 create mode 100644 rapporter/2026-06-04/skjermbilder/s13-landmark-unique-0-element.png
 create mode 100644 rapporter/2026-06-04/skjermbilder/s13-landmark-unique-0-side.png
 create mode 100644 rapporter/2026-06-04/skjermbilder/s14-doede-lenker-side.png
 create mode 100644 rapporter/2026-06-04/skjermbilder/s14-landmark-unique-0-element.png
 create mode 100644 rapporter/2026-06-04/skjermbilder/s14-landmark-unique-0-side.png
 create mode 100644 rapporter/2026-06-04/skjermbilder/s15-doede-lenker-side.png
 create mode 100644 rapporter/2026-06-04/skjermbilder/s15-landmark-unique-0-element.png
 create mode 100644 rapporter/2026-06-04/skjermbilder/s15-landmark-unique-0-side.png
 create mode 100644 rapporter/2026-06-04/skjermbilder/s16-doede-lenker-side.png
 create mode 100644 rapporter/2026-06-04/skjermbilder/s16-landmark-unique-0-element.png
 create mode 100644 rapporter/2026-06-04/skjermbilder/s16-landmark-unique-0-side.png
 create mode 100644 rapporter/2026-06-04/skjermbilder/s17-doede-lenker-side.png
 create mode 100644 rapporter/2026-06-04/skjermbilder/s17-landmark-unique-0-element.png
 create mode 100644 rapporter/2026-06-04/skjermbilder/s17-landmark-unique-0-side.png
 create mode 100644 rapporter/2026-06-04/skjermbilder/s18-doede-lenker-side.png
 create mode 100644 rapporter/2026-06-04/skjermbilder/s18-landmark-unique-0-element.png
 create mode 100644 rapporter/2026-06-04/skjermbilder/s18-landmark-unique-0-side.png
 create mode 100644 rapporter/2026-06-04/skjermbilder/s19-doede-lenker-side.png
 create mode 100644 rapporter/2026-06-04/skjermbilder/s19-landmark-unique-0-element.png
 create mode 100644 rapporter/2026-06-04/skjermbilder/s19-landmark-unique-0-side.png
 create mode 100644 rapporter/2026-06-04/skjermbilder/s2-doede-lenker-side.png
 create mode 100644 rapporter/2026-06-04/skjermbilder/s2-landmark-unique-0-element.png
 create mode 100644 rapporter/2026-06-04/skjermbilder/s2-landmark-unique-0-side.png
 create mode 100644 rapporter/2026-06-04/skjermbilder/s3-doede-lenker-side.png
 create mode 100644 rapporter/2026-06-04/skjermbilder/s3-landmark-unique-0-element.png
 create mode 100644 rapporter/2026-06-04/skjermbilder/s3-landmark-unique-0-side.png
 create mode 100644 rapporter/2026-06-04/skjermbilder/s4-doede-lenker-element.png
 create mode 100644 rapporter/2026-06-04/skjermbilder/s4-doede-lenker-side.png
 create mode 100644 rapporter/2026-06-04/skjermbilder/s4-landmark-unique-0-element.png
 create mode 100644 rapporter/2026-06-04/skjermbilder/s4-landmark-unique-0-side.png
 create mode 100644 rapporter/2026-06-04/uu-rapport-08-30.html
 create mode 100644 rapporter/2026-06-04/uu-rapport.html
 create mode 100644 rapporter/2026-06-04/ytelse-rapport.html
 create mode 100644 rapporter/2026-06-04/ytelse-resultat.json
[main 7cc4180] Daglig UU-rapport 2026-06-05 [skip ci]
 169 files changed, 36970 insertions(+), 1000 deletions(-)
 create mode 100644 docs/arkiv/2026-06-05/brukerhistorie-rapport.html
 create mode 100644 docs/arkiv/2026-06-05/monkey-rapport-08-30.html
 create mode 100644 docs/arkiv/2026-06-05/monkey-rapport.html
 create mode 100644 docs/arkiv/2026-06-05/negativ-rapport-08-30.html
 create mode 100644 docs/arkiv/2026-06-05/negativ-rapport.html
 create mode 100644 docs/arkiv/2026-06-05/sikkerhet-rapport-08-30.html
 create mode 100644 docs/arkiv/2026-06-05/sikkerhet-rapport.html
 create mode 100644 docs/arkiv/2026-06-05/skjermbilder-monkey/monkey-pre-submit-1.png
 create mode 100644 docs/arkiv/2026-06-05/skjermbilder-monkey/monkey-pre-submit-2.png
 create mode 100644 docs/arkiv/2026-06-05/skjermbilder-monkey/monkey-pre-submit-3.png
 create mode 100644 docs/arkiv/2026-06-05/skjermbilder-monkey/monkey-pre-submit-4.png
 create mode 100644 docs/arkiv/2026-06-05/skjermbilder-negativ/negativ-mobil-7.png
 create mode 100644 docs/arkiv/2026-06-05/skjermbilder-negativ/negativ-reload-krasj-6.png
 create mode 100644 docs/arkiv/2026-06-05/skjermbilder-negativ/negativ-soknad-direkte-krasj-5.png
 create mode 100644 docs/arkiv/2026-06-05/skjermbilder-negativ/negativ-url-ingen-feilside-1.png
 create mode 100644 docs/arkiv/2026-06-05/skjermbilder-negativ/negativ-url-ingen-feilside-2.png
 create mode 100644 docs/arkiv/2026-06-05/skjermbilder-negativ/negativ-url-ingen-feilside-3.png
 create mode 100644 docs/arkiv/2026-06-05/skjermbilder-negativ/negativ-url-ingen-feilside-4.png
 create mode 100644 docs/arkiv/2026-06-05/skjermbilder/innlogging-steg-1.png
 create mode 100644 docs/arkiv/2026-06-05/skjermbilder/innlogging-steg-2.png
 create mode 100644 docs/arkiv/2026-06-05/skjermbilder/innlogging-steg-3.png
 create mode 100644 docs/arkiv/2026-06-05/skjermbilder/innlogging-steg-4.png
 create mode 100644 docs/arkiv/2026-06-05/skjermbilder/innlogging-steg-5.png
 create mode 100644 docs/arkiv/2026-06-05/skjermbilder/s1-doede-lenker-side.png
 create mode 100644 docs/arkiv/2026-06-05/skjermbilder/s1-landmark-unique-0-element.png
 create mode 100644 docs/arkiv/2026-06-05/skjermbilder/s1-landmark-unique-0-side.png
 create mode 100644 docs/arkiv/2026-06-05/skjermbilder/s12-doede-lenker-side.png
 create mode 100644 docs/arkiv/2026-06-05/skjermbilder/s12-landmark-unique-0-element.png
 create mode 100644 docs/arkiv/2026-06-05/skjermbilder/s12-landmark-unique-0-side.png
 create mode 100644 docs/arkiv/2026-06-05/skjermbilder/s13-doede-lenker-side.png
 create mode 100644 docs/arkiv/2026-06-05/skjermbilder/s13-landmark-unique-0-element.png
 create mode 100644 docs/arkiv/2026-06-05/skjermbilder/s13-landmark-unique-0-side.png
 create mode 100644 docs/arkiv/2026-06-05/skjermbilder/s14-doede-lenker-side.png
 create mode 100644 docs/arkiv/2026-06-05/skjermbilder/s14-landmark-unique-0-element.png
 create mode 100644 docs/arkiv/2026-06-05/skjermbilder/s14-landmark-unique-0-side.png
 create mode 100644 docs/arkiv/2026-06-05/skjermbilder/s15-doede-lenker-side.png
 create mode 100644 docs/arkiv/2026-06-05/skjermbilder/s15-landmark-unique-0-element.png
 create mode 100644 docs/arkiv/2026-06-05/skjermbilder/s15-landmark-unique-0-side.png
 create mode 100644 docs/arkiv/2026-06-05/skjermbilder/s16-doede-lenker-side.png
 create mode 100644 docs/arkiv/2026-06-05/skjermbilder/s16-landmark-unique-0-element.png
 create mode 100644 docs/arkiv/2026-06-05/skjermbilder/s16-landmark-unique-0-side.png
 create mode 100644 docs/arkiv/2026-06-05/skjermbilder/s17-doede-lenker-side.png
 create mode 100644 docs/arkiv/2026-06-05/skjermbilder/s17-landmark-unique-0-element.png
 create mode 100644 docs/arkiv/2026-06-05/skjermbilder/s17-landmark-unique-0-side.png
 create mode 100644 docs/arkiv/2026-06-05/skjermbilder/s18-doede-lenker-side.png
 create mode 100644 docs/arkiv/2026-06-05/skjermbilder/s18-landmark-unique-0-element.png
 create mode 100644 docs/arkiv/2026-06-05/skjermbilder/s18-landmark-unique-0-side.png
 create mode 100644 docs/arkiv/2026-06-05/skjermbilder/s19-doede-lenker-side.png
 create mode 100644 docs/arkiv/2026-06-05/skjermbilder/s19-landmark-unique-0-element.png
 create mode 100644 docs/arkiv/2026-06-05/skjermbilder/s19-landmark-unique-0-side.png
 create mode 100644 docs/arkiv/2026-06-05/skjermbilder/s2-doede-lenker-side.png
 create mode 100644 docs/arkiv/2026-06-05/skjermbilder/s2-landmark-unique-0-element.png
 create mode 100644 docs/arkiv/2026-06-05/skjermbilder/s2-landmark-unique-0-side.png
 create mode 100644 docs/arkiv/2026-06-05/skjermbilder/s3-doede-lenker-side.png
 create mode 100644 docs/arkiv/2026-06-05/skjermbilder/s3-landmark-unique-0-element.png
 create mode 100644 docs/arkiv/2026-06-05/skjermbilder/s3-landmark-unique-0-side.png
 create mode 100644 docs/arkiv/2026-06-05/skjermbilder/s4-doede-lenker-element.png
 create mode 100644 docs/arkiv/2026-06-05/skjermbilder/s4-doede-lenker-side.png
 create mode 100644 docs/arkiv/2026-06-05/skjermbilder/s4-landmark-unique-0-element.png
 create mode 100644 docs/arkiv/2026-06-05/skjermbilder/s4-landmark-unique-0-side.png
 create mode 100644 docs/arkiv/2026-06-05/uu-rapport-08-30.html
 create mode 100644 docs/arkiv/2026-06-05/uu-rapport.html
 create mode 100644 docs/arkiv/2026-06-05/ytelse-rapport.html
 create mode 100644 rapporter/2026-06-05/brukerhistorie-rapport.html
 create mode 100644 rapporter/2026-06-05/brukerhistorie-resultat.json
 create mode 100644 rapporter/2026-06-05/monkey-rapport-08-30.html
 create mode 100644 rapporter/2026-06-05/monkey-rapport.html
 create mode 100644 rapporter/2026-06-05/monkey-resultat-08-30.json
 create mode 100644 rapporter/2026-06-05/monkey-resultat.json
 create mode 100644 rapporter/2026-06-05/negativ-rapport-08-30.html
 create mode 100644 rapporter/2026-06-05/negativ-rapport.html
 create mode 100644 rapporter/2026-06-05/negativ-resultat-08-30.json
 create mode 100644 rapporter/2026-06-05/negativ-resultat.json
 create mode 100644 rapporter/2026-06-05/resultat-08-30.json
 create mode 100644 rapporter/2026-06-05/resultat.json
 create mode 100644 rapporter/2026-06-05/sikkerhet-rapport-08-30.html
 create mode 100644 rapporter/2026-06-05/sikkerhet-rapport.html
 create mode 100644 rapporter/2026-06-05/sikkerhet-resultat-08-30.json
 create mode 100644 rapporter/2026-06-05/sikkerhet-resultat.json
 create mode 100644 rapporter/2026-06-05/skjermbilder-monkey/monkey-pre-submit-1.png
 create mode 100644 rapporter/2026-06-05/skjermbilder-monkey/monkey-pre-submit-2.png
 create mode 100644 rapporter/2026-06-05/skjermbilder-monkey/monkey-pre-submit-3.png
 create mode 100644 rapporter/2026-06-05/skjermbilder-monkey/monkey-pre-submit-4.png
 create mode 100644 rapporter/2026-06-05/skjermbilder-negativ/negativ-mobil-7.png
 create mode 100644 rapporter/2026-06-05/skjermbilder-negativ/negativ-reload-krasj-6.png
 create mode 100644 rapporter/2026-06-05/skjermbilder-negativ/negativ-soknad-direkte-krasj-5.png
 create mode 100644 rapporter/2026-06-05/skjermbilder-negativ/negativ-url-ingen-feilside-1.png
 create mode 100644 rapporter/2026-06-05/skjermbilder-negativ/negativ-url-ingen-feilside-2.png
 create mode 100644 rapporter/2026-06-05/skjermbilder-negativ/negativ-url-ingen-feilside-3.png
 create mode 100644 rapporter/2026-06-05/skjermbilder-negativ/negativ-url-ingen-feilside-4.png
 create mode 100644 rapporter/2026-06-05/skjermbilder/innlogging-steg-1.png
 create mode 100644 rapporter/2026-06-05/skjermbilder/innlogging-steg-2.png
 create mode 100644 rapporter/2026-06-05/skjermbilder/innlogging-steg-3.png
 create mode 100644 rapporter/2026-06-05/skjermbilder/innlogging-steg-4.png
 create mode 100644 rapporter/2026-06-05/skjermbilder/innlogging-steg-5.png
 create mode 100644 rapporter/2026-06-05/skjermbilder/s1-doede-lenker-side.png
 create mode 100644 rapporter/2026-06-05/skjermbilder/s1-landmark-unique-0-element.png
 create mode 100644 rapporter/2026-06-05/skjermbilder/s1-landmark-unique-0-side.png
 create mode 100644 rapporter/2026-06-05/skjermbilder/s12-doede-lenker-side.png
 create mode 100644 rapporter/2026-06-05/skjermbilder/s12-landmark-unique-0-element.png
 create mode 100644 rapporter/2026-06-05/skjermbilder/s12-landmark-unique-0-side.png
 create mode 100644 rapporter/2026-06-05/skjermbilder/s13-doede-lenker-side.png
 create mode 100644 rapporter/2026-06-05/skjermbilder/s13-landmark-unique-0-element.png
 create mode 100644 rapporter/2026-06-05/skjermbilder/s13-landmark-unique-0-side.png
 create mode 100644 rapporter/2026-06-05/skjermbilder/s14-doede-lenker-side.png
 create mode 100644 rapporter/2026-06-05/skjermbilder/s14-landmark-unique-0-element.png
 create mode 100644 rapporter/2026-06-05/skjermbilder/s14-landmark-unique-0-side.png
 create mode 100644 rapporter/2026-06-05/skjermbilder/s15-doede-lenker-side.png
 create mode 100644 rapporter/2026-06-05/skjermbilder/s15-landmark-unique-0-element.png
 create mode 100644 rapporter/2026-06-05/skjermbilder/s15-landmark-unique-0-side.png
 create mode 100644 rapporter/2026-06-05/skjermbilder/s16-doede-lenker-side.png
 create mode 100644 rapporter/2026-06-05/skjermbilder/s16-landmark-unique-0-element.png
 create mode 100644 rapporter/2026-06-05/skjermbilder/s16-landmark-unique-0-side.png
 create mode 100644 rapporter/2026-06-05/skjermbilder/s17-doede-lenker-side.png
 create mode 100644 rapporter/2026-06-05/skjermbilder/s17-landmark-unique-0-element.png
 create mode 100644 rapporter/2026-06-05/skjermbilder/s17-landmark-unique-0-side.png
 create mode 100644 rapporter/2026-06-05/skjermbilder/s18-doede-lenker-side.png
 create mode 100644 rapporter/2026-06-05/skjermbilder/s18-landmark-unique-0-element.png
 create mode 100644 rapporter/2026-06-05/skjermbilder/s18-landmark-unique-0-side.png
 create mode 100644 rapporter/2026-06-05/skjermbilder/s19-doede-lenker-side.png
 create mode 100644 rapporter/2026-06-05/skjermbilder/s19-landmark-unique-0-element.png
 create mode 100644 rapporter/2026-06-05/skjermbilder/s19-landmark-unique-0-side.png
 create mode 100644 rapporter/2026-06-05/skjermbilder/s2-doede-lenker-side.png
 create mode 100644 rapporter/2026-06-05/skjermbilder/s2-landmark-unique-0-element.png
 create mode 100644 rapporter/2026-06-05/skjermbilder/s2-landmark-unique-0-side.png
 create mode 100644 rapporter/2026-06-05/skjermbilder/s3-doede-lenker-side.png
 create mode 100644 rapporter/2026-06-05/skjermbilder/s3-landmark-unique-0-element.png
 create mode 100644 rapporter/2026-06-05/skjermbilder/s3-landmark-unique-0-side.png
 create mode 100644 rapporter/2026-06-05/skjermbilder/s4-doede-lenker-element.png
 create mode 100644 rapporter/2026-06-05/skjermbilder/s4-doede-lenker-side.png
 create mode 100644 rapporter/2026-06-05/skjermbilder/s4-landmark-unique-0-element.png
 create mode 100644 rapporter/2026-06-05/skjermbilder/s4-landmark-unique-0-side.png
 create mode 100644 rapporter/2026-06-05/uu-rapport-08-30.html
 create mode 100644 rapporter/2026-06-05/uu-rapport.html
 create mode 100644 rapporter/2026-06-05/ytelse-rapport.html
 create mode 100644 rapporter/2026-06-05/ytelse-resultat.json
[main a334f75] Daglig UU-rapport 2026-06-08 [skip ci]
 129 files changed, 17884 insertions(+), 737 deletions(-)
 create mode 100644 docs/arkiv/2026-06-08/monkey-rapport-08-30.html
 create mode 100644 docs/arkiv/2026-06-08/negativ-rapport-08-30.html
 create mode 100644 docs/arkiv/2026-06-08/sikkerhet-rapport-08-30.html
 create mode 100644 docs/arkiv/2026-06-08/skjermbilder-monkey/monkey-pre-submit-8.png
 create mode 100644 docs/arkiv/2026-06-08/uu-rapport-08-30.html
 create mode 100644 rapporter/2026-06-08/monkey-rapport-08-30.html
 create mode 100644 rapporter/2026-06-08/monkey-resultat-08-30.json
 create mode 100644 rapporter/2026-06-08/negativ-rapport-08-30.html
 create mode 100644 rapporter/2026-06-08/negativ-resultat-08-30.json
 create mode 100644 rapporter/2026-06-08/resultat-08-30.json
 create mode 100644 rapporter/2026-06-08/sikkerhet-rapport-08-30.html
 create mode 100644 rapporter/2026-06-08/sikkerhet-resultat-08-30.json
 create mode 100644 rapporter/2026-06-08/skjermbilder-monkey/monkey-pre-submit-8.png
 create mode 100644 rapporter/2026-06-08/uu-rapport-08-30.html
[main 5e93e60] Daglig UU-rapport 2026-06-09 [skip ci]
 193 files changed, 39419 insertions(+), 1088 deletions(-)
 create mode 100644 docs/arkiv/2026-06-09/brukerhistorie-rapport.html
 create mode 100644 docs/arkiv/2026-06-09/monkey-rapport-08-30.html
 create mode 100644 docs/arkiv/2026-06-09/monkey-rapport.html
 create mode 100644 docs/arkiv/2026-06-09/negativ-rapport-08-30.html
 create mode 100644 docs/arkiv/2026-06-09/negativ-rapport.html
 create mode 100644 docs/arkiv/2026-06-09/sikkerhet-rapport-08-30.html
 create mode 100644 docs/arkiv/2026-06-09/sikkerhet-rapport.html
 create mode 100644 docs/arkiv/2026-06-09/skjermbilder-monkey/monkey-pre-submit-1.png
 create mode 100644 docs/arkiv/2026-06-09/skjermbilder-monkey/monkey-pre-submit-2.png
 create mode 100644 docs/arkiv/2026-06-09/skjermbilder-monkey/monkey-pre-submit-3.png
 create mode 100644 docs/arkiv/2026-06-09/skjermbilder-monkey/monkey-pre-submit-4.png
 create mode 100644 docs/arkiv/2026-06-09/skjermbilder-monkey/monkey-pre-submit-5.png
 create mode 100644 docs/arkiv/2026-06-09/skjermbilder-negativ/negativ-mobil-7.png
 create mode 100644 docs/arkiv/2026-06-09/skjermbilder-negativ/negativ-reload-krasj-6.png
 create mode 100644 docs/arkiv/2026-06-09/skjermbilder-negativ/negativ-soknad-direkte-krasj-5.png
 create mode 100644 docs/arkiv/2026-06-09/skjermbilder-negativ/negativ-url-ingen-feilside-1.png
 create mode 100644 docs/arkiv/2026-06-09/skjermbilder-negativ/negativ-url-ingen-feilside-2.png
 create mode 100644 docs/arkiv/2026-06-09/skjermbilder-negativ/negativ-url-ingen-feilside-3.png
 create mode 100644 docs/arkiv/2026-06-09/skjermbilder-negativ/negativ-url-ingen-feilside-4.png
 create mode 100644 docs/arkiv/2026-06-09/skjermbilder/innlogging-steg-1.png
 create mode 100644 docs/arkiv/2026-06-09/skjermbilder/innlogging-steg-2.png
 create mode 100644 docs/arkiv/2026-06-09/skjermbilder/innlogging-steg-3.png
 create mode 100644 docs/arkiv/2026-06-09/skjermbilder/innlogging-steg-4.png
 create mode 100644 docs/arkiv/2026-06-09/skjermbilder/innlogging-steg-5.png
 create mode 100644 docs/arkiv/2026-06-09/skjermbilder/s1-doede-lenker-side.png
 create mode 100644 docs/arkiv/2026-06-09/skjermbilder/s1-landmark-unique-0-element.png
 create mode 100644 docs/arkiv/2026-06-09/skjermbilder/s1-landmark-unique-0-side.png
 create mode 100644 docs/arkiv/2026-06-09/skjermbilder/s1-link-name-1-element.png
 create mode 100644 docs/arkiv/2026-06-09/skjermbilder/s1-link-name-1-side.png
 create mode 100644 docs/arkiv/2026-06-09/skjermbilder/s1-role-img-alt-2-element.png
 create mode 100644 docs/arkiv/2026-06-09/skjermbilder/s1-role-img-alt-2-side.png
 create mode 100644 docs/arkiv/2026-06-09/skjermbilder/s12-doede-lenker-side.png
 create mode 100644 docs/arkiv/2026-06-09/skjermbilder/s12-landmark-unique-0-element.png
 create mode 100644 docs/arkiv/2026-06-09/skjermbilder/s12-landmark-unique-0-side.png
 create mode 100644 docs/arkiv/2026-06-09/skjermbilder/s13-doede-lenker-side.png
 create mode 100644 docs/arkiv/2026-06-09/skjermbilder/s13-landmark-unique-0-element.png
 create mode 100644 docs/arkiv/2026-06-09/skjermbilder/s13-landmark-unique-0-side.png
 create mode 100644 docs/arkiv/2026-06-09/skjermbilder/s14-doede-lenker-side.png
 create mode 100644 docs/arkiv/2026-06-09/skjermbilder/s14-landmark-unique-0-element.png
 create mode 100644 docs/arkiv/2026-06-09/skjermbilder/s14-landmark-unique-0-side.png
 create mode 100644 docs/arkiv/2026-06-09/skjermbilder/s15-doede-lenker-side.png
 create mode 100644 docs/arkiv/2026-06-09/skjermbilder/s15-landmark-unique-0-element.png
 create mode 100644 docs/arkiv/2026-06-09/skjermbilder/s15-landmark-unique-0-side.png
 create mode 100644 docs/arkiv/2026-06-09/skjermbilder/s16-doede-lenker-side.png
 create mode 100644 docs/arkiv/2026-06-09/skjermbilder/s16-landmark-unique-0-element.png
 create mode 100644 docs/arkiv/2026-06-09/skjermbilder/s16-landmark-unique-0-side.png
 create mode 100644 docs/arkiv/2026-06-09/skjermbilder/s17-doede-lenker-side.png
 create mode 100644 docs/arkiv/2026-06-09/skjermbilder/s17-landmark-unique-0-element.png
 create mode 100644 docs/arkiv/2026-06-09/skjermbilder/s17-landmark-unique-0-side.png
 create mode 100644 docs/arkiv/2026-06-09/skjermbilder/s18-doede-lenker-side.png
 create mode 100644 docs/arkiv/2026-06-09/skjermbilder/s18-landmark-unique-0-element.png
 create mode 100644 docs/arkiv/2026-06-09/skjermbilder/s18-landmark-unique-0-side.png
 create mode 100644 docs/arkiv/2026-06-09/skjermbilder/s19-doede-lenker-side.png
 create mode 100644 docs/arkiv/2026-06-09/skjermbilder/s19-landmark-unique-0-element.png
 create mode 100644 docs/arkiv/2026-06-09/skjermbilder/s19-landmark-unique-0-side.png
 create mode 100644 docs/arkiv/2026-06-09/skjermbilder/s2-doede-lenker-side.png
 create mode 100644 docs/arkiv/2026-06-09/skjermbilder/s2-landmark-unique-0-element.png
 create mode 100644 docs/arkiv/2026-06-09/skjermbilder/s2-landmark-unique-0-side.png
 create mode 100644 docs/arkiv/2026-06-09/skjermbilder/s3-doede-lenker-side.png
 create mode 100644 docs/arkiv/2026-06-09/skjermbilder/s3-landmark-unique-0-element.png
 create mode 100644 docs/arkiv/2026-06-09/skjermbilder/s3-landmark-unique-0-side.png
 create mode 100644 docs/arkiv/2026-06-09/skjermbilder/s3-link-name-1-element.png
 create mode 100644 docs/arkiv/2026-06-09/skjermbilder/s3-link-name-1-side.png
 create mode 100644 docs/arkiv/2026-06-09/skjermbilder/s3-role-img-alt-2-element.png
 create mode 100644 docs/arkiv/2026-06-09/skjermbilder/s3-role-img-alt-2-side.png
 create mode 100644 docs/arkiv/2026-06-09/skjermbilder/s4-doede-lenker-element.png
 create mode 100644 docs/arkiv/2026-06-09/skjermbilder/s4-doede-lenker-side.png
 create mode 100644 docs/arkiv/2026-06-09/skjermbilder/s4-landmark-unique-0-element.png
 create mode 100644 docs/arkiv/2026-06-09/skjermbilder/s4-landmark-unique-0-side.png
 create mode 100644 docs/arkiv/2026-06-09/uu-rapport-08-30.html
 create mode 100644 docs/arkiv/2026-06-09/uu-rapport.html
 create mode 100644 docs/arkiv/2026-06-09/ytelse-rapport.html
 create mode 100644 rapporter/2026-06-09/brukerhistorie-rapport.html
 create mode 100644 rapporter/2026-06-09/brukerhistorie-resultat.json
 create mode 100644 rapporter/2026-06-09/monkey-rapport-08-30.html
 create mode 100644 rapporter/2026-06-09/monkey-rapport.html
 create mode 100644 rapporter/2026-06-09/monkey-resultat-08-30.json
 create mode 100644 rapporter/2026-06-09/monkey-resultat.json
 create mode 100644 rapporter/2026-06-09/negativ-rapport-08-30.html
 create mode 100644 rapporter/2026-06-09/negativ-rapport.html
 create mode 100644 rapporter/2026-06-09/negativ-resultat-08-30.json
 create mode 100644 rapporter/2026-06-09/negativ-resultat.json
 create mode 100644 rapporter/2026-06-09/resultat-08-30.json
 create mode 100644 rapporter/2026-06-09/resultat.json
 create mode 100644 rapporter/2026-06-09/sikkerhet-rapport-08-30.html
 create mode 100644 rapporter/2026-06-09/sikkerhet-rapport.html
 create mode 100644 rapporter/2026-06-09/sikkerhet-resultat-08-30.json
 create mode 100644 rapporter/2026-06-09/sikkerhet-resultat.json
 create mode 100644 rapporter/2026-06-09/skjermbilder-monkey/monkey-pre-submit-1.png
 create mode 100644 rapporter/2026-06-09/skjermbilder-monkey/monkey-pre-submit-2.png
 create mode 100644 rapporter/2026-06-09/skjermbilder-monkey/monkey-pre-submit-3.png
 create mode 100644 rapporter/2026-06-09/skjermbilder-monkey/monkey-pre-submit-4.png
 create mode 100644 rapporter/2026-06-09/skjermbilder-monkey/monkey-pre-submit-5.png
 create mode 100644 rapporter/2026-06-09/skjermbilder-negativ/negativ-mobil-7.png
 create mode 100644 rapporter/2026-06-09/skjermbilder-negativ/negativ-reload-krasj-6.png
 create mode 100644 rapporter/2026-06-09/skjermbilder-negativ/negativ-soknad-direkte-krasj-5.png
 create mode 100644 rapporter/2026-06-09/skjermbilder-negativ/negativ-url-ingen-feilside-1.png
 create mode 100644 rapporter/2026-06-09/skjermbilder-negativ/negativ-url-ingen-feilside-2.png
 create mode 100644 rapporter/2026-06-09/skjermbilder-negativ/negativ-url-ingen-feilside-3.png
 create mode 100644 rapporter/2026-06-09/skjermbilder-negativ/negativ-url-ingen-feilside-4.png
 create mode 100644 rapporter/2026-06-09/skjermbilder/innlogging-steg-1.png
 create mode 100644 rapporter/2026-06-09/skjermbilder/innlogging-steg-2.png
 create mode 100644 rapporter/2026-06-09/skjermbilder/innlogging-steg-3.png
 create mode 100644 rapporter/2026-06-09/skjermbilder/innlogging-steg-4.png
 create mode 100644 rapporter/2026-06-09/skjermbilder/innlogging-steg-5.png
 create mode 100644 rapporter/2026-06-09/skjermbilder/s1-doede-lenker-side.png
 create mode 100644 rapporter/2026-06-09/skjermbilder/s1-landmark-unique-0-element.png
 create mode 100644 rapporter/2026-06-09/skjermbilder/s1-landmark-unique-0-side.png
 create mode 100644 rapporter/2026-06-09/skjermbilder/s1-link-name-1-element.png
 create mode 100644 rapporter/2026-06-09/skjermbilder/s1-link-name-1-side.png
 create mode 100644 rapporter/2026-06-09/skjermbilder/s1-role-img-alt-2-element.png
 create mode 100644 rapporter/2026-06-09/skjermbilder/s1-role-img-alt-2-side.png
 create mode 100644 rapporter/2026-06-09/skjermbilder/s12-doede-lenker-side.png
 create mode 100644 rapporter/2026-06-09/skjermbilder/s12-landmark-unique-0-element.png
 create mode 100644 rapporter/2026-06-09/skjermbilder/s12-landmark-unique-0-side.png
 create mode 100644 rapporter/2026-06-09/skjermbilder/s13-doede-lenker-side.png
 create mode 100644 rapporter/2026-06-09/skjermbilder/s13-landmark-unique-0-element.png
 create mode 100644 rapporter/2026-06-09/skjermbilder/s13-landmark-unique-0-side.png
 create mode 100644 rapporter/2026-06-09/skjermbilder/s14-doede-lenker-side.png
 create mode 100644 rapporter/2026-06-09/skjermbilder/s14-landmark-unique-0-element.png
 create mode 100644 rapporter/2026-06-09/skjermbilder/s14-landmark-unique-0-side.png
 create mode 100644 rapporter/2026-06-09/skjermbilder/s15-doede-lenker-side.png
 create mode 100644 rapporter/2026-06-09/skjermbilder/s15-landmark-unique-0-element.png
 create mode 100644 rapporter/2026-06-09/skjermbilder/s15-landmark-unique-0-side.png
 create mode 100644 rapporter/2026-06-09/skjermbilder/s16-doede-lenker-side.png
 create mode 100644 rapporter/2026-06-09/skjermbilder/s16-landmark-unique-0-element.png
 create mode 100644 rapporter/2026-06-09/skjermbilder/s16-landmark-unique-0-side.png
 create mode 100644 rapporter/2026-06-09/skjermbilder/s17-doede-lenker-side.png
 create mode 100644 rapporter/2026-06-09/skjermbilder/s17-landmark-unique-0-element.png
 create mode 100644 rapporter/2026-06-09/skjermbilder/s17-landmark-unique-0-side.png
 create mode 100644 rapporter/2026-06-09/skjermbilder/s18-doede-lenker-side.png
 create mode 100644 rapporter/2026-06-09/skjermbilder/s18-landmark-unique-0-element.png
 create mode 100644 rapporter/2026-06-09/skjermbilder/s18-landmark-unique-0-side.png
 create mode 100644 rapporter/2026-06-09/skjermbilder/s19-doede-lenker-side.png
 create mode 100644 rapporter/2026-06-09/skjermbilder/s19-landmark-unique-0-element.png
 create mode 100644 rapporter/2026-06-09/skjermbilder/s19-landmark-unique-0-side.png
 create mode 100644 rapporter/2026-06-09/skjermbilder/s2-doede-lenker-side.png
 create mode 100644 rapporter/2026-06-09/skjermbilder/s2-landmark-unique-0-element.png
 create mode 100644 rapporter/2026-06-09/skjermbilder/s2-landmark-unique-0-side.png
 create mode 100644 rapporter/2026-06-09/skjermbilder/s3-doede-lenker-side.png
 create mode 100644 rapporter/2026-06-09/skjermbilder/s3-landmark-unique-0-element.png
 create mode 100644 rapporter/2026-06-09/skjermbilder/s3-landmark-unique-0-side.png
 create mode 100644 rapporter/2026-06-09/skjermbilder/s3-link-name-1-element.png
 create mode 100644 rapporter/2026-06-09/skjermbilder/s3-link-name-1-side.png
 create mode 100644 rapporter/2026-06-09/skjermbilder/s3-role-img-alt-2-element.png
 create mode 100644 rapporter/2026-06-09/skjermbilder/s3-role-img-alt-2-side.png
 create mode 100644 rapporter/2026-06-09/skjermbilder/s4-doede-lenker-element.png
 create mode 100644 rapporter/2026-06-09/skjermbilder/s4-doede-lenker-side.png
 create mode 100644 rapporter/2026-06-09/skjermbilder/s4-landmark-unique-0-element.png
 create mode 100644 rapporter/2026-06-09/skjermbilder/s4-landmark-unique-0-side.png
 create mode 100644 rapporter/2026-06-09/uu-rapport-08-30.html
 create mode 100644 rapporter/2026-06-09/uu-rapport.html
 create mode 100644 rapporter/2026-06-09/ytelse-rapport.html
 create mode 100644 rapporter/2026-06-09/ytelse-resultat.json
[main e907222] Daglig UU-rapport 2026-06-11 [skip ci]
 211 files changed, 46208 insertions(+), 1123 deletions(-)
 create mode 100644 docs/arkiv/2026-06-11/brukerhistorie-rapport.html
 create mode 100644 docs/arkiv/2026-06-11/monkey-rapport-08-31.html
 create mode 100644 docs/arkiv/2026-06-11/monkey-rapport.html
 create mode 100644 docs/arkiv/2026-06-11/negativ-rapport-08-31.html
 create mode 100644 docs/arkiv/2026-06-11/negativ-rapport.html
 create mode 100644 docs/arkiv/2026-06-11/sikkerhet-rapport-08-31.html
 create mode 100644 docs/arkiv/2026-06-11/sikkerhet-rapport.html
 create mode 100644 docs/arkiv/2026-06-11/skjermbilder-monkey/monkey-pre-submit-1.png
 create mode 100644 docs/arkiv/2026-06-11/skjermbilder-monkey/monkey-pre-submit-2.png
 create mode 100644 docs/arkiv/2026-06-11/skjermbilder-monkey/monkey-pre-submit-3.png
 create mode 100644 docs/arkiv/2026-06-11/skjermbilder-monkey/monkey-pre-submit-4.png
 create mode 100644 docs/arkiv/2026-06-11/skjermbilder-monkey/monkey-pre-submit-5.png
 create mode 100644 docs/arkiv/2026-06-11/skjermbilder-monkey/monkey-pre-submit-6.png
 create mode 100644 docs/arkiv/2026-06-11/skjermbilder-monkey/monkey-pre-submit-7.png
 create mode 100644 docs/arkiv/2026-06-11/skjermbilder-negativ/negativ-mobil-7.png
 create mode 100644 docs/arkiv/2026-06-11/skjermbilder-negativ/negativ-reload-krasj-6.png
 create mode 100644 docs/arkiv/2026-06-11/skjermbilder-negativ/negativ-soknad-direkte-krasj-5.png
 create mode 100644 docs/arkiv/2026-06-11/skjermbilder-negativ/negativ-url-ingen-feilside-1.png
 create mode 100644 docs/arkiv/2026-06-11/skjermbilder-negativ/negativ-url-ingen-feilside-2.png
 create mode 100644 docs/arkiv/2026-06-11/skjermbilder-negativ/negativ-url-ingen-feilside-3.png
 create mode 100644 docs/arkiv/2026-06-11/skjermbilder-negativ/negativ-url-ingen-feilside-4.png
 create mode 100644 docs/arkiv/2026-06-11/skjermbilder/innlogging-steg-1.png
 create mode 100644 docs/arkiv/2026-06-11/skjermbilder/innlogging-steg-2.png
 create mode 100644 docs/arkiv/2026-06-11/skjermbilder/innlogging-steg-3.png
 create mode 100644 docs/arkiv/2026-06-11/skjermbilder/innlogging-steg-4.png
 create mode 100644 docs/arkiv/2026-06-11/skjermbilder/innlogging-steg-5.png
 create mode 100644 docs/arkiv/2026-06-11/skjermbilder/s1-doede-lenker-element.png
 create mode 100644 docs/arkiv/2026-06-11/skjermbilder/s1-doede-lenker-side.png
 create mode 100644 docs/arkiv/2026-06-11/skjermbilder/s10-doede-lenker-side.png
 create mode 100644 docs/arkiv/2026-06-11/skjermbilder/s11-doede-lenker-side.png
 create mode 100644 docs/arkiv/2026-06-11/skjermbilder/s12-doede-lenker-side.png
 create mode 100644 docs/arkiv/2026-06-11/skjermbilder/s13-doede-lenker-side.png
 create mode 100644 docs/arkiv/2026-06-11/skjermbilder/s14-doede-lenker-element.png
 create mode 100644 docs/arkiv/2026-06-11/skjermbilder/s14-doede-lenker-side.png
 create mode 100644 docs/arkiv/2026-06-11/skjermbilder/s15-button-name-0-side.png
 create mode 100644 docs/arkiv/2026-06-11/skjermbilder/s15-doede-lenker-side.png
 create mode 100644 docs/arkiv/2026-06-11/skjermbilder/s15-link-name-1-element.png
 create mode 100644 docs/arkiv/2026-06-11/skjermbilder/s15-link-name-1-side.png
 create mode 100644 docs/arkiv/2026-06-11/skjermbilder/s15-role-img-alt-2-element.png
 create mode 100644 docs/arkiv/2026-06-11/skjermbilder/s15-role-img-alt-2-side.png
 create mode 100644 docs/arkiv/2026-06-11/skjermbilder/s16-button-name-0-side.png
 create mode 100644 docs/arkiv/2026-06-11/skjermbilder/s16-doede-lenker-side.png
 create mode 100644 docs/arkiv/2026-06-11/skjermbilder/s16-link-name-1-element.png
 create mode 100644 docs/arkiv/2026-06-11/skjermbilder/s16-link-name-1-side.png
 create mode 100644 docs/arkiv/2026-06-11/skjermbilder/s16-role-img-alt-2-element.png
 create mode 100644 docs/arkiv/2026-06-11/skjermbilder/s16-role-img-alt-2-side.png
 create mode 100644 docs/arkiv/2026-06-11/skjermbilder/s17-doede-lenker-side.png
 create mode 100644 docs/arkiv/2026-06-11/skjermbilder/s17-link-name-0-element.png
 create mode 100644 docs/arkiv/2026-06-11/skjermbilder/s17-link-name-0-side.png
 create mode 100644 docs/arkiv/2026-06-11/skjermbilder/s17-role-img-alt-1-element.png
 create mode 100644 docs/arkiv/2026-06-11/skjermbilder/s17-role-img-alt-1-side.png
 create mode 100644 docs/arkiv/2026-06-11/skjermbilder/s18-doede-lenker-side.png
 create mode 100644 docs/arkiv/2026-06-11/skjermbilder/s18-link-name-0-element.png
 create mode 100644 docs/arkiv/2026-06-11/skjermbilder/s18-link-name-0-side.png
 create mode 100644 docs/arkiv/2026-06-11/skjermbilder/s18-role-img-alt-1-element.png
 create mode 100644 docs/arkiv/2026-06-11/skjermbilder/s18-role-img-alt-1-side.png
 create mode 100644 docs/arkiv/2026-06-11/skjermbilder/s19-doede-lenker-side.png
 create mode 100644 docs/arkiv/2026-06-11/skjermbilder/s19-link-name-0-element.png
 create mode 100644 docs/arkiv/2026-06-11/skjermbilder/s19-link-name-0-side.png
 create mode 100644 docs/arkiv/2026-06-11/skjermbilder/s19-role-img-alt-1-element.png
 create mode 100644 docs/arkiv/2026-06-11/skjermbilder/s19-role-img-alt-1-side.png
 create mode 100644 docs/arkiv/2026-06-11/skjermbilder/s2-doede-lenker-side.png
 create mode 100644 docs/arkiv/2026-06-11/skjermbilder/s20-button-name-0-side.png
 create mode 100644 docs/arkiv/2026-06-11/skjermbilder/s20-doede-lenker-side.png
 create mode 100644 docs/arkiv/2026-06-11/skjermbilder/s20-link-name-1-element.png
 create mode 100644 docs/arkiv/2026-06-11/skjermbilder/s20-link-name-1-side.png
 create mode 100644 docs/arkiv/2026-06-11/skjermbilder/s20-role-img-alt-2-element.png
 create mode 100644 docs/arkiv/2026-06-11/skjermbilder/s20-role-img-alt-2-side.png
 create mode 100644 docs/arkiv/2026-06-11/skjermbilder/s3-doede-lenker-side.png
 create mode 100644 docs/arkiv/2026-06-11/skjermbilder/s4-doede-lenker-element.png
 create mode 100644 docs/arkiv/2026-06-11/skjermbilder/s4-doede-lenker-side.png
 create mode 100644 docs/arkiv/2026-06-11/skjermbilder/s5-doede-lenker-side.png
 create mode 100644 docs/arkiv/2026-06-11/skjermbilder/s6-doede-lenker-element.png
 create mode 100644 docs/arkiv/2026-06-11/skjermbilder/s6-doede-lenker-side.png
 create mode 100644 docs/arkiv/2026-06-11/skjermbilder/s7-doede-lenker-element.png
 create mode 100644 docs/arkiv/2026-06-11/skjermbilder/s7-doede-lenker-side.png
 create mode 100644 docs/arkiv/2026-06-11/skjermbilder/s8-doede-lenker-side.png
 create mode 100644 docs/arkiv/2026-06-11/skjermbilder/s9-doede-lenker-side.png
 create mode 100644 docs/arkiv/2026-06-11/uu-rapport-08-30.html
 create mode 100644 docs/arkiv/2026-06-11/uu-rapport.html
 create mode 100644 docs/arkiv/2026-06-11/ytelse-rapport.html
 create mode 100644 rapporter/2026-06-11/brukerhistorie-rapport.html
 create mode 100644 rapporter/2026-06-11/brukerhistorie-resultat.json
 create mode 100644 rapporter/2026-06-11/monkey-rapport-08-31.html
 create mode 100644 rapporter/2026-06-11/monkey-rapport.html
 create mode 100644 rapporter/2026-06-11/monkey-resultat-08-31.json
 create mode 100644 rapporter/2026-06-11/monkey-resultat.json
 create mode 100644 rapporter/2026-06-11/negativ-rapport-08-31.html
 create mode 100644 rapporter/2026-06-11/negativ-rapport.html
 create mode 100644 rapporter/2026-06-11/negativ-resultat-08-31.json
 create mode 100644 rapporter/2026-06-11/negativ-resultat.json
 create mode 100644 rapporter/2026-06-11/resultat-08-30.json
 create mode 100644 rapporter/2026-06-11/resultat.json
 create mode 100644 rapporter/2026-06-11/sikkerhet-rapport-08-31.html
 create mode 100644 rapporter/2026-06-11/sikkerhet-rapport.html
 create mode 100644 rapporter/2026-06-11/sikkerhet-resultat-08-31.json
 create mode 100644 rapporter/2026-06-11/sikkerhet-resultat.json
 create mode 100644 rapporter/2026-06-11/skjermbilder-monkey/monkey-pre-submit-1.png
 create mode 100644 rapporter/2026-06-11/skjermbilder-monkey/monkey-pre-submit-2.png
 create mode 100644 rapporter/2026-06-11/skjermbilder-monkey/monkey-pre-submit-3.png
 create mode 100644 rapporter/2026-06-11/skjermbilder-monkey/monkey-pre-submit-4.png
 create mode 100644 rapporter/2026-06-11/skjermbilder-monkey/monkey-pre-submit-5.png
 create mode 100644 rapporter/2026-06-11/skjermbilder-monkey/monkey-pre-submit-6.png
 create mode 100644 rapporter/2026-06-11/skjermbilder-monkey/monkey-pre-submit-7.png
 create mode 100644 rapporter/2026-06-11/skjermbilder-negativ/negativ-mobil-7.png
 create mode 100644 rapporter/2026-06-11/skjermbilder-negativ/negativ-reload-krasj-6.png
 create mode 100644 rapporter/2026-06-11/skjermbilder-negativ/negativ-soknad-direkte-krasj-5.png
 create mode 100644 rapporter/2026-06-11/skjermbilder-negativ/negativ-url-ingen-feilside-1.png
 create mode 100644 rapporter/2026-06-11/skjermbilder-negativ/negativ-url-ingen-feilside-2.png
 create mode 100644 rapporter/2026-06-11/skjermbilder-negativ/negativ-url-ingen-feilside-3.png
 create mode 100644 rapporter/2026-06-11/skjermbilder-negativ/negativ-url-ingen-feilside-4.png
 create mode 100644 rapporter/2026-06-11/skjermbilder/innlogging-steg-1.png
 create mode 100644 rapporter/2026-06-11/skjermbilder/innlogging-steg-2.png
 create mode 100644 rapporter/2026-06-11/skjermbilder/innlogging-steg-3.png
 create mode 100644 rapporter/2026-06-11/skjermbilder/innlogging-steg-4.png
 create mode 100644 rapporter/2026-06-11/skjermbilder/innlogging-steg-5.png
 create mode 100644 rapporter/2026-06-11/skjermbilder/s1-doede-lenker-element.png
 create mode 100644 rapporter/2026-06-11/skjermbilder/s1-doede-lenker-side.png
 create mode 100644 rapporter/2026-06-11/skjermbilder/s10-doede-lenker-side.png
 create mode 100644 rapporter/2026-06-11/skjermbilder/s11-doede-lenker-side.png
 create mode 100644 rapporter/2026-06-11/skjermbilder/s12-doede-lenker-side.png
 create mode 100644 rapporter/2026-06-11/skjermbilder/s13-doede-lenker-side.png
 create mode 100644 rapporter/2026-06-11/skjermbilder/s14-doede-lenker-element.png
 create mode 100644 rapporter/2026-06-11/skjermbilder/s14-doede-lenker-side.png
 create mode 100644 rapporter/2026-06-11/skjermbilder/s15-button-name-0-side.png
 create mode 100644 rapporter/2026-06-11/skjermbilder/s15-doede-lenker-side.png
 create mode 100644 rapporter/2026-06-11/skjermbilder/s15-link-name-1-element.png
 create mode 100644 rapporter/2026-06-11/skjermbilder/s15-link-name-1-side.png
 create mode 100644 rapporter/2026-06-11/skjermbilder/s15-role-img-alt-2-element.png
 create mode 100644 rapporter/2026-06-11/skjermbilder/s15-role-img-alt-2-side.png
 create mode 100644 rapporter/2026-06-11/skjermbilder/s16-button-name-0-side.png
 create mode 100644 rapporter/2026-06-11/skjermbilder/s16-doede-lenker-side.png
 create mode 100644 rapporter/2026-06-11/skjermbilder/s16-link-name-1-element.png
 create mode 100644 rapporter/2026-06-11/skjermbilder/s16-link-name-1-side.png
 create mode 100644 rapporter/2026-06-11/skjermbilder/s16-role-img-alt-2-element.png
 create mode 100644 rapporter/2026-06-11/skjermbilder/s16-role-img-alt-2-side.png
 create mode 100644 rapporter/2026-06-11/skjermbilder/s17-doede-lenker-side.png
 create mode 100644 rapporter/2026-06-11/skjermbilder/s17-link-name-0-element.png
 create mode 100644 rapporter/2026-06-11/skjermbilder/s17-link-name-0-side.png
 create mode 100644 rapporter/2026-06-11/skjermbilder/s17-role-img-alt-1-element.png
 create mode 100644 rapporter/2026-06-11/skjermbilder/s17-role-img-alt-1-side.png
 create mode 100644 rapporter/2026-06-11/skjermbilder/s18-doede-lenker-side.png
 create mode 100644 rapporter/2026-06-11/skjermbilder/s18-link-name-0-element.png
 create mode 100644 rapporter/2026-06-11/skjermbilder/s18-link-name-0-side.png
 create mode 100644 rapporter/2026-06-11/skjermbilder/s18-role-img-alt-1-element.png
 create mode 100644 rapporter/2026-06-11/skjermbilder/s18-role-img-alt-1-side.png
 create mode 100644 rapporter/2026-06-11/skjermbilder/s19-doede-lenker-side.png
 create mode 100644 rapporter/2026-06-11/skjermbilder/s19-link-name-0-element.png
 create mode 100644 rapporter/2026-06-11/skjermbilder/s19-link-name-0-side.png
 create mode 100644 rapporter/2026-06-11/skjermbilder/s19-role-img-alt-1-element.png
 create mode 100644 rapporter/2026-06-11/skjermbilder/s19-role-img-alt-1-side.png
 create mode 100644 rapporter/2026-06-11/skjermbilder/s2-doede-lenker-side.png
 create mode 100644 rapporter/2026-06-11/skjermbilder/s20-button-name-0-side.png
 create mode 100644 rapporter/2026-06-11/skjermbilder/s20-doede-lenker-side.png
 create mode 100644 rapporter/2026-06-11/skjermbilder/s20-link-name-1-element.png
 create mode 100644 rapporter/2026-06-11/skjermbilder/s20-link-name-1-side.png
 create mode 100644 rapporter/2026-06-11/skjermbilder/s20-role-img-alt-2-element.png
 create mode 100644 rapporter/2026-06-11/skjermbilder/s20-role-img-alt-2-side.png
 create mode 100644 rapporter/2026-06-11/skjermbilder/s3-doede-lenker-side.png
 create mode 100644 rapporter/2026-06-11/skjermbilder/s4-doede-lenker-element.png
 create mode 100644 rapporter/2026-06-11/skjermbilder/s4-doede-lenker-side.png
 create mode 100644 rapporter/2026-06-11/skjermbilder/s5-doede-lenker-side.png
 create mode 100644 rapporter/2026-06-11/skjermbilder/s6-doede-lenker-element.png
 create mode 100644 rapporter/2026-06-11/skjermbilder/s6-doede-lenker-side.png
 create mode 100644 rapporter/2026-06-11/skjermbilder/s7-doede-lenker-element.png
 create mode 100644 rapporter/2026-06-11/skjermbilder/s7-doede-lenker-side.png
 create mode 100644 rapporter/2026-06-11/skjermbilder/s8-doede-lenker-side.png
 create mode 100644 rapporter/2026-06-11/skjermbilder/s9-doede-lenker-side.png
 create mode 100644 rapporter/2026-06-11/uu-rapport-08-30.html
 create mode 100644 rapporter/2026-06-11/uu-rapport.html
 create mode 100644 rapporter/2026-06-11/ytelse-rapport.html
 create mode 100644 rapporter/2026-06-11/ytelse-resultat.json
[main 3e9920c] Daglig UU-rapport 2026-06-15 [skip ci]
 156 files changed, 44581 insertions(+), 1325 deletions(-)
 create mode 100644 docs/arkiv/2026-06-15/brukerhistorie-rapport.html
 create mode 100644 docs/arkiv/2026-06-15/monkey-rapport-08-31.html
 create mode 100644 docs/arkiv/2026-06-15/monkey-rapport.html
 create mode 100644 docs/arkiv/2026-06-15/negativ-rapport-08-34.html
 create mode 100644 docs/arkiv/2026-06-15/negativ-rapport.html
 create mode 100644 docs/arkiv/2026-06-15/sikkerhet-rapport-08-34.html
 create mode 100644 docs/arkiv/2026-06-15/sikkerhet-rapport.html
 create mode 100644 docs/arkiv/2026-06-15/skjermbilder-monkey/monkey-pre-submit-1.png
 create mode 100644 docs/arkiv/2026-06-15/skjermbilder-negativ/negativ-mobil-14.png
 create mode 100644 docs/arkiv/2026-06-15/skjermbilder-negativ/negativ-mobil-7.png
 create mode 100644 docs/arkiv/2026-06-15/skjermbilder-negativ/negativ-reload-krasj-13.png
 create mode 100644 docs/arkiv/2026-06-15/skjermbilder-negativ/negativ-reload-krasj-6.png
 create mode 100644 docs/arkiv/2026-06-15/skjermbilder-negativ/negativ-soknad-direkte-krasj-12.png
 create mode 100644 docs/arkiv/2026-06-15/skjermbilder-negativ/negativ-soknad-direkte-krasj-5.png
 create mode 100644 docs/arkiv/2026-06-15/skjermbilder-negativ/negativ-url-ingen-feilside-1.png
 create mode 100644 docs/arkiv/2026-06-15/skjermbilder-negativ/negativ-url-ingen-feilside-10.png
 create mode 100644 docs/arkiv/2026-06-15/skjermbilder-negativ/negativ-url-ingen-feilside-11.png
 create mode 100644 docs/arkiv/2026-06-15/skjermbilder-negativ/negativ-url-ingen-feilside-2.png
 create mode 100644 docs/arkiv/2026-06-15/skjermbilder-negativ/negativ-url-ingen-feilside-3.png
 create mode 100644 docs/arkiv/2026-06-15/skjermbilder-negativ/negativ-url-ingen-feilside-4.png
 create mode 100644 docs/arkiv/2026-06-15/skjermbilder-negativ/negativ-url-ingen-feilside-8.png
 create mode 100644 docs/arkiv/2026-06-15/skjermbilder-negativ/negativ-url-ingen-feilside-9.png
 create mode 100644 docs/arkiv/2026-06-15/skjermbilder/innlogging-steg-1.png
 create mode 100644 docs/arkiv/2026-06-15/skjermbilder/innlogging-steg-2.png
 create mode 100644 docs/arkiv/2026-06-15/skjermbilder/innlogging-steg-3.png
 create mode 100644 docs/arkiv/2026-06-15/skjermbilder/innlogging-steg-4.png
 create mode 100644 docs/arkiv/2026-06-15/skjermbilder/innlogging-steg-5.png
 create mode 100644 docs/arkiv/2026-06-15/skjermbilder/s10-doede-lenker-side.png
 create mode 100644 docs/arkiv/2026-06-15/skjermbilder/s11-doede-lenker-side.png
 create mode 100644 docs/arkiv/2026-06-15/skjermbilder/s12-doede-lenker-side.png
 create mode 100644 docs/arkiv/2026-06-15/skjermbilder/s13-doede-lenker-side.png
 create mode 100644 docs/arkiv/2026-06-15/skjermbilder/s15-button-name-0-side.png
 create mode 100644 docs/arkiv/2026-06-15/skjermbilder/s15-link-name-1-element.png
 create mode 100644 docs/arkiv/2026-06-15/skjermbilder/s15-link-name-1-side.png
 create mode 100644 docs/arkiv/2026-06-15/skjermbilder/s15-role-img-alt-2-element.png
 create mode 100644 docs/arkiv/2026-06-15/skjermbilder/s15-role-img-alt-2-side.png
 create mode 100644 docs/arkiv/2026-06-15/skjermbilder/s16-button-name-0-side.png
 create mode 100644 docs/arkiv/2026-06-15/skjermbilder/s16-link-name-1-element.png
 create mode 100644 docs/arkiv/2026-06-15/skjermbilder/s16-link-name-1-side.png
 create mode 100644 docs/arkiv/2026-06-15/skjermbilder/s16-role-img-alt-2-element.png
 create mode 100644 docs/arkiv/2026-06-15/skjermbilder/s16-role-img-alt-2-side.png
 create mode 100644 docs/arkiv/2026-06-15/skjermbilder/s17-link-name-0-element.png
 create mode 100644 docs/arkiv/2026-06-15/skjermbilder/s17-link-name-0-side.png
 create mode 100644 docs/arkiv/2026-06-15/skjermbilder/s17-role-img-alt-1-element.png
 create mode 100644 docs/arkiv/2026-06-15/skjermbilder/s17-role-img-alt-1-side.png
 create mode 100644 docs/arkiv/2026-06-15/skjermbilder/s18-link-name-0-element.png
 create mode 100644 docs/arkiv/2026-06-15/skjermbilder/s18-link-name-0-side.png
 create mode 100644 docs/arkiv/2026-06-15/skjermbilder/s18-role-img-alt-1-element.png
 create mode 100644 docs/arkiv/2026-06-15/skjermbilder/s18-role-img-alt-1-side.png
 create mode 100644 docs/arkiv/2026-06-15/skjermbilder/s19-link-name-0-element.png
 create mode 100644 docs/arkiv/2026-06-15/skjermbilder/s19-link-name-0-side.png
 create mode 100644 docs/arkiv/2026-06-15/skjermbilder/s19-role-img-alt-1-element.png
 create mode 100644 docs/arkiv/2026-06-15/skjermbilder/s19-role-img-alt-1-side.png
 create mode 100644 docs/arkiv/2026-06-15/skjermbilder/s20-button-name-0-side.png
 create mode 100644 docs/arkiv/2026-06-15/skjermbilder/s20-link-name-1-element.png
 create mode 100644 docs/arkiv/2026-06-15/skjermbilder/s20-link-name-1-side.png
 create mode 100644 docs/arkiv/2026-06-15/skjermbilder/s20-role-img-alt-2-element.png
 create mode 100644 docs/arkiv/2026-06-15/skjermbilder/s20-role-img-alt-2-side.png
 create mode 100644 docs/arkiv/2026-06-15/skjermbilder/s8-doede-lenker-side.png
 create mode 100644 docs/arkiv/2026-06-15/uu-rapport-08-30.html
 create mode 100644 docs/arkiv/2026-06-15/uu-rapport.html
 create mode 100644 docs/arkiv/2026-06-15/ytelse-rapport.html
 create mode 100644 rapporter/2026-06-15/brukerhistorie-rapport.html
 create mode 100644 rapporter/2026-06-15/brukerhistorie-resultat.json
 create mode 100644 rapporter/2026-06-15/monkey-rapport-08-31.html
 create mode 100644 rapporter/2026-06-15/monkey-rapport.html
 create mode 100644 rapporter/2026-06-15/monkey-resultat-08-31.json
 create mode 100644 rapporter/2026-06-15/monkey-resultat.json
 create mode 100644 rapporter/2026-06-15/negativ-rapport-08-34.html
 create mode 100644 rapporter/2026-06-15/negativ-rapport.html
 create mode 100644 rapporter/2026-06-15/negativ-resultat-08-34.json
 create mode 100644 rapporter/2026-06-15/negativ-resultat.json
 create mode 100644 rapporter/2026-06-15/resultat-08-30.json
 create mode 100644 rapporter/2026-06-15/resultat.json
 create mode 100644 rapporter/2026-06-15/sikkerhet-rapport-08-34.html
 create mode 100644 rapporter/2026-06-15/sikkerhet-rapport.html
 create mode 100644 rapporter/2026-06-15/sikkerhet-resultat-08-34.json
 create mode 100644 rapporter/2026-06-15/sikkerhet-resultat.json
 create mode 100644 rapporter/2026-06-15/skjermbilder-monkey/monkey-pre-submit-1.png
 create mode 100644 rapporter/2026-06-15/skjermbilder-negativ/negativ-mobil-14.png
 create mode 100644 rapporter/2026-06-15/skjermbilder-negativ/negativ-mobil-7.png
 create mode 100644 rapporter/2026-06-15/skjermbilder-negativ/negativ-reload-krasj-13.png
 create mode 100644 rapporter/2026-06-15/skjermbilder-negativ/negativ-reload-krasj-6.png
 create mode 100644 rapporter/2026-06-15/skjermbilder-negativ/negativ-soknad-direkte-krasj-12.png
 create mode 100644 rapporter/2026-06-15/skjermbilder-negativ/negativ-soknad-direkte-krasj-5.png
 create mode 100644 rapporter/2026-06-15/skjermbilder-negativ/negativ-url-ingen-feilside-1.png
 create mode 100644 rapporter/2026-06-15/skjermbilder-negativ/negativ-url-ingen-feilside-10.png
 create mode 100644 rapporter/2026-06-15/skjermbilder-negativ/negativ-url-ingen-feilside-11.png
 create mode 100644 rapporter/2026-06-15/skjermbilder-negativ/negativ-url-ingen-feilside-2.png
 create mode 100644 rapporter/2026-06-15/skjermbilder-negativ/negativ-url-ingen-feilside-3.png
 create mode 100644 rapporter/2026-06-15/skjermbilder-negativ/negativ-url-ingen-feilside-4.png
 create mode 100644 rapporter/2026-06-15/skjermbilder-negativ/negativ-url-ingen-feilside-8.png
 create mode 100644 rapporter/2026-06-15/skjermbilder-negativ/negativ-url-ingen-feilside-9.png
 create mode 100644 rapporter/2026-06-15/skjermbilder/innlogging-steg-1.png
 create mode 100644 rapporter/2026-06-15/skjermbilder/innlogging-steg-2.png
 create mode 100644 rapporter/2026-06-15/skjermbilder/innlogging-steg-3.png
 create mode 100644 rapporter/2026-06-15/skjermbilder/innlogging-steg-4.png
 create mode 100644 rapporter/2026-06-15/skjermbilder/innlogging-steg-5.png
 create mode 100644 rapporter/2026-06-15/skjermbilder/s10-doede-lenker-side.png
 create mode 100644 rapporter/2026-06-15/skjermbilder/s11-doede-lenker-side.png
 create mode 100644 rapporter/2026-06-15/skjermbilder/s12-doede-lenker-side.png
 create mode 100644 rapporter/2026-06-15/skjermbilder/s13-doede-lenker-side.png
 create mode 100644 rapporter/2026-06-15/skjermbilder/s15-button-name-0-side.png
 create mode 100644 rapporter/2026-06-15/skjermbilder/s15-link-name-1-element.png
 create mode 100644 rapporter/2026-06-15/skjermbilder/s15-link-name-1-side.png
 create mode 100644 rapporter/2026-06-15/skjermbilder/s15-role-img-alt-2-element.png
 create mode 100644 rapporter/2026-06-15/skjermbilder/s15-role-img-alt-2-side.png
 create mode 100644 rapporter/2026-06-15/skjermbilder/s16-button-name-0-side.png
 create mode 100644 rapporter/2026-06-15/skjermbilder/s16-link-name-1-element.png
 create mode 100644 rapporter/2026-06-15/skjermbilder/s16-link-name-1-side.png
 create mode 100644 rapporter/2026-06-15/skjermbilder/s16-role-img-alt-2-element.png
 create mode 100644 rapporter/2026-06-15/skjermbilder/s16-role-img-alt-2-side.png
 create mode 100644 rapporter/2026-06-15/skjermbilder/s17-link-name-0-element.png
 create mode 100644 rapporter/2026-06-15/skjermbilder/s17-link-name-0-side.png
 create mode 100644 rapporter/2026-06-15/skjermbilder/s17-role-img-alt-1-element.png
 create mode 100644 rapporter/2026-06-15/skjermbilder/s17-role-img-alt-1-side.png
 create mode 100644 rapporter/2026-06-15/skjermbilder/s18-link-name-0-element.png
 create mode 100644 rapporter/2026-06-15/skjermbilder/s18-link-name-0-side.png
 create mode 100644 rapporter/2026-06-15/skjermbilder/s18-role-img-alt-1-element.png
 create mode 100644 rapporter/2026-06-15/skjermbilder/s18-role-img-alt-1-side.png
 create mode 100644 rapporter/2026-06-15/skjermbilder/s19-link-name-0-element.png
 create mode 100644 rapporter/2026-06-15/skjermbilder/s19-link-name-0-side.png
 create mode 100644 rapporter/2026-06-15/skjermbilder/s19-role-img-alt-1-element.png
 create mode 100644 rapporter/2026-06-15/skjermbilder/s19-role-img-alt-1-side.png
 create mode 100644 rapporter/2026-06-15/skjermbilder/s20-button-name-0-side.png
 create mode 100644 rapporter/2026-06-15/skjermbilder/s20-link-name-1-element.png
 create mode 100644 rapporter/2026-06-15/skjermbilder/s20-link-name-1-side.png
 create mode 100644 rapporter/2026-06-15/skjermbilder/s20-role-img-alt-2-element.png
 create mode 100644 rapporter/2026-06-15/skjermbilder/s20-role-img-alt-2-side.png
 create mode 100644 rapporter/2026-06-15/skjermbilder/s8-doede-lenker-side.png
 create mode 100644 rapporter/2026-06-15/uu-rapport-08-30.html
 create mode 100644 rapporter/2026-06-15/uu-rapport.html
 create mode 100644 rapporter/2026-06-15/ytelse-rapport.html
 create mode 100644 rapporter/2026-06-15/ytelse-resultat.json
[main 23c670c] Daglig UU-rapport 2026-06-16 [skip ci]
 52 files changed, 13384 insertions(+), 1249 deletions(-)
 create mode 100644 docs/arkiv/2026-06-16/brukerhistorie-rapport.html
 create mode 100644 docs/arkiv/2026-06-16/monkey-rapport-08-31.html
 create mode 100644 docs/arkiv/2026-06-16/monkey-rapport.html
 create mode 100644 docs/arkiv/2026-06-16/negativ-rapport-08-31.html
 create mode 100644 docs/arkiv/2026-06-16/negativ-rapport.html
 create mode 100644 docs/arkiv/2026-06-16/sikkerhet-rapport-08-31.html
 create mode 100644 docs/arkiv/2026-06-16/sikkerhet-rapport.html
 create mode 100644 docs/arkiv/2026-06-16/skjermbilder-negativ/negativ-mobil-14.png
 create mode 100644 docs/arkiv/2026-06-16/skjermbilder-negativ/negativ-mobil-7.png
 create mode 100644 docs/arkiv/2026-06-16/skjermbilder-negativ/negativ-reload-krasj-13.png
 create mode 100644 docs/arkiv/2026-06-16/skjermbilder-negativ/negativ-reload-krasj-6.png
 create mode 100644 docs/arkiv/2026-06-16/skjermbilder-negativ/negativ-soknad-direkte-krasj-12.png
 create mode 100644 docs/arkiv/2026-06-16/skjermbilder-negativ/negativ-soknad-direkte-krasj-5.png
 create mode 100644 docs/arkiv/2026-06-16/skjermbilder-negativ/negativ-url-ingen-feilside-1.png
 create mode 100644 docs/arkiv/2026-06-16/skjermbilder-negativ/negativ-url-ingen-feilside-10.png
 create mode 100644 docs/arkiv/2026-06-16/skjermbilder-negativ/negativ-url-ingen-feilside-11.png
 create mode 100644 docs/arkiv/2026-06-16/skjermbilder-negativ/negativ-url-ingen-feilside-2.png
 create mode 100644 docs/arkiv/2026-06-16/skjermbilder-negativ/negativ-url-ingen-feilside-3.png
 create mode 100644 docs/arkiv/2026-06-16/skjermbilder-negativ/negativ-url-ingen-feilside-4.png
 create mode 100644 docs/arkiv/2026-06-16/skjermbilder-negativ/negativ-url-ingen-feilside-8.png
 create mode 100644 docs/arkiv/2026-06-16/skjermbilder-negativ/negativ-url-ingen-feilside-9.png
 create mode 100644 docs/arkiv/2026-06-16/ytelse-rapport.html
 create mode 100644 rapporter/2026-06-16/brukerhistorie-rapport.html
 create mode 100644 rapporter/2026-06-16/brukerhistorie-resultat.json
 create mode 100644 rapporter/2026-06-16/negativ-rapport-08-31.html
 create mode 100644 rapporter/2026-06-16/negativ-rapport.html
 create mode 100644 rapporter/2026-06-16/negativ-resultat-08-31.json
 create mode 100644 rapporter/2026-06-16/negativ-resultat.json
 create mode 100644 rapporter/2026-06-16/skjermbilder-negativ/negativ-mobil-14.png
 create mode 100644 rapporter/2026-06-16/skjermbilder-negativ/negativ-mobil-7.png
 create mode 100644 rapporter/2026-06-16/skjermbilder-negativ/negativ-reload-krasj-13.png
 create mode 100644 rapporter/2026-06-16/skjermbilder-negativ/negativ-reload-krasj-6.png
 create mode 100644 rapporter/2026-06-16/skjermbilder-negativ/negativ-soknad-direkte-krasj-12.png
 create mode 100644 rapporter/2026-06-16/skjermbilder-negativ/negativ-soknad-direkte-krasj-5.png
 create mode 100644 rapporter/2026-06-16/skjermbilder-negativ/negativ-url-ingen-feilside-1.png
 create mode 100644 rapporter/2026-06-16/skjermbilder-negativ/negativ-url-ingen-feilside-10.png
 create mode 100644 rapporter/2026-06-16/skjermbilder-negativ/negativ-url-ingen-feilside-11.png
 create mode 100644 rapporter/2026-06-16/skjermbilder-negativ/negativ-url-ingen-feilside-2.png
 create mode 100644 rapporter/2026-06-16/skjermbilder-negativ/negativ-url-ingen-feilside-3.png
 create mode 100644 rapporter/2026-06-16/skjermbilder-negativ/negativ-url-ingen-feilside-4.png
 create mode 100644 rapporter/2026-06-16/skjermbilder-negativ/negativ-url-ingen-feilside-8.png
 create mode 100644 rapporter/2026-06-16/skjermbilder-negativ/negativ-url-ingen-feilside-9.png
 create mode 100644 rapporter/2026-06-16/ytelse-rapport.html
 create mode 100644 rapporter/2026-06-16/ytelse-resultat.json
[main dd5732e] Daglig UU-rapport 2026-06-17 [skip ci]
 187 files changed, 38617 insertions(+), 1554 deletions(-)
 create mode 100644 docs/arkiv/2026-06-17/brukerhistorie-rapport.html
 create mode 100644 docs/arkiv/2026-06-17/monkey-rapport-08-31.html
 create mode 100644 docs/arkiv/2026-06-17/monkey-rapport.html
 create mode 100644 docs/arkiv/2026-06-17/negativ-rapport-08-34.html
 create mode 100644 docs/arkiv/2026-06-17/negativ-rapport.html
 create mode 100644 docs/arkiv/2026-06-17/sikkerhet-rapport-08-33.html
 create mode 100644 docs/arkiv/2026-06-17/sikkerhet-rapport.html
 create mode 100644 docs/arkiv/2026-06-17/skjermbilder-monkey/monkey-feilside-3.png
 create mode 100644 docs/arkiv/2026-06-17/skjermbilder-monkey/monkey-pre-submit-1.png
 create mode 100644 docs/arkiv/2026-06-17/skjermbilder-monkey/monkey-pre-submit-2.png
 create mode 100644 docs/arkiv/2026-06-17/skjermbilder-monkey/monkey-pre-submit-4.png
 create mode 100644 docs/arkiv/2026-06-17/skjermbilder-negativ/negativ-mobil-14.png
 create mode 100644 docs/arkiv/2026-06-17/skjermbilder-negativ/negativ-mobil-7.png
 create mode 100644 docs/arkiv/2026-06-17/skjermbilder-negativ/negativ-reload-krasj-13.png
 create mode 100644 docs/arkiv/2026-06-17/skjermbilder-negativ/negativ-reload-krasj-6.png
 create mode 100644 docs/arkiv/2026-06-17/skjermbilder-negativ/negativ-soknad-direkte-krasj-12.png
 create mode 100644 docs/arkiv/2026-06-17/skjermbilder-negativ/negativ-soknad-direkte-krasj-5.png
 create mode 100644 docs/arkiv/2026-06-17/skjermbilder-negativ/negativ-url-ingen-feilside-1.png
 create mode 100644 docs/arkiv/2026-06-17/skjermbilder-negativ/negativ-url-ingen-feilside-10.png
 create mode 100644 docs/arkiv/2026-06-17/skjermbilder-negativ/negativ-url-ingen-feilside-11.png
 create mode 100644 docs/arkiv/2026-06-17/skjermbilder-negativ/negativ-url-ingen-feilside-2.png
 create mode 100644 docs/arkiv/2026-06-17/skjermbilder-negativ/negativ-url-ingen-feilside-3.png
 create mode 100644 docs/arkiv/2026-06-17/skjermbilder-negativ/negativ-url-ingen-feilside-4.png
 create mode 100644 docs/arkiv/2026-06-17/skjermbilder-negativ/negativ-url-ingen-feilside-8.png
 create mode 100644 docs/arkiv/2026-06-17/skjermbilder-negativ/negativ-url-ingen-feilside-9.png
 create mode 100644 docs/arkiv/2026-06-17/skjermbilder/innlogging-steg-1.png
 create mode 100644 docs/arkiv/2026-06-17/skjermbilder/innlogging-steg-2.png
 create mode 100644 docs/arkiv/2026-06-17/skjermbilder/innlogging-steg-3.png
 create mode 100644 docs/arkiv/2026-06-17/skjermbilder/innlogging-steg-4.png
 create mode 100644 docs/arkiv/2026-06-17/skjermbilder/innlogging-steg-5.png
 create mode 100644 docs/arkiv/2026-06-17/skjermbilder/s10-doede-lenker-side.png
 create mode 100644 docs/arkiv/2026-06-17/skjermbilder/s11-doede-lenker-side.png
 create mode 100644 docs/arkiv/2026-06-17/skjermbilder/s12-doede-lenker-side.png
 create mode 100644 docs/arkiv/2026-06-17/skjermbilder/s13-doede-lenker-side.png
 create mode 100644 docs/arkiv/2026-06-17/skjermbilder/s15-button-name-0-side.png
 create mode 100644 docs/arkiv/2026-06-17/skjermbilder/s15-link-name-1-element.png
 create mode 100644 docs/arkiv/2026-06-17/skjermbilder/s15-link-name-1-side.png
 create mode 100644 docs/arkiv/2026-06-17/skjermbilder/s15-role-img-alt-2-element.png
 create mode 100644 docs/arkiv/2026-06-17/skjermbilder/s15-role-img-alt-2-side.png
 create mode 100644 docs/arkiv/2026-06-17/skjermbilder/s16-button-name-0-side.png
 create mode 100644 docs/arkiv/2026-06-17/skjermbilder/s16-link-name-1-element.png
 create mode 100644 docs/arkiv/2026-06-17/skjermbilder/s16-link-name-1-side.png
 create mode 100644 docs/arkiv/2026-06-17/skjermbilder/s16-role-img-alt-2-element.png
 create mode 100644 docs/arkiv/2026-06-17/skjermbilder/s16-role-img-alt-2-side.png
 create mode 100644 docs/arkiv/2026-06-17/skjermbilder/s17-link-name-0-element.png
 create mode 100644 docs/arkiv/2026-06-17/skjermbilder/s17-link-name-0-side.png
 create mode 100644 docs/arkiv/2026-06-17/skjermbilder/s17-role-img-alt-1-element.png
 create mode 100644 docs/arkiv/2026-06-17/skjermbilder/s17-role-img-alt-1-side.png
 create mode 100644 docs/arkiv/2026-06-17/skjermbilder/s18-link-name-0-element.png
 create mode 100644 docs/arkiv/2026-06-17/skjermbilder/s18-link-name-0-side.png
 create mode 100644 docs/arkiv/2026-06-17/skjermbilder/s18-role-img-alt-1-element.png
 create mode 100644 docs/arkiv/2026-06-17/skjermbilder/s18-role-img-alt-1-side.png
 create mode 100644 docs/arkiv/2026-06-17/skjermbilder/s19-link-name-0-element.png
 create mode 100644 docs/arkiv/2026-06-17/skjermbilder/s19-link-name-0-side.png
 create mode 100644 docs/arkiv/2026-06-17/skjermbilder/s19-role-img-alt-1-element.png
 create mode 100644 docs/arkiv/2026-06-17/skjermbilder/s19-role-img-alt-1-side.png
 create mode 100644 docs/arkiv/2026-06-17/skjermbilder/s20-link-name-0-element.png
 create mode 100644 docs/arkiv/2026-06-17/skjermbilder/s20-link-name-0-side.png
 create mode 100644 docs/arkiv/2026-06-17/skjermbilder/s20-role-img-alt-1-element.png
 create mode 100644 docs/arkiv/2026-06-17/skjermbilder/s20-role-img-alt-1-side.png
 create mode 100644 docs/arkiv/2026-06-17/skjermbilder/s8-doede-lenker-side.png
 create mode 100644 docs/arkiv/2026-06-17/uu-rapport-08-30.html
 create mode 100644 docs/arkiv/2026-06-17/uu-rapport.html
 create mode 100644 docs/arkiv/2026-06-17/ytelse-rapport.html
 create mode 100644 rapporter/2026-06-17/brukerhistorie-rapport.html
 create mode 100644 rapporter/2026-06-17/brukerhistorie-resultat.json
 create mode 100644 rapporter/2026-06-17/monkey-rapport-08-31.html
 create mode 100644 rapporter/2026-06-17/monkey-rapport.html
 create mode 100644 rapporter/2026-06-17/monkey-resultat-08-31.json
 create mode 100644 rapporter/2026-06-17/monkey-resultat.json
 create mode 100644 rapporter/2026-06-17/negativ-rapport-08-34.html
 create mode 100644 rapporter/2026-06-17/negativ-rapport.html
 create mode 100644 rapporter/2026-06-17/negativ-resultat-08-34.json
 create mode 100644 rapporter/2026-06-17/negativ-resultat.json
 create mode 100644 rapporter/2026-06-17/resultat-08-30.json
 create mode 100644 rapporter/2026-06-17/resultat.json
 create mode 100644 rapporter/2026-06-17/sikkerhet-rapport-08-33.html
 create mode 100644 rapporter/2026-06-17/sikkerhet-rapport.html
 create mode 100644 rapporter/2026-06-17/sikkerhet-resultat-08-33.json
 create mode 100644 rapporter/2026-06-17/sikkerhet-resultat.json
 create mode 100644 rapporter/2026-06-17/skjermbilder-monkey/monkey-feilside-3.png
 create mode 100644 rapporter/2026-06-17/skjermbilder-monkey/monkey-pre-submit-1.png
 create mode 100644 rapporter/2026-06-17/skjermbilder-monkey/monkey-pre-submit-2.png
 create mode 100644 rapporter/2026-06-17/skjermbilder-monkey/monkey-pre-submit-4.png
 create mode 100644 rapporter/2026-06-17/skjermbilder-negativ/negativ-mobil-14.png
 create mode 100644 rapporter/2026-06-17/skjermbilder-negativ/negativ-mobil-7.png
 create mode 100644 rapporter/2026-06-17/skjermbilder-negativ/negativ-reload-krasj-13.png
 create mode 100644 rapporter/2026-06-17/skjermbilder-negativ/negativ-reload-krasj-6.png
 create mode 100644 rapporter/2026-06-17/skjermbilder-negativ/negativ-soknad-direkte-krasj-12.png
 create mode 100644 rapporter/2026-06-17/skjermbilder-negativ/negativ-soknad-direkte-krasj-5.png
 create mode 100644 rapporter/2026-06-17/skjermbilder-negativ/negativ-url-ingen-feilside-1.png
 create mode 100644 rapporter/2026-06-17/skjermbilder-negativ/negativ-url-ingen-feilside-10.png
 create mode 100644 rapporter/2026-06-17/skjermbilder-negativ/negativ-url-ingen-feilside-11.png
 create mode 100644 rapporter/2026-06-17/skjermbilder-negativ/negativ-url-ingen-feilside-2.png
 create mode 100644 rapporter/2026-06-17/skjermbilder-negativ/negativ-url-ingen-feilside-3.png
 create mode 100644 rapporter/2026-06-17/skjermbilder-negativ/negativ-url-ingen-feilside-4.png
 create mode 100644 rapporter/2026-06-17/skjermbilder-negativ/negativ-url-ingen-feilside-8.png
 create mode 100644 rapporter/2026-06-17/skjermbilder-negativ/negativ-url-ingen-feilside-9.png
 create mode 100644 rapporter/2026-06-17/skjermbilder-tilfeldig/s10-doede-lenker-side.png
 create mode 100644 rapporter/2026-06-17/skjermbilder-tilfeldig/s11-doede-lenker-side.png
 create mode 100644 rapporter/2026-06-17/skjermbilder-tilfeldig/s12-doede-lenker-side.png
 create mode 100644 rapporter/2026-06-17/skjermbilder-tilfeldig/s13-doede-lenker-side.png
 create mode 100644 rapporter/2026-06-17/skjermbilder-tilfeldig/s17-document-title-0-element.png
 create mode 100644 rapporter/2026-06-17/skjermbilder-tilfeldig/s17-document-title-0-side.png
 create mode 100644 rapporter/2026-06-17/skjermbilder-tilfeldig/s17-html-has-lang-1-element.png
 create mode 100644 rapporter/2026-06-17/skjermbilder-tilfeldig/s17-html-has-lang-1-side.png
 create mode 100644 rapporter/2026-06-17/skjermbilder-tilfeldig/s17-landmark-one-main-2-element.png
 create mode 100644 rapporter/2026-06-17/skjermbilder-tilfeldig/s17-landmark-one-main-2-side.png
 create mode 100644 rapporter/2026-06-17/skjermbilder-tilfeldig/s17-page-has-heading-one-3-element.png
 create mode 100644 rapporter/2026-06-17/skjermbilder-tilfeldig/s17-page-has-heading-one-3-side.png
 create mode 100644 rapporter/2026-06-17/skjermbilder-tilfeldig/s17-region-4-element.png
 create mode 100644 rapporter/2026-06-17/skjermbilder-tilfeldig/s17-region-4-side.png
 create mode 100644 rapporter/2026-06-17/skjermbilder-tilfeldig/s8-doede-lenker-side.png
 create mode 100644 rapporter/2026-06-17/skjermbilder/innlogging-steg-1.png
 create mode 100644 rapporter/2026-06-17/skjermbilder/innlogging-steg-2.png
 create mode 100644 rapporter/2026-06-17/skjermbilder/innlogging-steg-3.png
 create mode 100644 rapporter/2026-06-17/skjermbilder/innlogging-steg-4.png
 create mode 100644 rapporter/2026-06-17/skjermbilder/innlogging-steg-5.png
 create mode 100644 rapporter/2026-06-17/skjermbilder/s10-doede-lenker-side.png
 create mode 100644 rapporter/2026-06-17/skjermbilder/s11-doede-lenker-side.png
 create mode 100644 rapporter/2026-06-17/skjermbilder/s12-doede-lenker-side.png
 create mode 100644 rapporter/2026-06-17/skjermbilder/s13-doede-lenker-side.png
 create mode 100644 rapporter/2026-06-17/skjermbilder/s15-button-name-0-side.png
 create mode 100644 rapporter/2026-06-17/skjermbilder/s15-link-name-1-element.png
 create mode 100644 rapporter/2026-06-17/skjermbilder/s15-link-name-1-side.png
 create mode 100644 rapporter/2026-06-17/skjermbilder/s15-role-img-alt-2-element.png
 create mode 100644 rapporter/2026-06-17/skjermbilder/s15-role-img-alt-2-side.png
 create mode 100644 rapporter/2026-06-17/skjermbilder/s16-button-name-0-side.png
 create mode 100644 rapporter/2026-06-17/skjermbilder/s16-link-name-1-element.png
 create mode 100644 rapporter/2026-06-17/skjermbilder/s16-link-name-1-side.png
 create mode 100644 rapporter/2026-06-17/skjermbilder/s16-role-img-alt-2-element.png
 create mode 100644 rapporter/2026-06-17/skjermbilder/s16-role-img-alt-2-side.png
 create mode 100644 rapporter/2026-06-17/skjermbilder/s17-link-name-0-element.png
 create mode 100644 rapporter/2026-06-17/skjermbilder/s17-link-name-0-side.png
 create mode 100644 rapporter/2026-06-17/skjermbilder/s17-role-img-alt-1-element.png
 create mode 100644 rapporter/2026-06-17/skjermbilder/s17-role-img-alt-1-side.png
 create mode 100644 rapporter/2026-06-17/skjermbilder/s18-link-name-0-element.png
 create mode 100644 rapporter/2026-06-17/skjermbilder/s18-link-name-0-side.png
 create mode 100644 rapporter/2026-06-17/skjermbilder/s18-role-img-alt-1-element.png
 create mode 100644 rapporter/2026-06-17/skjermbilder/s18-role-img-alt-1-side.png
 create mode 100644 rapporter/2026-06-17/skjermbilder/s19-link-name-0-element.png
 create mode 100644 rapporter/2026-06-17/skjermbilder/s19-link-name-0-side.png
 create mode 100644 rapporter/2026-06-17/skjermbilder/s19-role-img-alt-1-element.png
 create mode 100644 rapporter/2026-06-17/skjermbilder/s19-role-img-alt-1-side.png
 create mode 100644 rapporter/2026-06-17/skjermbilder/s20-link-name-0-element.png
 create mode 100644 rapporter/2026-06-17/skjermbilder/s20-link-name-0-side.png
 create mode 100644 rapporter/2026-06-17/skjermbilder/s20-role-img-alt-1-element.png
 create mode 100644 rapporter/2026-06-17/skjermbilder/s20-role-img-alt-1-side.png
 create mode 100644 rapporter/2026-06-17/skjermbilder/s8-doede-lenker-side.png
 create mode 100644 rapporter/2026-06-17/uu-rapport-08-30.html
 create mode 100644 rapporter/2026-06-17/uu-rapport.html
 create mode 100644 rapporter/2026-06-17/ytelse-rapport.html
 create mode 100644 rapporter/2026-06-17/ytelse-resultat.json
